text,rating,category
These are perfect for my diced potatoes for potato salad!,5.0,Home_Kitchen
"these are the 1st eyelashes I've had that fell apart when I washed them. I've been using eyelashes for several years now, and I've always washed them with a very gentle eye makeup remover, these lashes just started shedding & haven't stopped.",1.0,Beauty_Personal_Care
NOT working with existing Chime!!! This should be highlighted and shows on the box!,1.0,Electronics
"I am downgrading my star rating on this item to reflect the fact that this does not fit in my washing machine.  I have a fairly large front loader and this will not even allow me to close the door of the washer.  In order to keep using this product, I will have to take this to a laundromat or have it dry cleaned...money and time I don't want to waste.  If you have a super large washing machine, then this would be really nice.<br />_____________________________<br />I really like this mattress pad.  I thought I would be getting a mattress pad like the one I already had on my bed.  Oh my.  Was I wrong.  This mattress pad came in a huge box because it is very VERY plush.  It is very thick which I like since it adds another comfort layer to my bed.  It's also very soft.  I have a fairly deep mattress and was worried this would not fit and stay put on my bed, but it does.  I think this would stay put on a bed that was even deeper than my mattress.<br /><br />I will be watching the seams of this mattress pad as the part that wraps around the mattress side is not very thick, and I wonder how strong the seams are.  But so far so good.<br /><br />The only negative I can see about this mattress pad for some people might be the fact that you will not be able to fit this into your washing machine.  I have a front loader that is big enough to handle it, but not all washing machines would be big enough.<br /><br />The insert that came with the mattress pad says the following...&#34;Luxurious and soft, blended fabric to help regulate body temperature while allowing mattress to cool.  Mattress pad is filled with hypoallergenic alternative down cluster fibers, and the specially made skirt is made to fit mattress' up to 18&#34; deep&#34;.",2.0,Home_Kitchen
Perfect little bottles.  We are using these for our boy’a art project.,5.0,Home_Kitchen
Adorable and perfect for my china cabinet display.,5.0,Home_Kitchen
I bought these to decorate gingerbread houses. They were perfect.,5.0,Home_Kitchen
"Didn’t taste bad, absorbed really well!",5.0,Health_Household
This cleaner would not even play to clean!,2.0,Electronics
"My phone has a cloud or dark spot in the rear camera.  It's clearly a defect in the rear camera from out of the box new, which is a materials and workmanship problem.  I had to fight with them on the phone for hours to get them to agree to a warranty claim.  Then you know what?  They want me to ship them phone for a couple of weeks to see what they can do, and IF they decide it's not under warranty, they charge me?  So while it has a warranty, you can fully expect that it is a meaningless warranty from a company that does not stand behind it's products in a meaningful way.  They want you to pay full price for their flagship phone, and then not have it for weeks on end, and they don't see an issue with that in the slightest.  They literally told me ""we already have your money, so that's our policy. Take it or leave it.""  With that in mind, I recommend that if you buy a BLU product, consider it without warranty.  And god help you if you ever need to call into their worst-in-class support.",1.0,Cell_Phones
"...and that's about it.  Not very effective in the healing process, but if you want to ""slick up your ink"" to make it look sharper that's about all this stuff is good for.  Go with a quality healing lotion by Eucerin instead.",2.0,Beauty_Personal_Care
"My husband & I have 2 teenagers. So between the 4 of us, we have 4 Android phones, 4 tablets, & 4 laptops. We go through a lot of micro USB cables. Over the years, I have learned that not all USB cables are created equally! First of all, the plastic the covers the ends of the cables is a solid material. We have had several cables that with use, bend or break in the place where the actual cable meets. Since this is all one piece on the ends, that's not going to happen. The cable is a good length. It's long enough that if it's plugged in a lower outlet, it can still reach the end table, but it's not too long that you have a lot of excess cable getting in the way. I love that it's available in a few different colors. I selected the lime green one so it's very easy to see which cable is mine! And if anyone walks away with it, I know which child has it! At first I had this in my car with a car charger. But over the last week, I never was in my car for more than 10 minutes at a time, so I couldn't get an accurate feel for whether or not it was a fast syncing cable. This morning I brought it inside and plugged into one of our charging stations. My phone was at 50% so I was curious to learn how quickly it would charge using this cable. Within 10 minutes my phone had charged  an additional 10%. When I checked thirty minutes later, it was fully charged. I was quite pleased with that. I have a Nexus 5 phone and depending on where I am charging it, it often takes longer than that.<br /><br />*I received the Haweel Micro USB cable for the purpose of trying it out & reviewing it. My thoughts & opinions are my own.",5.0,Cell_Phones
"I decided to try Lemon Verbera, and I'm sorry I did.  Hoped for a lovely 🍋 lemon scent and got the exact opposite; no scent of lemon anywhere.",2.0,Health_Household
"I use this to stop pain. In fact, I use it mostly to stop shin and knee pain. The adjustable strap allows me to place the brace where I need it (below the painful area), the pad is comfortable, and the whole brace is lightweight, not bulky.",5.0,Health_Household
Cancelled my cable and using only my firestick!,5.0,Electronics
"Beautiful design, work wonderful, my son loves it",5.0,Electronics
Its okay. BUT it is NOT white by far. Its more like light gray to black!! Im kind of mad because I wanted the changing color to be white to black and that clearly isnt what it is as the description says!!!,2.0,Beauty_Personal_Care
"My son: ""Mommy, I wish I could have a pillow in the bath tub.  Wouldn't it be funny if they had pillows for the bath.""<br />Me: ""Actually, they do make pillows for the bathtub.""<br />My son: Mind. Blown.<br /><br />So, needless to say, he wanted one on his birthday list.  I happily obliged and ordered this Luxury Non-Slip Spa Bath Pillow For Tub with 5D Air Mesh Technology for his birthday.  Wrapped it up and he was excited to take a bath upon opening his gifts.  The box is nicely presented.  It comes with a plastic loofah and mesh bag.  The pillow is vacuum sealed.  Upon opening it up, I saw that the three of the five suction cups were bent, but I thought it's plastic, they'll stick.  Nope.  The suction cups are so distorted that they don't stick.  Only two of the three cups stick, so the pillow slides down and doesn't stay put.  This left my son extremely disappointed.  I did everything I could to try to manipulate the cups , but nothing.  The most I can get to stick is the top cup and the two bottom ones and the pillow still slips down.  My son still uses it by positioning it behind his back, but honestly I could just a towel and do that.  The point was to put this on tub he doesn't have to do that.  The pillow does feel soft and it drains and dries pretty quickly, so I'll give it that, but I'd find a different pillow.",1.0,Beauty_Personal_Care
The product is not even liquid resistant. At all. Very disappointed,5.0,Home_Kitchen
Took some serious head shaking and still didn't fall out!,5.0,Electronics
Just the right shade to replace my color that is no longer made,5.0,Beauty_Personal_Care
"So I thought I already posted this.<br />But I didn’t..<br />so read this for my details..<br />So this is the one that I did B4<br />But go to the BOTTOM for the fully updated review…<br /><br />But if I knew that this was made in China. I would have avoided buying this. So I will give it an A for the time it takes to charge. It’s not light. But it totally makes sense. Because of its power. But when I tried to contact this company. 0% luck. But because Amazon is an amazing company. They told me no worries. So let me tell what had happened. At first I thought it was my cord? But then it was loud and clear to me on this. So on the left side it would show it’s red. Or green. Basically that means that is giving power. And then, it would go out. Then I would change to the other side. The same thing happened. And I was going to give you an example of what I had experienced. When I tried to contact them. It says 8 to 4. But this is when it gets strange. Imagine seeing a number like this.. 23k 467 45678 as12. And I was like that cannot be America or even Europe. But just now when I tried to give you the message. Now when I use this name. It comes up. Exist.. no Lols!<br /><br />The only thing I will say positive. That I didn’t mind how much time it took to charge. But so at first I thought it was my BRAND NEW IPHONE 12. I called Apple. They correctly told me to contact that CHINESE company. So what I was doing first. I would switch it from 1 side to the other. Then it would light up. Then when I got home the battery was drained. I actually thought B4 that’s was my improper cord? No. I actually had to return them too. But YOU SHOULD ALL KNOW THAT I BOUGHT 4 OF THESE DREADFUL CHARGERS!<br />But I’m puzzled how almost 18,000 @ 4.5* and how this company has all the Awesome buzz words. But I was really impressed about its credentials. But now I have found another brand. That has even more power. And I believe I will get this in the beginning of SEPTEMBER!",1.0,Cell_Phones
"All I can say is ... ***WOW!***<br />This mask is amazing.  Makes my skin look amazing!<br />Geesh!  Honestly, never in my life, have I ever seen a mask do what this mask does. We're talking clean pores and clear skin in a MAJOR way.  After using this for almost a month, I'm about ready to trash some of my other masks.  (Yes, I would dump my expensive Borghese Fango Mud (check the price) for Kerafole. That's how GOOD it is.<br />This stuff *IS* amazing!<br />Deserves TEN stars.  Worth every penny!",5.0,Beauty_Personal_Care
"Save your money, it doesn’t look like the picture at all. It is triangle shaped  and the teeth are way too close together. Just used it on a small party of my hair and it dried it out horribly. Trash. Why can’t it look like a real comb?",1.0,Beauty_Personal_Care
"Best price I could find, they work great, packaged well",5.0,Home_Kitchen
It's a good product that I like.,5.0,Cell_Phones
"At once a week, one or both of my feet will start hurting. So, I am going to be ready for the next pain that shows up whenever it wants and hits one or both feet.",4.0,Health_Household
Not the best protection but very attractive,5.0,Cell_Phones
Best shower scrubbers I've ever boughten,5.0,Beauty_Personal_Care
"Well it's always hit and miss with candles. Yankee candles are a big one. This one was not my usual Midsummer's candle but I took a shot with this scent. The holder it's in is beautiful, but that's all the positive I can say about it. You absolutely cannot smell this. I have a large living room with very high ceilings and no smell but I wanted to see if that was the problem. I put the candle in my very small office and closed the door and let it burn. Several hours later I opened the door to smelling nothing until I walked right up on top of it. It's very disappointing because if it had throw it's a wonderful scent. I guess I wasted my money. That's my two cents for this product so I advise to stick to the scents you know about that work.",1.0,Home_Kitchen
"This stuff works great! My dishes come out cleaner than ever before when I use this. Its so simple to just add to the Pre-rinse compartment. My double insulated cups would always have a film on them with a regular wash, after using this... they look brand new. I love that I can know with SG it is the best clean product possible. I would highly recommend.",5.0,Health_Household
"Exactly what I ordered , perfect fit",5.0,Electronics
"This hits the mark when it comes to potency, with each capsule providing 50 billion CFUs. However, there's conflicting information with regard to the strains represented. On the bottle four ""proprietary"" strain groupings are listed; in the product listing it states there are 9 different strains consisting of Lactobacilli and Bifidobacteria varieties. I don't know which is correct, and I don't care for product bottle information to be vague about what's in the capsule.<br /><br />The other issue that is uncertain is whether this contains a prebiotic. In the product listing it states it includes FOS (a common prebiotic) but does not list the amount. On the bottle there's no mention at all of any prebiotic.<br /><br />Given the wide variety of probiotics on the market where the manufacturer is far more transparent as to what specifically is in the formulation, I don't consider this brand to be a good option. Since the potency level is very good, and it is a US-made product, I'll give it 2 stars, but limited and/or contradictory information in a health care product is not the hallmark of a good brand.",2.0,Health_Household
Perfect. Exactly what I needed.,5.0,Home_Kitchen
"Works as expected, no BS, hook it up and it just works.",5.0,Electronics
"I purchased this lamp from Electrified.com in July of this year.  Yes, the bulb seemed to shine a bit brighter at first (much to my delight).  But after two months the bulb started cutting off causing the tv to ""reset"".  I contacted Electrified.com and was told to send the lamp back (at my expense of course) and they would send me another lamp.  This they did but after two more months...the 2nd lamp went out also!  So, I contacted Electrified.com again telling them that the replacement lamp had also burned out...I was told that the 90 day warranty was on the original defective lamp and even though after two months it burned out the original warranty continued on the replacement lamp.<br /><br />Needless to say I am highly aggravated at Electrified for not standing behind their products!! If you need a lamp buy it from someone else that is willing to stand behind their products.  I will NEVER do business with Electrified.com again...and I will let anyone who will listen to know the reasons why I feel that way!!",1.0,Electronics
"Native Union is a phenomenal product. I wasted money by buying substandard cables on sale at big box department stores (Target, et al). This cable takes a beating and never lets me down. And it happens to match my bed linens 😁",5.0,Electronics
The graphics on the case are not legible. Very disappointed.,1.0,Cell_Phones
Case was really nice but screen protector was damaged,4.0,Cell_Phones
would purchase again. no negatives so far,5.0,Electronics
This was one of the best purchases I have made in buying speakers! I love these!  The sound is great . They were very simple to hook up . So glad I bought them!!,5.0,Electronics
"Good brand of tea, and I have used there other teas and like them.<br /><br />This is called a Respiratory tea.<br />I had Pneumonia 4 yrs ago and was in the hospital for 4 days, I have lost some<br />Energy since then. And have a cough!  Drs cannot figured out why!<br />For me this tea I can taste the Cardamom which should be healthful but catches in the back of my throat and gives me a cough !!<br /><br />The taste is tasty, not strong.",4.0,Health_Household
I thought it was gonna be clear (see through) & it’s white,1.0,Cell_Phones
"Love that this product is unscented so NO dangerous chemicals added just to give it a smell/fragrance!!  This is so refreshing in this day &  and age where almost everything has perfumes added, most of which are comprised of hundreds of dangerous chemical, many of which are know cancer causing!  Can't  we do with out all these chemicals?  Start checking labels people and educate yourself.",5.0,Health_Household
"The Roku was easy to set up and works flawlessly so far. The updates were quick and I had no issues connecting to my network. I was agonizing between the Fire Stick and Roku. Ultimately I chose the Roku because I have read it has more entertainment options and a better interface. IDK. I will probably get a Fire Stick down the line to test it. I downloaded the Quick Remote app which is supposed to integrate with Alexa, so far I have not had any luck. Waiting on my Google Home assistant and if it works with that I'll just move my Echo dot into the second bedroom and use that instead.",5.0,Electronics
This has the best tools and it's very well made.,5.0,Beauty_Personal_Care
Nice product. Arrived in perfect shape. I recommend.,5.0,Health_Household
This is the best bathroom scale i have owned.,5.0,Health_Household
"these routers have bad wifi, and mine had a broken antenna, but as a cable modem they are perfect. knocking one star for the broken antenna...  I bought this to avoid pay monthly rental fee from Frontier for internet.",4.0,Electronics
Kickstand broke within a week of using,5.0,Cell_Phones
Perfect for my daughter...a perfect mom.,5.0,Cell_Phones
A classic! I always love giving this book.,5.0,Electronics
i have one for my samsung  bought one for my twin love it,5.0,Health_Household
Pricier in store. Glad I purchased online and the smell is amazing!,5.0,Health_Household
"Their newest edition is definitely a miss for me. It’s not soft enough for sensitive skin. And it most of all, after I use it for about three weeks, it started smells. I think it’s because it doesn’t get dry enough if I use it daily. So it’s pretty gross to use",1.0,Beauty_Personal_Care
"These are muted orange lights, and they are perfect on our front porch, for Halloween lighting. We didn't want anything too bright or showy, and these are exactly the glow we desired.",5.0,Home_Kitchen
Horrible scent and very strong. Will overpower any other fragrance you might wear. When will hair care companies get the message that some of us don't buy their products for the scent!,1.0,Beauty_Personal_Care
These Harlow & Grey Jardin rose gold foiled (cocktail) napkins are pretty and will complement my Manhattan Green & Rose Gold plates. I had to have them both! Perfect for a dinner party or entertaining. I’d recommend them.,5.0,Home_Kitchen
"I absolutely love this eyeliner!  It goes on so easy, and nice and smooth! I am going to ordering more colors!",5.0,Beauty_Personal_Care
"I've been eyeing up this product for a couple of months. Even though I read the negative reviews on Amazon, my desire to try this led me to purchase one at a drug store instead of a 2-pack on Amazon just to see if I liked it.<br /><br />Now that I tried this I can't wait to finish it.  This substance is a sticky concoction of Vaseline and pale pink color that feels like an ooey gooey greasy mess on my lips. Straight Vaseline feels much better. Even though this does the job, the substance feels like I applied glue to my lips that is partially sticky only. I'm going to use this to lighten some dark lipsticks I have which will reduce the stickiness. I definitely won't be purchasing this again.",1.0,Beauty_Personal_Care
"oh em gee!  i have been using my glass door wood burning stove for a couple of years so there was quite a build up.  the other reviews are correct. spray on, wipe off, clear as new. smells of ammonia. maybe diluted ammonia would also work.  this stuff rocks!  the smell wasn't too strong and i can see my fire again!",5.0,Health_Household
"These are extremely affordable brushes, you can buy this whole set for the price of one brush from Mac.  I think they are good for teenagers who are just getting into makeup or those allergic to animal hairs, I noticed that compared to my animal hair brushes they did not blend as well. There are also a lot of similar brushes for the face and it is missing a basic blending brush for the eyes.",4.0,Beauty_Personal_Care
I love the product. And the customer service is amazing!,5.0,Home_Kitchen
"I still had this one. Maybe I should give this away. Yes it’s slim. But why does it work kind of strange. I plug in 1 side . My phone says, hm.. ? I plug in the other side it says, okay! Then when I use this. My phone says, hmm. I 92%. But maybe I spelled the name incorrectly? And yes it’s more expensive. But it has more cords that you can plug in. This one. Has 1 only. But the other one tells you how much of your charger is left in %. I have never been down past 93%. And since I don’t speak in computer terms. I don’t know about power. This one says 10,000 and the other has 38,000. And when I tried to contact this seller. No, reply..<br />so if this free, I say buy it. If the other one is $15 or $30 buy it. And maybe you will find it kind of strange. That I bought this in the fall of 2021. Then I bought the other 2 months later.",2.0,Cell_Phones
Started smelling like burning wires at 3 weeks. Going back to store.,1.0,Home_Kitchen
Perfect in my Pelican flashlight. This thing is old.,5.0,Health_Household
Best curling iron I have ever owned!<br />Thank You!,5.0,Beauty_Personal_Care
Nice basic scrub brushes. Perfect for kitchen and bathrooms.,5.0,Health_Household
"It is fake leather....be careful. I was looking for something made of real leather...the product description was wrong...you had to read in the detailed description to realize it was faux leather...<br />It smells plastic..just the opposit of what I was looking for. I return it. And believe me the Thule from the apple store if the best. I ordered it, perfect!!!",2.0,Electronics
"I just dislike the tassel it makes the band look cheap ,",5.0,Cell_Phones
"I requested this before reading the discription. I am not a child and I don't have curly hair, I always wanted curly hair but all I have is just a weird wave.  Lately I have been trying new gadgets, and one had made my hair super frizzy.  I tried this and followed  the directions.  When I opened the jar, it smelled amazing, and I thought;I am in for a treat.  The applied this creamy gel to the ends of my hair that had frizzed out.  I mean my hair was never frizzy like this, but this product worked great.  It was lightweight for a nice natural look, and did not leave a residue...Love that!<br />I liked this product but I don't know how it would work on curly hair.",5.0,Beauty_Personal_Care
I simply adore this mask. It gives my wall a statement.  Fantastic deal.,5.0,Home_Kitchen
"Yay! A micro-USB cable! Now we can charge our Kindle again. I want to say all cables are alike... but I've had some cheap ones that last a month.<br />I can't say about this one yet, but our last one lasted a couple years (it died because my kid cut it). Hopefully this one lasts a while too.",5.0,Electronics
"I purchased the leaf so that I could watch local news without cable. Very easy to install and I receive many channels. Unfortunately, I couldn’t pick up every channel their website said I would.",4.0,Electronics
I had sinus issues all my life and my allergies are horrible. My doctor suggested I use a nasal flush daily to help. It has helped but I wanted something that would help with my sinuses even more and found this device. Using the Red Light Nasal Therapy Device has helped my sinuses open up a bit more and it never feels uncomfortable to use. I'm actually really surprised this device is that effective. It's easy to use and I will continue to use it regularly to improve my breathing.,5.0,Health_Household
"I was a Chef back in the day. I owned my own set of Henckel knives custom sharpened and the handles wrapped with wax and jute. Also, I owned my own set of pans, again custom wrapped in jute... I even owned my own grill spatulas sharpened on one edge and yes wrapped in jute and wax.  I know what tools it takes..as any pro would...to do a job. SHARP KNIVES are by far the No. 1 tool for the cook... whether they be a sous chef, a pantry chef or ""line"" cook. Most chefs have their knives PROFESSIONALLY SHARPENED!!! We may use a ""steel' to hone our knives during work but we depend on Pro Sharpening services to take care of my $1000.00 Henckels.<br /><br />I'm not a Chef anymore. But I still like to cook for friends and family and own some pretty nice, high quality cutlery. I have tried 3 different ""do-it-yourself"" knife sharpening tools that work on the ""just pull and draw on the v shaped slot and voila, your knife is sharpened.""<br /><br />They do not and will not EVER SHARPEN YOUR KNIVES!!!! After using this ""sharpener"" it basically turned my nice Cuisinart Chefs knife into a butter knife. I tried it out on several other Cuisinart knives and again pretty much turned all of them into butter knifes.<br /><br />I returned this and bought a good 1000/6000 grit whetstone and was able to ""recover"" my kitchen knives and as a bonus, able to sharpen by 440c pocket knives.<br /><br />Summary: these quick sharpen pull and draw knife sharpeners will not work! Either get your cutlery PROFESSIONALLY SHARPENED or get a good whetstone set and learn how to sharpen yourself.",1.0,Home_Kitchen
"It pushes their own pay content even if you do not have Amazon Prime. As in there is Prime stuff on the main screen even when you do not have Prime which is odd. It is geared toward Prime people.<br />I am probably going to return mine to the store. What I do like about it is It is fast (faster than my Roku 1 which has refused to update) and has an internet browser app called Silk which I only got when I did a system re-install. Which was odd.<br />There are banner ads for products right on the home screen like for cereal. And I do not eat cereal so that is also odd being I have been an Amazon customer over 10 plus years since and you would think they know this being they have tons of my info.<br />and they do not show you what are free shows. With the Smart Tv Amazon app and Roku Amazon Apps? They have a &#34;Prime&#34; labe banner across the shows which means it is a free show. But...they do not have this and I read this was done on purpose. So, it literally is like click-bait I believe to make you click-click-click on shows and if you like the show that is a pay one then they hope you will...pay!<br />It literally can take hours to find the free ones. This is shady and not user friendly.<br />It visually reminds me of the Amazon app. So, it is kinda like I bought the app which I already have for free on my Smart tv and my old Roku.<br /><br />And they will not and do not tell you the Alexa talking remote does NOT work with Netflix. I called the tech people and was told yes. true. it does not on &#34;3rd party apps&#34; which Netflix I guess is. Simple commands like trying to rewind or turn the volume up will not work with the talking Alexa remote watching a show on Netflix. But does apparently with Hulu?<br /><br />If you need Accessibility features? You need go elsewhere! They obviously did not test these features. Ask my cat...because they are the opposite of accessible! Ironic eh? I was literally almost crying trying out the zoom and talking stuff. The froze and the directions were so convoluted and ridiculous. LIke and entire long list of up down. hold this and hold that and pause plus play and. It was almost like a joke. but not!<br />See photo below of how the app has the &#34;prime&#34; banner label to show free shows but how Fire stick does not. shady. I told them too and they told me? Do factory reset. smh. Online told me in articles that they did this on purpose.",2.0,Electronics
I ordered 2 sets of these for my Nesco FD-1040 as they advertise will fit. However  I received 2 different sized sets....?  One fits my Nesco FD-1040 and the other is much smaller. I started my exchange the same day I received it but now the price has jumped $10!!! If you’re wanting screens for the Nesco FD-1040...keep looking.,1.0,Home_Kitchen
Didn’t fit Not Compatible as stated to my Sense Fitbit!!,1.0,Cell_Phones
"i ride my bike and work out with these wireless headphones. i sweat a lot. i tried my best to keep these clear of sweat and water, and i don't know if that was the cause of their demise, but it's the only thing i can think of. my first pair would still turn on, but would never pair with anything. my second pair just stopped turning on completely, even though it would charge.<br /><br />these things are cheap, and probably would be good for light use, like if you're just sitting around in bed or something. they're branded as ""sports earphones"" - but on my bike, the wind rips through these things and it's hard to hear. also, the connection was spotty even though my phone was in my pocket. at the gym, they were fine, although i didn't like the cable bouncing up and down - for the price i was ok with this.<br /><br />the sound quality is pretty good for what you pay for. probably the best thing about the headphones. while support is great and they sent me a replacement set, i think i'm done with these things. i need something more reliable and probably of higher build quality.<br /><br />i'm skeptical of these being ""sweatproof"" because the manual says quite a lot about keeping the device free of sweat and water. if they are - then why did they die after only a few months of use? whatever the reason, it's  probably not worth it if you're interested in wireless headphones for the gym.",2.0,Electronics
"My husband has an old injury to the tendon around the elbow that flares with pain now and then. It's not often and only with certain repetitive movement. I had him try this a couple of days ago and it seems to help a bit by adding some pressure to the specific sore area and providing a bit of support. Putting it on one handed is really difficult, it's a really a two person job to get it on tight enough and in the right position.",4.0,Health_Household
This was like trying to style your hair with lotion,1.0,Beauty_Personal_Care
This is a MUST for anyone suffering from joint pain. When this is taken internally recommendations...get the massage oil and apply to painful joints. This gave me relief within three days . This is a wonderful MUST HAVE to relieve joint pain.,5.0,Health_Household
"I like that it has pockets inside the case. I expected cheaper quality, but I think the quality is decent. I'm not sure how well it will protect my phone from a fall, but I imagine not so well since the part that holds the phone is really thin.",4.0,Cell_Phones
This moisturizing soap is perfect for dry skin.  I use it for my daily shower and leave my bath feeling refreshed and clean yet also soft and nourished.  It contains all natural ingredients and the scent is mild yet lingers on my body.  I urge you to try it!,5.0,Beauty_Personal_Care
"What a difference Fortify has made!  I am in my 60's and suffer from degenerative OA (my knees are mostly bone on bone).  I have been pretty much immobile for almost 10 years and was told that my only hope was bilateral knee replacment which, after much research, is not something that I intend to do.  Out of pure desperation I opted to invest in stem cell treatment which has made the pain 'manageable'.  I have about 50% less pain than before the treatment so I consider it well worth it.<br /><br />Over the years I have tried more joint supplements than I can count with very little success.  After reading the Fortify reviews I figured &#34;what the heck&#34; and gave it a try.  WOW!  I am now almost pain free (90% on a bad day!).  My first walk in 10 years was a little over half a mile - and I literally cried wth happiness.<br /><br />I know every body reacts differently to supplements.  I can only recommend keep looking until you find what works for you, but if you haven't tried Fortify you might want to give it a try!",5.0,Health_Household
This is one of my staple products!  Love it!,4.0,Beauty_Personal_Care
Too thick to spray !  More like the consistency of butter.  Can I add water to thin ?,1.0,Beauty_Personal_Care
Replacement for one left in rental car. Charges fast,5.0,Cell_Phones
"I have four of these now.  They work really well, and consistently.  As long as they are plugged into a power outlet, the clock continues to run, and the thing plugged into it goes on/off at the times you set.  When I'm away, I use them on my lights.  When I'm home, I use them on kitchen appliances to ensure that they are off during times I don't use them.  You can also just set them to 'on' when you're home, or store them for the next time you need them.<br /><br />It's a little counter-intuitive the first time you set it up, but, once you get the hang of it, it's very easy.<br /><br />Unlike digital timers, you don't have to worry about small power outages.  The only problem I can foresee is if there is a long outage, then the clock will be wrong and it will be going on/off at different times.  However, compared to not working at all at the slightest outage, I feel that this is a very minor drawback.",5.0,Electronics
"It is easy to set up. However, the WiFi keeps come on and off even after multiple reboots within three week of using it. When WiFi’s up, it has decent speed. Unfortunately the WiFi is like yo-yo!",2.0,Electronics
"It works, it really really works!!!<br /><br />I couldn’t decide at first and I chose wrong. The first one was terrible. This doesn’t just make my life easier; my back feels 100% better not looking down at a screen hours a week.",5.0,Electronics
Love my fire stick!  Lets me watch all my shows!!,5.0,Electronics
"It just straight up isn’t good lol it doesn’t stay in place, it’s always falling down,  it’s hard to maneuver.",2.0,Electronics
Excellent replacement for my dead power supply,5.0,Electronics
"Loved the look of this case so there are the stars, but sadly it arrived broken...the plastic is so cheap and flimsy its so no wonder a piece of it just snapped off in shipment.  I wanted it for its look which was amazing but its quality was awful, zero stars,....can some case company make cute cases that are also good quality...seems like you can only get either or.",2.0,Cell_Phones
"Has really nice scent to it, left my lips feeling soft.",5.0,Beauty_Personal_Care
I am constantly smashing my watch into things. I hit my watch so hard it broke this protector. It did its job since my watch would have been destroyed. After this gets beat up I simply put on a new one. It keeps my watch looking fresh and new.,5.0,Cell_Phones
"I know a lot of reviewers really liked the rose scent of this lotion, but it nearly ran me out of the room.  If I had purchased it I'd be returning it and getting my $38 back.  I usually like the scent of roses but this scent was way too strong for me.  I put some lotion on my hands and was typing reviews and could smell the scent and it began to give me a headache and i was starting to feel bad.  I had to go wash my hands to get the smell off of them before i barfed.",2.0,Beauty_Personal_Care
"If your wildest culinary dream has been to create a beautifully ecru-colored milk soup, then this machine is your baby! I've owned this blight on all things lactic since November---my 3 batches of yogurt (I LOVE yogurt and was excited in the belief that I could make my own blends at home and save some cash) have all ranked in the &#34;crash and burn&#34; category of cuisine. I followed the directions included with my machine to a &#34;T&#34;---I even carefully used my cheese thermometer (I make my own cheese as well) to gauge the recommeneded temperatures of the milk I was culturing in order not to &#34;overcook it.&#34; Every single time I made a batch of yogurt, the results have been as follows: A sea of pale viscous-y whey afloat on a bed of gritty, lumpy, watery &#34;yogurt.&#34; Every. Single. Time.  I checked troubleshooting websites and found that maybe I was leaving the cunning little glass jars in the machine too long and the whey was in serious separation-mode. I added the suggested milk powder. I eschewed using plain Greek yogurt as a &#34;starter&#34; for the commercially produced &#34;culture packets&#34; (sticker shock!) I used skim milk. 2%. Whole. Nothing changed. I  have begun entertaining the notion that I could achieve the same results by simply dumping some pan-warmed milk in a few canning jars, situating them in a shaft of sunlight, and revelling in some fairly decent yogurt experiences. And I would eliminate the &#34;middle man.&#34; I'm not sure what I'm doing wrong. I only know that this machine isn't advanced enough to correct my errors, or even to offer suggestions for ways I can improve my performance. The Euro Cuisine is stymied.",1.0,Home_Kitchen
This is perfect and exactly what I was looking for!,5.0,Cell_Phones
"I am a senior wonan who cares for my 90 year old mother, and was able to install 2 of these handles in her shower/bath in 5 minutes! They have incredible suction! My mom can now get into and out of the bathtub without my help! Best product ever!!",5.0,Health_Household
"got these for my husband, saw no difference.",2.0,Health_Household
"I have long hair, and I use this at the roots to give it a boost and some control. More specifically for when I want a cute pony tail or braid with some volume at the crown. There are times I just clip the front portion of my hair back and I want it to have a little volume, rather than be flat. I don't like to fuss, so using a quick powder rather than styling tools is more my speed.<br /><br /> Volumizing powder helps with this. I think it is because it adds texture and some tackiness. I find it works better on my hair when it is a bit dirty (or a lot dirty). It has something to cling to, and then I can run my hand up my hair and it stays in place, more or less. Kind of fun. Then I can clip it in place, and I didnt need to do anything time consuming. Throughout day I can just pinch my hair ""up"" and it reboosts itself. I can imagine  this would be good for men and women who have short hair-- can just run hand through hair and refluff it.<br /><br />White powder does not stand out on my dark hair. Disappears. Comes out a little at time from the shaker top. Seems to evenly disperse. I dont need much!! I can feel it in my hair, but not in a bad way.<br /><br />I like it, and I find that it is better than all others I have tried.  It happens to work well on MY hair, and how I use it, so your experience may vary.",5.0,Beauty_Personal_Care
"My hands are very dry.  I wanted a lotion where I sit in the evenings and knit.  The lotion itself was nice.  I little greasy at first but absorbs quickly and left my hands feeling nice.  But the scent was much too much for me.  I think I might be sensitive to strong smells and it really bothered.  So although it didn't work for me, it may be good for another person.",2.0,Beauty_Personal_Care
"Love this product, my hair has never been so healthy and smooth.",5.0,Beauty_Personal_Care
They smell good but disappointed they are in plastic bottles instead of glass.,4.0,Health_Household
This is a simple and unobtrusive throw that is soft and warm. The color is a muted teal and works with most decor. It does not take up a lot of space and can be tucked away in a corner if you don't like a lot of stuff on your furniture (my husband hates throw pillows and whatnot - especially whatnot).,4.0,Home_Kitchen
"I got these placemats for go with some beaded chargers I bought years ago on a trip.<br />I didn’t buy enough for dinner parties so I’m not able to use them when I’d like.<br />Since I now have these placemats I can use them like chargers and these are perfect for the kids at the table. Now everyone has something pretty under their plate!!<br />These placemats fit perfectly under my plates.<br />They are lightweight and don’t scratch the table!<br />I think the fringe looks great and is soft.<br /><br />**If you found this review helpful, please click the ‘Helpful’ button below.",5.0,Home_Kitchen
"I bought this exact model years ago. It virtually can't break, it's so well made, it's small enough to pack and travel with me, and well worth the price.<br /><br />If my legs or arms are sore, I can massage them or take a hot bath, but if my back is sore, this massager can reach any point on my back. There's no moving parts or batteries to wear down....my daughter uses it, too.<br /><br />It came with an instructional booklet. You can hold one of the round knobs on one trigger point in the muscle for a few seconds, or use it to go back and forth over an area to release the tension. If you don't like putting on a lot of massage oil (too sticky and messy) you can wear a thin t-shirt type material on your back, and the massager will glide over the muscles.<br /><br />I really believe in the power of massaging muscles in order to increase the flow of blood and oxygen to a muscle, and this really does the trick! I think you'll love it!",5.0,Health_Household
"Horrible I got it because I saw it and tested it at a Marshalls store but that was the tester and I fell in love with it, however, this scent is completely different is a strong alcohol scent made for a men and not women :(",1.0,Beauty_Personal_Care
I really like the product unfortunately it is not the right color that was sent to me with the color choices that I went to it is way too light for my medium skin tone. it is very very light so I guess I will wear it in the winter time when I don't have a tan unfortunately I can't use it now. I love Mac products especially all of your lip enhancing products it would be awesome if you could send me the right powder...I have not used it but one time and I still have the box I didn't want to return it because they didn't want to have to admit my husband was right about buying make up on the internet lol but you asked for honest feedback and I'm giving it to you as far as other Mac products I love them all especially the lip glass. Thank you for the time Angela,2.0,Beauty_Personal_Care
"Overall, I like these.  They are fairly comfortable, though not as cushiony as I would like.  The part next to your feet has lumps which can be good because it allows for airflow.  But it also can be uncomfortable if your feet are hurting. I don't run, just walk fast.  Not sure how they would feel for running.",4.0,Health_Household
"Excellent product, helps keep me fresh all day.",5.0,Beauty_Personal_Care
"This weekly pill organizer is attractive and that is its only redeeming quality to me.<br /><br />NEGATIVES:<br />- It is much larger than I expected, so it takes up a lot of space.<br /><br />- It is awkward to load and dispense the pills from.<br /><br />- It doesn't really hold large pills well.<br /><br />- The elastic is a challenge to remove from the front. An elderly person or one with hand strength issues would find it a challenge to remove the cord.<br /><br />- Although the entire case is portable if the elastic is engaged, this is not a case I would ever transport.<br /><br />POSITIVES<br />- The unit is attractive.<br /><br />- Each unit is portable and has three daily chambers with cells labeled 1, 2, and 3.<br /><br />- The cells open easily.<br /><br />- The elastic is relatively easy to put on the unit after removal.<br /><br />Overall, this is a disappointment to me. The current price of $16.99 ($19.99 minus 15%) is competitively priced but I just wish this was designed better so that it is more functional than pretty to look at.=",2.0,Health_Household
"Update.<br />Since We have been using Penetrex everyday for a year, my husband and I have forgotten to use it for the last few months.<br />As our pain went away. Now that winter is coming on, my husband noticed his hands starting to hurt again.<br />For the last week he has been using Penetrex twice a day, and so far pain is now gone. We will continue using it for the winter<br />For the inflammation, and hopefully will stay pain free?<br />Its the inflamation that causes the pain.<br />We are older, and this works if you use it everyday.<br />-----------------------<br />I have disintegrating disc's in my back, & and allot of neck pain.I also have arthritis<br />I put this on my neck, back and sides of my body, and the pain goes away. I can function for the day,<br /><br />This does not have a smell, and its Not cold when you first apply it.<br />You don't need to use much. This size jar last me for at least 6 mos.<br /><br />I do not think I could have gotten through All my company for Xmas and the holidays with out using this. I have also used Topricin which I thought was Great, but for me and my Husband , this is working better.<br />It keeps the inflammation down..<br /><br />It also helps if you eat foods that do not cause inflammation..No sugar, no smoking,no soda,  no processed foods that are full of salt.<br /><br />I don't want those painful cortisone shots that Never leave your body, and can give you more trouble later on.<br />I was pulling weeds the other day & when I stood up, I had that Sciatica  (sp?) pain going down  the right lower  side of my back, down my tush , & down my leg..<br />Put  Penetrex all over my pain. In about 30 mins the pain seemed to be less..put more on before going to bed, then in the morning<br />Took  it easy, & by noon I was just about pain free..<br /><br />I will keep this in the house All the time",5.0,Health_Household
This was a gift and my niece loved it,5.0,Home_Kitchen
Best magnifying glass I've used!,5.0,Health_Household
"I actually did not install mine. Its soooo heavy I couldnt do it by myself. But it seems,sturdy and will rotate. Ill prob give it to my son to use in his basement. Hes making a rec room down there.<br />I decided to put the tv I bought this for on a dresser of the right height and attach a strap to wall instead.",4.0,Electronics
Cheap.  You can do better.  The only thing I liked was the strap.,2.0,Cell_Phones
It's just difficult to put the phone in and get it out.,4.0,Cell_Phones
the product works great but the scent is TERRIBLE!,3.0,Health_Household
I love these little cotton pads! I can use them for mostly removing nail polish and for makeup. But there’s many uses! My favorite thing about this- it’s there’s a drawstring to close the bag! I hate trying to zip lock a bag!,5.0,Beauty_Personal_Care
It doesn’t fit the charger. The hole is too small.,1.0,Cell_Phones
"I was in a need of a good laptop with a good amount of storage rom AND ram for regular use and creating music.  A few things I specifically liked about this laptop is the storage, the crisp display, touch screen feature, good battery life, light weight, and fast processor. A few things I didn't quite like are there are no separate buttons for right/left mouse clicking, comes with a lot of bloatware (but some could be removed), and not ideal port options for me.<br /><br />I noticed alot of the reviews state that this laptop comes used. In my experience, the box that the laptop was in had a dell return label on it underneath the new label, but did not appear to be used or opened so not sure what is going on.",4.0,Electronics
"This is Wonderful!! No cable bills and all the movies and shows I could ever watch. Ok, there is 1 thing. Put a volume control in the remote. Just that one thing. But...FANTASTIC. AREN'T COMPUTERS GREAT!!!",5.0,Electronics
I love this lipstick. Creamy and luscious.,5.0,Beauty_Personal_Care
I like the bracelet but there was a mistake that I made.  I tried to contact the seller to correct and all I got back was “the package was delivered”.  My question was not answered.,5.0,Health_Household
Don’t like the color and doesn’t look good at all.,1.0,Beauty_Personal_Care
"PRICEY BUT I THINK THEY SRE FOR SALE MAINLY TO FOOD SALES VENDORS. THEY ARE PERFECT FOR PERSONAL USE. SO MANY THINGS REQUIRE FORKS AND SPOONS. GREAT FOR LIGHT TRAVELING HIKES, BACKPACKING. BICYCLING.",2.0,Health_Household
I liked it because it fits perfect,5.0,Cell_Phones
"I dye my hair a lot! This year alone my hair has been red, magenta, purple, black, and now black cherry. So when I dye my hair I need to have clips that not just do their job but don't break easily. The clips I had before I got these new ones came in one of those hair dye tool combo packs and they break all the time. I have crazy thick hair, like the kind of hair that routinely snaps hairbands when I try to put my hair up, so I was a little worried when I got these that they wouldn't be able to hold up to my insanely thick hair, but it turns out they did great. I think the plastic they used to make these clips is stronger/better quality then most and so it holds up in my hair a lot better.<br />Also these clips do have teeth on them, but they don't pull my hair at all, which I love. Also another cool thing about these clips is they have a hinge on the top part that I think helps hold my hairs better, as opposed to the clips I used to have which are just two non-moveable pieces of plastic.<br />I love these clips, they make dying my hair so much quicker and easier. The only thing I would change is I want more then six for when my hair gets longer and I need more clips. I highly recommend these.",5.0,Beauty_Personal_Care
This product will run perfectly for roughly three to four months. It will then start making noises and the projector will cease to work. My kids love this thing but we are now on our sixth replacement. I am just buying a noise machine from here on out.,1.0,Health_Household
My drain covers were broken all down my sidewalk.  I was able to pry out the old ones and put these in.. DONT glue them.,4.0,Home_Kitchen
"Seems like a very typical hand sanitizer.  I feel like it's a strange size - too small for being the bottle you use to fill all your other bottles, but too big to be one of the bottles you fill.  It's also a little odd to have a screw cap, which makes it hard to not use too much (see below).<br /><br />I don't really think this leaves my hands wet or sticky like some other people said.  I just try not to use much whenever I do use any brand of this stuff (I think it's bad for the microbiome, so I only use it when I'm really grossed out and unable to wash my hands regularly).<br /><br />The smell is fine.  It is not, however, an awesome smell like the sanitizer from my local micro-distillery.  Of course, that stuff is way more expensive then anything I'd ever buy.",4.0,Health_Household
This is the best concealer I have used.,5.0,Beauty_Personal_Care
"Not being a major tree hugger, this product still stands out in the fact that it is not rechargeable.  This makes this product a waste of space.  There are so many others out there that are rechargeable or reusable.  It does not do anything above a beyond more ""eco"" friendly options.  For instance, I have a home sonic toothbrush whose charge lasts for about a month and then I recharge it.  Thus, it also makes for a great travel toothbrush.  I just cannot get over how wasteful this item is.<br /><br />Strong sonic power.  Functional.  Does what it is advertised to do.  Just disappointing that once it dies.  It dies.  Regretful.",2.0,Health_Household
Just started using this for my horrible hair shedding. I’m 4 days in and I already see a difference.,5.0,Health_Household
"In the past I have enjoyed other slim fast, mostly the chocolate flavored one so I was excited when I saw they had a banana flavored one. It definitely had an artificial banana flavor and I wish they would perfect that a little bit. With that being said, as long as it is cold it is definitely not bad. A huge plus is that it packs a huge amount of protein, which is what I always look for. I tend to not get enough protein, so if I can find a snack that has a lot of protein, I am all for it. I would probably stick to their chocolate flavor though since that was is absolutely amazing.<br /><br />The beauty of these shakes, they are a quick ""meal"" that gives you what your body needs without having to figure out ""what should I eat right now?"" which is one of my biggest problems. I know when I pick up one of these I have a high quality product on my hand and will never be disappointed.",5.0,Health_Household
They are out of shape upon arrival and never really straighten out. They slide easily.,2.0,Home_Kitchen
I used this on my sore back (ice not heat) and it works well.  Easy to put on and stays in place.  Cold lasts a couple hours and it is comfortable enough to wear.  I have not tried heating it as heat never really helps my back anyway.  Perfect for days when I just push my body to far and need to reduce the pain.,5.0,Health_Household
... How can you not love rainbow sparklies?!,5.0,Beauty_Personal_Care
Beautiful!! Even better than I expected!,5.0,Home_Kitchen
I love this Rimmel Stay Glossy Lip Gloss  !<br /><br />It's so pretty. The perfect combination of peachy and nude. Not totally opaque. Has a nice shimmer to it as well. Very creamy and moisturizing without getting sticky or cakey. After a while of wearing it just feels like it kind of rubs in. Doesn't feel weird or clumpy.<br /><br />Doesn't smell like anything and doesn't taste like anything. Perfect for any makeup look!! I love it!,5.0,Beauty_Personal_Care
I love this thing! It’s changed my life! Thanks!,5.0,Home_Kitchen
I got these to store glitter in. They are amazing.,5.0,Home_Kitchen
I gave away a lot of this not because I didn't like it. I use eyeshadow rarely. They loved it.,4.0,Beauty_Personal_Care
Love these brushes. They are perfect for my needs. Good quality!,5.0,Home_Kitchen
I never used these. They were too tall to fit in my specified space. They are cute tho.,2.0,Electronics
"Sound is decent, but when we pulled these out of the Galaxy phone, the phone made a horrible screeching feedback noise. Every time. It's probably not the end of the world, but that USB C port is the heart of that phone.",2.0,Electronics
My left ear bud don’t work very good,2.0,Electronics
This would be five stars if they had bothered to place the handle access to any other position.  The best diverter I've found has four openings allowing me to position the steam to go off in a safe direction.,1.0,Home_Kitchen
I needed a flexible pair for when our grandchildren come over. This was excellent,4.0,Electronics
I ordered these glasses over a year ago and I still have two of them. They are very durable unlike other reading glasses I have bought that broke after some amount of use. I would still have all three pairs but I lost one pair.,5.0,Health_Household
I bought this based on all the glowing reviews.  I figured for the price the people who had tried this product had high expectation for it.  I followed the complicated directions exactly and found it took a great deal of product to coat my fine medium length hair.  I not only felt the product wasn't better than any inexpensive conditioner I have used. I thought it was useless and perhaps even drying and left my hair frizzier than if I had used nothing.  I also didn't even like the fragrance others raved about. All in all I don't see what other's liked about this product.  I'm glad I bought the smallest size as I only used it once and will likely throw the rest away.,2.0,Beauty_Personal_Care
I’m not very happy with this. It looks cheap and I think it is because of the color. Is more of  an aquamarine color than blue. Super soft though. I got a similar one in gray and I love it. Better pattern though,2.0,Home_Kitchen
Bought 3 ... 1 for myself! They are all great in every way except 2 that I have problems with the charging ports. Shame on me for not buying warranty on them!!! So now 2 are just sitting! I’m an avid shopper on Amazon as I had a massive stroke & can no longer drive or walk to shop so I really was counting on my kindle Hd. Being on disability I cannot afford another one! If anyone knows someone that repairs the ports say low cost I would be interested,1.0,Electronics
"My husband and I both have feet issues. I tend to get sore feet from not enough arch support and from plant fasciitis. His is weight. He walks with the wear coming on the side of the shoe. These help his feet hurt less. He will go through a pair of these quickly. I don't. But when I wear sneaks, I want my feet comfy.",4.0,Health_Household
"I was hopeful these mail stickers would stay on, but they do not. They fall off very easily after applying them. You get what you pay for I suppose. I’m returning them.",1.0,Beauty_Personal_Care
I collect Halloween more than Christmas...perfect<br />Doug's wife...Sharon,5.0,Home_Kitchen
"I thought this one is really good for sensitive skin, but after I used be came  more sensitive…",2.0,Beauty_Personal_Care
These work absolutely wonderful!! I'm super happy with my purchase! Fast charging and long cords! What else could you ask for?,5.0,Cell_Phones
"I was skeptical about purchasing a cord for my phone as in the past, the ones I did get weren't an exact match and I kept getting beeping from my phone telling me to use the original cord which was damaged. I bought this and can say not only does it charge my phone quickly, I hear no more beeping or messages about the charging cord. Highly recommend.",5.0,Cell_Phones
"I love the Acure line but this mask is just okay; I'm glad I tried it but I wouldn't buy it again. It doesn't really brighten, is a bit drying, and it washes off and leaves suds like soap. I don't get this. It's really nothing to brag about overall.",2.0,Beauty_Personal_Care
Small but perfect for what I needed.,5.0,Home_Kitchen
"So I've been getting these gloves for the past 6 months or so. I have VERY sensitive skin, any type of cleaning chemical, dish soap, touching meat, etc absolutely affects the way my skin functions. I was given these as a gift LOL. And I've never been happier! They fit really good on my hands, they don't smell there's no Powder substance. I use them for absolutely everything! No LOL I am not a germaphobe. I use these when I prep dinner like steak or fish or something. I use them when I clean the house, I protect my nails with them as well. These are the best gloves, I've ever bought and I've ever used! Your hands do not sweat or get sticky in them like a lot of them do. Lol and you can't go wrong with pinky purple. I'm glad that they are disposable. I do feel bad that I'm making more trash than I should.. but all in all it's saved my skin from severe pain and they work amazing. Hope this helps anybody who is wondering or skeptical about trying them.",5.0,Health_Household
"I was very excited to try this product in hope that it would help with a couple of rough spots on my feet. I should have removed the booties as soon as I stuck my feet in, because it felt like my feet were in a vat of hot salsa. Not knowing if that was normal, I mean, it peels your skin off right?, I pressed on.<br /><br />My feet hurt after this, like I walked on sandpaper and pebbles.<br /><br />Three days later, the peeling began. The peeling itself is not painful, it only looks horrible.<br /><br />A week later, my feet still have the same rough spots. They continue to feel like I've been walking on sandpaper and pebbles. They hurt and I cannot wait for them to heal from this nightmare. I highly recommend investing in a good pedicure instead.",1.0,Beauty_Personal_Care
"It's perfect for my trip, love it!",5.0,Beauty_Personal_Care
"Coffee is great. Pot started to re- perk coffee and coffee tastes burnt. I only buy farberware, this never happened to me! Very up set. I want a replacement",1.0,Home_Kitchen
no longer have the knee pain when I wear this,5.0,Health_Household
Now I do not have to use my big one. Perfect for one person,5.0,Home_Kitchen
Exactly identical to the one that came with my phone that broke.  What I was looking for,5.0,Cell_Phones
Perfect as we just lost our American Eskimo,5.0,Home_Kitchen
Excellent product. I recommend!,5.0,Cell_Phones
I use these in my kitchen and in my aquariums. Love!!!,5.0,Home_Kitchen
"The absolute best, easiest screen protector out there! When I have to change my screen protector for what ever reason it always gives me anxiety. Not with Skinomi. Zero air bubbles, and I manhandled that thing too. I thought for sure I messed it up and was going to have to use the other one, but nope. Perfect!!! I'll never but nope. The protection it gives my phone is amazing! Every one of my cases fit. Fantastic product. You won't be disappointed.",5.0,Cell_Phones
Lasts all day. Very thin brush for a perfect line.,5.0,Beauty_Personal_Care
This is the best product ever made for dry eyes!!! It was recommended by my doctor after I had eye surgery and it’s the best thing EVER!!! I’ve been taking it for about 7 years and just ran out...I NEED to reorder!!!,5.0,Health_Household
"Although I liked that this was a gloss lipstick, it just isn’t for me. I found it too sticky feeling and unless you are young and have perfect lips, it really shows all the lines, cracks or imperfections on an older person.",2.0,Beauty_Personal_Care
"I should have known better. These type cases seemed to me to be too good to be true. I saw a bunch of reviews with underwater pictures thinking these things are waterproof. They aren't!<br /><br />I bought this and the FRiEQ case since they are the highest rated and most purchased in their categories and tested them both this weekend. I put a paper towel in both and then sealed them properly according to instructions. I was immediately skeptical as I saw a gap in both on the sides where water can enter. Also the only closure is the snap on the top. There's no zip, no seal. Nothing. I didn't expect the test to go well. I put both cases in a basin of water weighed down with glasses and then left them for a few hours. When I came back both cases had water inside them. First I dried the outsides completely, then opened the top. I couldn't tell there was water in the case just by looking. But when I opened the top I saw a ton of water drops and the paper towels were wet.<br /><br />The design on both cases is identical. The only difference is price and packaging. I can't tell a difference between the two besides the logo on the top.<br /><br />These would be useful if you are simply trying to protect your phone from getting splashed at a water park or getting sand in your phone at the beach, but I would never never never take this case underwater to attempt a photo. MAYBE if you had this case and then double ziploc bagged it. But then you'd never get a clear photo. So what's the point?<br /><br />I really wanted to take underwater photos with my phone so this is disappointing.",2.0,Cell_Phones
nice to keen in my purse.  I never run out of power!,5.0,Cell_Phones
Best body powder. I've. Used it for years.,5.0,Beauty_Personal_Care
"I ALWAYS have a dirty windshield, even after I cleaned it. I tried several cleaning products, but driving into the sunlight, I always see streaks and grime. I tried this and immediately could see a difference. Finally, I can see!!",5.0,Health_Household
"I've tried out several of these type of devices in my old car.  You will need a USB port or an ""AUX-in"" in your car for this to work.  My car is very old and luckily it came with an aux-in.  This is the first one that just used whatever station my car radio was already set at.  I didn't have to hunt for an open station.  The sound was loud and clear and I could get it as loud as my speakers would go.  I really like that.  It's very light and small and by using the tiny plug adapter that came with it I don't have to use the cord and can always have it connected to my radio. I only need to recharge it every now and then.  I just have to be careful and not accidentally break it off.  The charging cord that came with this device did not work and I couldn't get it to charge.  I tried another cord and it charged fine.  It took several tries to get it to connect via Bluetooth to my android phone but finally paired and connected.  I can turn it off, turn my phone off, turn it and my phone back on and it will reconnect instantly.  I just have to pick what music I want to listen too.  Except for the cord and pairing problems this Bluetooth receiver adapter works great!",5.0,Electronics
"This monitor is very lightweight and easily portable.  It looks like it would be great, but we can't get it to connect to any of the many devices we have no matter what we tried.  It appears to only work with a very small number and type of devices.",2.0,Electronics
Be aware the door is plastic and they place a sticker on it that cannot be removed without damaging the plastic. I sure wish I had just returned to Target.,1.0,Home_Kitchen
"These are incredibly uncomfortable. My ears don’t particularly stick out, but these headphones squash them and hurt after several minutes. An oblong ear pad would have been an improvement.<br /><br />Given that they sync with my car and phone, I have to fumble to switch to phone audio if I get a call while somebody is using them in the vehicle. Would be easier if they had a built in microphone.<br /><br />Also, if you have hair longer than an inch, it’ll get caught in the joints and get torn out.<br /><br />Aside from that, easy to set up, good battery life, okay construction.",2.0,Electronics
"I have been working with security camera products for over 20 years - over that time I have installed systems for businesses, corporations and individuals - from enormous multimillion dollar systems to single camera nursery monitors.  I’ve consulted on large projects and written about security vulnerabilities within networks for trade publications.<br /><br />This is a field I know well.  Over the years the technology has improved and become less and less expensive to produce.  It is now practical to install security systems that would have only previously been used in commercial settings in residential.<br /><br />If you are new to home security camera systems, I recommend going with wired (non-WiFi), NVR or computer based recorders run with systems such as Blue Iris.  This type of system is infinitely more secure and stable.  While initial setup costs are a bit more the security it affords is worth every penny.  It always pays to research the products, discuss them with those in the field, understand vulnerabilities and PLAN YOUR SYSTEM PRIOR TO PURCHASING ANYTHING.  If you are at all tech savvy at all you can do it.  While there is a bit of a learning curve it is not awful and in the end you will be thankful for the time you spent in the beginning as it will save you time, money and endless frustration.<br /><br />I have set up, tested and reviewed more security systems and individual products than I can possibly remember.  Without question my go to solution for home security solutions is a computer based, Blue Iris system with POE cameras run off of quality POE switches.  This type of system is not only easy to operate but is highly secure.<br /><br />As with any component there are a host of factors to consider.  In terms of cameras more megapixels is not always better. For instance 2MP cameras often perform better in low light while 5MP will allow for more detail when lighting is good.  One disadvantage of higher megapixel cameras is the recordings will take up more hard drive space.  Depending on the number of cameras, this can become a larger concern.<br /><br />When I saw this camera at this price point I knew it was something I needed to check out.  I appreciated the fact it was 2MP because with this lens you are not going to want to be eating up the hard drive space required for a 5MP.<br /><br />I was able to get it set up within my Blue Iris system after playing with it for a while. Typically this takes me no more than a couple of minutes - this camera required much more extensive programming in order to have it functional.<br /><br />Once I did have it up and working image quality is substandard even compared to other cameras with similar specs.<br /><br />I figured it still could be utilized as a tertiary filler camera but it kept going offline for absolutely no reason.  When a camera is connected via PoE to Blue Iris this simply should not be an issue unless there are issues with the camera itself.<br /><br />While the price point is excellent on this camera, unfortunately this is an example of getting what you pay for.  In my four months of testing this camera has proven to be unreliable, difficult to connect and keep connected and the images captured are far lower quality than expected from cameras with similar specs.<br /><br />This is a product to pass on.",1.0,Electronics
Pop socket!! Is great and amazing!,5.0,Cell_Phones
Pulls my little ones hair. Doesn’t work like advertised.,2.0,Beauty_Personal_Care
I am a huge gamer and this unit was outstanding for the price! I am actually writing my review on this keyboard right now! This really makes my gaming experience amazing! I love that the lights are not too bright but they are bright enough to enjoy!,5.0,Electronics
Excellent case! Fits my WD My Passport Ultra and cord perfectly!,5.0,Electronics
"As others have said, you only get enough for one bath, which makes this a very expensive product.<br />I liked the light scent...kind of a ubiquitous spa aroma.",2.0,Beauty_Personal_Care
Love it!! Perfect size. So adorable. I need to get another.,5.0,Health_Household
very comfortable ear cushions but on my Grado phones they block some volume and I would assume sound levels,4.0,Electronics
My wife likes it better than her sofa,5.0,Electronics
"Does not work on my hair.  I have long, thick hair so i straighten it first so it wouldnt be frizzy to curl it.  Well, it didn't work, I couldn't keep a curl, so had to return it.",1.0,Beauty_Personal_Care
"My cat had a large scratch/wound on his side and the edges would not heal properly. Knowing he would remove any type of bandage I put on I decided to try this, since it did not contain alcohol (I don't use alcohol on my wounds, so why would I use it on my pet?!). I sprayed it on, covering the wound, then held him for about 30 seconds to allow the liquid to dry. After a few days the wound was almost healed. Finally!<br /><br />BTW - do not blow on wounds to dry the bandage (or anything else). If you have an illness (even if you don't know it!) you could add more problems ... when I was a kid I blew strep throat into my poison oak and almost lost my arm from the infection. Just a warning.",5.0,Health_Household
"I used this for a Mother’s Day event and it looked ok nice at a distance. The flowers are super cheap looking but in bunches all together and from far it looked so so ok nice. This is very overpriced and seller continues to make it more and more expensive. I wished the flowers were better made if they want so much money for this. Also, flowers fall off<br />a bit to easy",2.0,Home_Kitchen
Found the individual wrapping  and protective strip difficult open.,4.0,Health_Household
"It is solid, beautiful, but a slight pain to adjust.",5.0,Health_Household
co worker referred best thing I ever used for whitening,5.0,Health_Household
"Worked great for 6 months, but no matter how much I clean wy window or whatever tricks I use, it just won't stick to my window and is trash now.",1.0,Cell_Phones
I just got this and it doesn't even work!! Junk!,1.0,Cell_Phones
Perfect for my salon suite! Now i want some for my home!!! It comes with a pillow too which makes it a great value for the price! LOVE LOVE LOVE,5.0,Home_Kitchen
picture does it way more justice...,2.0,Home_Kitchen
"I had high hopes for these false eyelashes. The lashes irritates the eye. Hard to set. Once it’s set, you rip out your natural lashes with removal. Now I have less lashes than I did before.",1.0,Beauty_Personal_Care
"Great little camera, perfect for my older mom who is technologically challenged ;-)",5.0,Electronics
"I'm down to the final stretch in quitting, but still crave a cigarette intensely some days. Heck...several times a day. These do help ease that craving and help me stay on track mostly. But the taste is so bad. Its bitter and leaves a weird, chemical after taste every time that stays a long time. I just hate the flavor  - maybe that's the point?",4.0,Health_Household
"I really wanted to like this tripod. My phone doesn't want to stay in the holder. When I did get it to stay, I used it on a tabletop to make my video calls on my phone when I can't get to my computer. I found the instructions hard to follow. I don't recommend this for holding your phone on but it might work for a camera better.",2.0,Electronics
There is no scent and no skin sensitivity. Will buy again.,5.0,Health_Household
Love the Ultra Strong; hate this!  Falls apart!  I wanna donate it to charity!,1.0,Health_Household
Not really my thing. I can’t really seem to like it.,1.0,Cell_Phones
I loved this for the month it worked. DO NOT Recommend.,1.0,Home_Kitchen
"Update: the seller reached out to me and is sending a replacement board. Although I couldn’t get what I needed in good time, the seller is making sure I don’t lose money on the deal.<br /><br />After spending forever trying to figure out why I couldn’t get mine going, I finally seen it. The board was damaged. Very disappointing.",4.0,Electronics
"[[VIDEOID:91e813469cb8f47a2b2601f24513cbfb]] Its twice as big of roll as we get with food saver brand. Gorilla grip brand acceptable not as good as I was expecting, so when<br />I saw these vacuum seal bags I couldn't wait to give them a try. They work  I buy family size packs of meat and break it down for my husband and myself. Got a great seal everytime. I don't always with all brands I try. 2 things I didn't like 1. They don't have the white strip to write<br />the date and content 2. They are thin<br />but I guess that's less plastic waste.",4.0,Home_Kitchen
"The clips are a little hard to open, but once they are in they do their job. No more sheet/blanket stealing going on in my bed!",5.0,Home_Kitchen
"PROS:<br />Protects all internet connected devices in my home with no need to install software.<br />Works with my Apple Airport Extreme router. I am on Time Warner / Spectrum cable.<br />Just put the Airport Extreme in bridged mode and the Box 2 goes between my Cable modem and the Airport Extreme.<br />The Box 2 acts as the router and the Airport Extreme remains as my AC Wireless access point for my home.<br /><br />Does not slow down internet traffic.<br /><br />I also installed a Box 2 in my daughter's home. She has Verizon Fios with a uBee wireless router provided by Verizon.<br />The Box 2 is connected to the output of the uBee router. When you first do the setup, it clones the wireless settings of the uBee and then the Box2 becomes the wireless access point..<br /><br />3/7/18 The latest firmware upgrade fixes port forwarding problems and lets you select the IP address range you want instead of forcing you to use 172.xxx.xxx.xxx<br /><br />CONS:<br />If you need to use the wireless with this box, it has a poor range.<br />Also, it uses the same wireless name for both 2 Ghz and 5 Ghz which is very confusing.<br />When you go farther away from the box, the signal gets weaker and it switches from 5 Ghz to 2 Ghz and you have no idea that it did it.<br />Then when you move closer, it is stuck on the slower 2Ghz connection.<br />Also, if you try to use a Netgear range extender to get more wireless range, the range extender will try to connect to both 2 Ghz and 5 Ghz but will only be able to connect to 2 Ghz for a slow connection.",4.0,Electronics
Can open jars no other device could!,5.0,Home_Kitchen
"These are very sturdy cables. I never have enough because I travel so much and they get lost or ""borrowed"" or wound and unwound so often they just don't last. All of these work and they feel sturdier than many I've received.",5.0,Electronics
"Mine did come with a strong smell but it does not smell to me like cedar wood at all. I have a cedar chest and I have two brands of cedar wood essential oil and have bought that many times over the years. So, I know the smell. When I first opened the package and smelled the first item I honestly thought it smelled like marijuana! Now, maybe this is just how cedar smells when it is very strong. I put some in a drawer and will smell in a couple hours. If my drawer smells like pot or not cedar then I am going to have to take out ASAP.<br />I am not trying to get rid of moths but I just love the smell of cedar wood.<br />I had a very bad issue with getting this delivered which was either the fault of Amazon or USPS. Very odd that I am told in email it was at a ""parcel locker"" and I had no idea what that meant or where it was and I spent a long time on the phone with Amazon and USPS and neither was helpful. I felt like I was doing their jobs for them. Frustrating.",3.0,Home_Kitchen
"best night sleep ever, we take even on vacation",5.0,Home_Kitchen
I just love this Aloe Vera. My skin feels amazing after it dries.,5.0,Beauty_Personal_Care
"The unit looks nice, but with over a week of troubleshooting with Tripp Lites tech department could never get software to work right.  Even with a power failure and the computer shut down the UPS was to shut down after the computer which never happened.  Sent the units back and got a CyberPower, there unit is very accurate and works to perfection. Sorry,but would not recommend!",2.0,Electronics
Great bumper for my watch!! And pretty!!,5.0,Cell_Phones
Not comparable to Silk - spend the money for something better.,1.0,Home_Kitchen
"Dryer/Fire risk!  Previously  I wrote a lovely glowing review for this comforter.  Even tho it is a comforter I had covered it with a cotton duvet cover so this is the first time since my purchase that I have washed and tried to dry it. Per the website and the label I put in my dryer on the “low” setting. 3 minutes later while loading my washing machine a foot away I smelled something burning.  Too late I realized it was my comforter!  It’s also stuck to the inside of my dryer.  I’m a disabled veteran and I live on a fixed income so losing a purchase like this hits my pocket book pretty hard.  It is snowing in Colorado today or I would have hung this to dry, but alas I followed the seller’s website instructions and their label on the comforter.  Sadly, I see no warranty information at all.  The comforter was lovely. If you buy it do not try to dry it as per the instructions!",1.0,Home_Kitchen
"cannot turn all the, sticky is great .",2.0,Cell_Phones
"My boyfriend has the same mount and it works fine. About a week after using mine, I noticed that the nut to tighten the phone holder was loose and my phone kept bobbling around. When I finally took it off, I saw that piece was cracked. I tried to fix it by gluing it, but it didn't work. It's cheap, it's plastic, I'm not that disappointed.",2.0,Cell_Phones
"I struggle with pain in my right heel. I traced it back to worn insoles in my shoes and I have been looking for a solution to ease my discomfort. I had not seen these offered before, and I was hopeful they would resolve my issues. They’ve worked well for me and I have a lot less pain, though I have identified one area for improvement (even if it means increasing the price a little).<br /><br />I will start with this - I tried gel soles and they did not fix my issue.<br /><br />These insoles are cushioned nicely on the heel and add distributed cushion under the whole surface of my foot, not just the heel. My heel is where the problem lies, and the extra padding on the heel has addressed this and brought some relief. I have had these in my shoes not for about a month and they have greatly reduced my heel pain.<br /><br />That said, one thing that I would have made these better is a higher ridge around the heel so that there is some cushioning against the back of my shoe between it and my foot, which would have helped a bit with rubbing on the back of my heel. There are inserts that can be put in of course, but having it as part of the insole (even if it means spending a touch more), would have been very much helpful and convenient.<br /><br />I have been pleased with these insoles. They really do help reduce heel pain, and they are worth their asking price.",4.0,Health_Household
To say I love the Roku Streaming stick is a major understatement.,5.0,Electronics
Too inconsistent for practical purposes. Two at once give materially different results.<br /><br />Interesting concept. Needs work.,2.0,Health_Household
"[UPDATE]<br />emmmm..ok I have to downgrade my rating to 1 star. After a longer period of use, I am sure that I couldn't capture the ""rose"" scent in this essential oil. The roses I like are sweet and strong. But the scent of the essential oil was so WEAK that I had to put my nose very close to the bottle to get a whiff of it. As I mentioned in my previous review, it's a floral scent with a hint of lemon. I don't think that's a rose. It's so lemony that it only reminds me of products that have a ""clean"" effect, like lemon wipes. A further drawback is that after being diffused in diffuser for a few hours, this essential oil's smell has CHANGED!! It changes from a lemon fragrance that I didn't like but was at least smells clean to a SOUR smell. It was no longer the fresh fruit acidity such as orange, but the rotting food sour smell. I do not drink, but maybe it is also a fermented sour smell like beer? In short, very disgusting!!! This is the main reason why I updated this review and lowered the rating. I put up with this essential oil for months because I really wanted to convince myself that I liked it so I wouldn't have to spend time looking for another product. But eventually I realized that the whole using process made me sick. Not one second of its smell pleased me.<br /><br />_________________________________<br />I love the packaging!! It's beautifully packaged. The product can be dripped out through the original opening, or you can use the dropper that comes with it. The dropper is kept in the box separately. The rubber cap has nice touch feeling. It is smooth and does not stick to ash, and the gold cap attached to it looks very beautiful. The label design on the bottle is elegant. Overall, the appearance of the product gave me a very good first impression. Then let's talk about the disadvantages. It smells like a fresh rose when you open the bottle, but when you put it in the diffuser, it smells like lemon, or also like a toilet refresher with a bit of lemon acidity. But if you want to make yourself believe that it's a rose smell, that's also fine. Overall, the smell was subtle, so that after a month of using it, I still couldn't firmly say whether I liked it or hated it. By the way, I have bought another brand of rose essential oil, which smells very similar to this product. So I'm more inclined to say it's not a product defect. maybe it's just a regular flavor formula. Plus, it has a weak scent. It's not strong enough when you smell it directly from the bottle. I need about 20 drops to fill the room with fragrance. Considering its capacity of less than 4oz and its price, I don't think it's very cost-effective. So I give it four stars.",1.0,Health_Household
"I purchased this at a store front, not Amazon. I have quite a few Samsung electronics; all work extremely well. This, on the other hand, is a piece of crap.<br />It freezes regularly, shuts off at random times (while watching discs or streaming), won't power off (both when using the remote & when pressing the button) and has to be reset by completely unplugging it.<br />I'm going to try returning it.",1.0,Electronics
Cracked after merely setting it on the table. :(,4.0,Cell_Phones
Its the pencil kind and you have to use a sharpener.  errrrrgggg,1.0,Beauty_Personal_Care
I find this more intrusive than useful so now it just sits in the back of my closet somewhere,1.0,Electronics
"Best makeup primer out there!!! I have used the DHC brand for more than ten years now and am very pleased. I have tried many of their line, but this product is one I continue to purchase. I would not use any other primer. I have sensitive skin and find DHC products to be very easy on my skin. I'm 53 and get compliments on my skin, and I have to give kudos to DHC. Always pleased with their products.",5.0,Beauty_Personal_Care
I love this product.  It's such a cute idea!  It adds some fun and adds functionality.  This product comes in a cute box that is easy to wrap if you are gifting.  I purchased these because they looked like a fun item to use.  I was right!....I love not having to fish out my tea bags or loose tea from my cup any more.  I just remove Mr or Mrs tea from the side of the cup.  My children think it's great!<br /><br />Note:  I received these items at a discounted rate for my honest review and opinion.,5.0,Home_Kitchen
Very fast for ripping my CD collection to FLAC,5.0,Electronics
Exactly the size I needed perfect .,5.0,Home_Kitchen
Perfect for my homemade vanilla,5.0,Home_Kitchen
This does not have solar charging. Refund! Quality is ok for price.,1.0,Electronics
Excellent product. Protects my phone well.,5.0,Cell_Phones
Muy linda le quedó perfecta a mi reloj me encanto,5.0,Cell_Phones
I bought it to clean my stove & it worked perfect.,5.0,Health_Household
Perfect.  Exactly what I was looking for,5.0,Health_Household
Very excellent quality I recomended to buy,5.0,Electronics
RETURNING!! Never have I purchased a screen protector that requires so much effort. They are generally easy to place on the phone...NOT THIS JUNK! It comes with more little pieces of junk than your child gets in a box of legos... unbelievably disappointed...now I have to wait additional time to order something normal.,1.0,Cell_Phones
"I absolutely adore this mug! I am a Harry Potter fan, so I get tickled pink every time I drink from it. It's lightweight with thin handle, easy to grip. It makes a wonderful gift. The design is engraved and will not come off  after washing.",5.0,Home_Kitchen
Absolutely love this! I'm thinking of getting a second one for the kiddos.,5.0,Home_Kitchen
I would like the bed if I could finish putting it together. I'm missing a leg which is important.,1.0,Home_Kitchen
"This Old Spice smells like that orange cleaner.At least I smell clean, and smell like a bag of oranges.Stick with the original!!!",1.0,Beauty_Personal_Care
I used it all and didn’t really see a difference in myself.,2.0,Beauty_Personal_Care
"I bought the purple version, and they are a big disappointment.  The indicator doesn't ever really fully go white/translucent, and they do NOT heat up at all, really.  Some don't even feel lukewarm after they are supposed to be fully heated.<br /><br />I expected much better than this from Conair.  I used to have a similar set of curlers from this brand that were awesome.  These are really no good for anything.",1.0,Beauty_Personal_Care
"Absolutely worth the money! I received one after having micro blading, I am hooked! These are great quality with a low price!",5.0,Beauty_Personal_Care
"First of all these are priced almost DOUBLE as the store. Second, they crack like crazy!! Bought a pack about a month ago and only have FIVE left!! The bottoms fall out no matter how carefully you handle them in heat or cold.",1.0,Home_Kitchen
"I love this camera! So easy to use, nice photo quality! Overall best Polaroid out there and for me was best price on amazon!",5.0,Electronics
"What you see is what you get. Cute box, decent products. Looks nice. No secret that it is made in China. I could see it in the product pictures, and they list the country of origin on this product page!! But know that this brand is part of the US division, so cruelty free and such is not off the table. The box reminds me size of a VoxBox/Influenster style.<br /><br />Smells nice, cute assortment of products. I never buy stuff like this for other people. I tend to prefer hand picked name brands, or name brand compilations. This at least looks fresh and pleasing to the eye. Would make nice token gift, or B&B or guest gift. Or quick gift. I cant see totally hating it. Maybe add in a few other goodies to round it out.<br /><br />I am most keen on the lavender roll on, the candle, and the body butter. I think those are the best of the bunch. Hair mask isnt my thing, but it is a nice touch. Something different. Bath bombs and scrub arent really my thing either, BUT I find them useful for foot soaks. I havent done that with these yet, but that is what I have done with other gift sets that include these items. I dont take baths, so bath bombs are instead used as foot soak shower steamers. I either plug my tub while taking a shower and set this in the water to have a little bit of a foot soak and aroma experience while I shower, or I put one (or part of one) in a foot bucket for soaking. Then I use the body scrub to scrub my feet. I make it work :)  I like that these are mini bombs!",4.0,Beauty_Personal_Care
is this French lavender. I absolutely love it!,5.0,Health_Household
Pros:<br />Appears to be durable<br />Provides good cushioning<br />Reduced pain in my foot<br /><br />Cons:<br />Cannot think of any!!!,5.0,Health_Household
"I bought this on sale, and got a great deal, but it burned my skin. I have never had an Olay product do that, so I am not sure that if it is the same product that you purchase in the store. I know that it is definitely not for sensitive skin.",2.0,Beauty_Personal_Care
"I was so happy to find these. I was ready to toss my marble board, then I looked on Amazon Prime,  of course!!! Easy to install. Perfect size.",5.0,Home_Kitchen
Super quiet!! Easy to use ! Keeps humidity in my living room.,4.0,Home_Kitchen
Does not fit. No instructions. Waste of time and $,1.0,Electronics
I use them to break the concussive hit from my nail gun.  Does good and cuts down on the post work day head aches.,5.0,Health_Household
Some brands help. This one didn’t.,2.0,Health_Household
"I was honestly loving these chairs. From the very beginning when I pulled them out of the box I was ecstatic at how well they were packaged. I found them incredibly easy to put together. Then they were actually comfortable..... And surprising very sturdy! And holy cow, that price, it can't be beat. I said to my husband ""I think we should buy the full set"" ....and then we used them.<br />The crumbs left in the cracks after just one meal we're immediately impossible to get out. The crevice is too deep and narrow, so you can't simply wipe crumbs away. You actually end up pushing most crumbs further down as you try to remove them. The only way this type of chair could ever be thoroughly cleaned and crumb free would be to unscrew the seat. And if you didn't stay on top of it, the amount of crumbs this chair would collect in time will soon become very unsanitary health risk imo. Not to mention the greasy kid fingerprints are incredibly obvious on the black fabric. I have three children and one more on the way, I don't have time for furniture that I have to maintain to this degree. I'm sorry to say these won't work for our family.",1.0,Home_Kitchen
Excellent invitations for my daughter's Luau party! Super cute,5.0,Home_Kitchen
"These work okay, but they didn't work great for me. It takes a applying lot of pressure to get my device to respond, and they don't offer any improvement over just tapping and swiping with even dry hands and fingers. But they're okay if you just like using a stylus with your device. And you do get five of them for a reasonably price.",4.0,Cell_Phones
"I am African American. I have coarse, wavy hair. I've used Carol's Daughter Black Vanilla sulfate-free shampoo, and it's ok. I wanted to try something that would not leave my hair feeling stripped. This has to be the absolute worst shampoo I have ever used. It smells bad--very medicinal--but more importantly, it left my hair feeling like straw. I had to re-shampoo with the Carol's Daughter to get some semblance of softness back in my hair. Buyer beware.",1.0,Beauty_Personal_Care
I think this Product is Wonderful! Smooth & Silky!,4.0,Beauty_Personal_Care
"My favorite, I always use this! (Relaxed Hair)",5.0,Beauty_Personal_Care
I returned it because it was the wrong size,5.0,Cell_Phones
This stuff works amazing for putting on stones & rhinestones! I’m so glad I found it! Shipping was fast as well! Thank you!,5.0,Beauty_Personal_Care
"Vinegar has been used as a remedy since the days of Hippocrates. The ancient Greek doctor treated wounds with it. In recent years, people have explored apple cider vinegar as a way to lose weight, improve heart health, and even treat dandruff.<br /><br />Many of these claims aren’t supported by modern research. But some studies have found that acetic acid -- which gives vinegar its distinctive taste and smell -- may help with a variety of conditions:<br /><br />Japanese scientists found that drinking vinegar might help reduce obesity.<br /><br />One small study found that vinegar improved blood sugar and insulin levels in a group of people with type 2 diabetes.<br />Vinegar also has chemicals known as polyphenols. They’re antioxidants that can curb cell damage that can lead to other diseases, such as cancer. But studies on whether vinegar actually lowers your chances of having cancer are mixed.<br /><br />The Downsides...<br />Drinking a lot of apple cider vinegar can damage your teeth, hurt your throat, and upset your stomach. Also:<br /><br />Though some studies have been promising, there’s still little evidence that drinking apple cider vinegar helps you lose weight.<br />It may also cause your potassium levels to drop too low. Your muscles and nerves need that nutrient to work the way they should.<br /><br />Another study of people with type 1 diabetes found that apple cider vinegar slows the rate food and liquids leave the stomach to be digested. That makes it harder to control your blood sugar level.<br /><br />It might also affect medications that treat diabetes and heart disease, as well as diuretics (medicines that help your body get rid of water and salt) and laxatives.<br /><br />In short, apple cider vinegar probably won’t hurt you. Enjoy it in your diet because it’s calorie-free, adds lots of flavor to food, and has health benefits. But it’s not a miracle cure.",4.0,Health_Household
Fantastic value for such a great product! Definitely happy with my purchase!,5.0,Cell_Phones
Smells amazing leaves skin soft and feeling clean! Definitely a must have!!,5.0,Beauty_Personal_Care
Doesn't work at all. Don't waste ur money,1.0,Health_Household
"This was not an especially impressive mascara.  My lashes are decent- they have okay length and volume, so I'm really looking for a mascara that just provides some accent.  I don't need extreme volume or anything like that.  I often find black mascaras to be too harsh for my fair coloring, so sometimes I choose brown.  I didn't think there was such a thing as a black mascara that was too light and too subtle for my lashes.  Then I met this one.  This mascara provided a bit of color, but that was it- no real appreciable length or volume.  I felt like it was still difficult to see my lashes.  The wand is quite large, and while I found it to be okay for my top lashes, it was hard to maneuver on the bottom, and I have not been able to deposit much product on the bottom lashes.  My tube also had fairly large clumps when I first opened it.  I do think it's possible that I got an older tube that was already starting to dry out.  This could explain the lack of performance.  I wouldn't go out and purchase another tube to test, however, as there's loads of mascaras on the market.  Basically, this might be good if you want very understated looks for a very conservative situation.",2.0,Beauty_Personal_Care
I love this for my hair. Dries quickly,5.0,Beauty_Personal_Care
"twisting and twisting and twisting and the hair was not moving, I gave up several times and finally gave it one last try and off it came, kinda took all the fun out of it.",1.0,Home_Kitchen
I need  this stylus because my hands shake and make it difficult to select on my cellphone,5.0,Cell_Phones
I want curly but this is not good at all!!!,1.0,Beauty_Personal_Care
Best diffuser I’ve ever owned!  Own a couple.  Love it!,5.0,Health_Household
"Cute, but my dog wouldn't wear it.",3.0,Beauty_Personal_Care
I absolutely love lemon scents. My friend gifted this to me as part of a set. It smells just like lemon and I even think my sinuses are clearer. Great stuff,5.0,Health_Household
I got these to connect my phone to an external battery. Perfect length,5.0,Cell_Phones
"I received it today, Nov. 3，2022.<br />Thank you.",1.0,Health_Household
"These reading glasses are attractive and seem quite sturdy (a must because I tend to leave them lying around a lot). It's handy to have several pairs, since if I forget where I left one  pair, I can usually find another close by.",4.0,Health_Household
"I get frequent infections and this product detects it accurately. I recently was having pain and used the strip and it said I had a UTI, went to the Dr. and I did. Got the necessary antibiotics. Would recommend to anyone who has problems with their bladder.",5.0,Health_Household
"way smaller than expected.  Tiny, but cute.  Not worth 20 bucks.  maybe 5",2.0,Home_Kitchen
"This pallette was totally and utterly useless for me. First of all, these colors are not pigmented at all..at least not in my opinion. I couldn't get the coral to faintly show up! The first time I applied this pallet I didn't have any base on. I mean had no primer nor makeup. Just a bare face. I literally looked like I had white glittery flecks on my lids! Oh my God and the fallout????? Oh no! Horrible! Since I was in the car applying it the first time..I had fallout all through my lashes and face all dang day!! So the next time, I did my face proper. Yeah, no difference. I love corals and browns, mauves it's what caught my eye when I purchased it. But Jesus, I had more on my face, nose, and lashes and I still couldn't get the color to barely be there..wth?? I am a woman of color. I have caramel skin with red undertones. This kit should have worked..but it didn't.<br /><br />Epic fail.😑😕😱",2.0,Beauty_Personal_Care
Looks Great in perfect condition.  My phone fits in it perfectly,5.0,Cell_Phones
Seems to be working fine I haven't cracked it yet and I dropped my phone a lot. It's a pain in the ass to put on and take off though,5.0,Cell_Phones
Very handy i love the lights it helps with doing my makeup in the morning. This is a good product.,1.0,Cell_Phones
I HIGHLY RECOMMEND this mask it blocks out all light and fits great!! Excellent product and fits wonderful!! I would purchase again! A+++,5.0,Health_Household
"High quality, durable construction? A joke.<br />I ordered this stylus to use it with the Art Rage app, it has a nice feel around your fingers but the material on the outside feels and behaves like cardboard. It was hard to pry it off the tube packaging it comes in and when it finally came out part of this cardboard body was left glued to the inside of the tube. On using it with the app on the Ipad 2: I had to put some more pressure than expected to see the results on the screen. It was returned.<br />The next one I tried is the Elago Stylus Grip which is half the price of the Cosmonaut, very nice weight, is not round but faceted which IMHO feels nicer in your hand, the outside is sturdy metal plus there is a REPLACEMENT TIP INCLUDED. I've used it on the app and it works great! A keeper finally!!!<br />BTW, my first try was the Nomad Brush Flex Stylus. I didn't like the feel in my hand because it's very thin, the brush hairs are too long and when one tries to use it on the app it just bends too much and it makes the strokes difficult to control. Back it went as well.",2.0,Cell_Phones
"My skin is prone to reacting badly to perfumes and lotions, so about half the stuff I try causes breakouts. This product did not! It goes on smoothly, has almost no scent, and does not have a greasy look afterwards. Easily absorbed, doesn't irritate--good product!",5.0,Beauty_Personal_Care
good shampoo but I wanted a better restorative product with good essence,2.0,Beauty_Personal_Care
"best toilet paper ever, thats why i set up my dash button to buy this :)",5.0,Health_Household
"If these worked, they would be perfect. The price was reasonable, the cord length is perfect, and the cord came with respective plugs. I used it for the first time in my car on an hour commute. It connected my iPhone to my car using Car Play, but I didn't realize until I arrived at my destination that it didn't actually charge my phone (it only provided data transfer). Then, I tried it at my house plugging it into the wall. The cord didn't charge my phone at all! Bottom line, the charger didn't work so not very useful for the function. Find a more reliable one.",1.0,Cell_Phones
Waste of money...never received the free offer..screen protector scratched unable to read finger print..camera protector don't stick. Very disappointed I do not recommend.,1.0,Cell_Phones
Love that I’m able to make my own bags for custom sizing them.,5.0,Home_Kitchen
"If you had asked me when I started using these Eprouvage products what I thought the first few months, I would have said &#34;the very best I've ever used&#34;....and that's because for almost 8 months after starting the shampoo, the serum and conditioner, my hair looked much fuller..Probably so because it slowed down the rate of hair fall out...Knowing hair goes through cycles of dormancy, growth, then fallout so hair can be replaced, I wasn't cognizant early on that these products were insuring that each hair stayed on my head longer....therefore I had less fell out and the appearance of more hair..  So<br /><br />Now more than 8 months later, while still using these 3 products (shampoo, serum (daily) and conditioner), my hair began to shed...profoundly so....so much so that I was now having issues with how fast hair was shedding in relationship to how<br />slow my new hairs were being replaced...Now I was dealing with thinning spots...and even balding spots...It's scary...I feel<br />these products manipulated the natural cycles of my hair growth and replacement, so it appears early on that you've got thicker, fuller hair....and this is because of less initial hair loss.....<br /><br />The ultimate end to this growth and dormancy manipulation is having hair that new hair isn't growing in as fast as it's falling out...and to me, that is very disturbing...Might not happen to everyone...just sharing it happened to me..<br /><br />And happened to my friend after I recommended these products to her...she had used them about 6 months and now telling<br />me she's losing hair faster than its growing back too...Her hair looks thinner too after at first appearing fuller....So my guess is that this manipulation of hair cycles initially appears to be positive....in the end, it's actually negative...I don't know what makes the growth cycle catch up to the fall-out cycle...I'm trying Andrew Lessman's Hair, Skin and Nails...his oral supplement that people have raved about...Hopefully this solves my super slow hair growth problem...",2.0,Beauty_Personal_Care
"First, I liked how this pen felt in my hand when I was able to use it.<br />Like all the supplies that came with this kit.<br />The pen was working okay for about a week.  I went to turn it on today and it just wouldn't turn on.<br />I did notice a bit more vibration yesterday when I was practicing with it.<br />I might have gotten a bad one from the batch.  Will keep the battery and hope that it will fit one of my other machines.",2.0,Beauty_Personal_Care
"It’s a lip crayon texture in two different shapes - one is like a pencil and the other in a lipstick tube.  It is matte, and I like the color once it sets.  Does it stay on? It transferred to my coffee cup.  Then it’s completely gone after I ate lunch.  Re-applied in the afternoon and it’s gone again after dinner.",2.0,Beauty_Personal_Care
I've had this for a while but I am just now sending a review. The top part will not stay gripped and my airpods fall out,1.0,Electronics
Best - Others are watery and weak,5.0,Health_Household
Perfect for keeping my hair taught but not overly tight while I wash my face or am in the shower. It's padded like a full pillow and is terrycloth lined. Not tight  around my head and looks really cute!,5.0,Beauty_Personal_Care
Perfect for my PC protable fan!,5.0,Electronics
"We have wi-fi via our cable service, but the router is on one side of the house and does not give good connection on the other side. We bought this and it has really helped.",5.0,Electronics
"I have now purchased my second Pong case because of my concern over the lack of any scientific evidence or longitudinal studies showing the impact of cell phone use. There is no way for me to know whether this is accomplishing anything but I have trust.  Now, the issue I ran into was that the bottom of the case broke when it fell and not at a great distance. It did protect my phone though so I'll give it that.",5.0,Cell_Phones
Beautiful thick and sturdy case! But VERY TRICKY AND HARD TO PUT ON!,5.0,Cell_Phones
Best broom/dustpan I have ever used,5.0,Health_Household
"If this won't make you a man, you have no hope.",5.0,Beauty_Personal_Care
It only worked once! Very disappointed because it was a perfect travel size! It worked one time then the steam would not come out and water just dropped out of the top. Had to return it,1.0,Home_Kitchen
"Magnesium ""oil"" is actually flaked magnesium mixed with water. To me, this did not feel oily at all but it did have a texture I can't describe other than filmy, after I applied to feet and hands. To the person who claimed you can use as a massage oil, no. You can't lol it's too watery and dries too quick for that, so I question the authenticity of their review.<br /><br />There is a statement on the bottle that tingling may occur. I did not encounter that. It may just be a coincidence but I noticed my feet and hands didn't ache after I applied when I got out of the shower.<br /><br />Be aware if you put it on your hands, don't go putting them near your mouth because it tastes horrible lol.",4.0,Health_Household
What I dislike is I still can't get the keyboard to work.,5.0,Electronics
"I read the reviews about the keyboard being tiny. I like small keyboards and I don't mind unusual configurations. This keyboard though... might be too small even for me. Everything else was great about the keyboard. It's sturdy, it fit my ipad mini snugly but not too tight, it connected easily via bluetooth, it was partially charged so I could use it right away, the magnetic mount is perfect. I'm really kind of bummed about the size. I couldn't type reliably without pressing multiple keys because I had to press all the way down to get the keys to respond. If I could type with a lighter touch then my accuracy would improve. This keyboard doesn't give me that option. I realize there's not much in the way of options for a keyboard with the same footprint as the ipad mini, but this just doesn't work for me. I'd rather use the on screen keyboard.",2.0,Electronics
This stuff is amazing once I started wearing it woman couldn't resist me it completely changed my sex life.,5.0,Beauty_Personal_Care
"I have been tempted to try home miconeedling for some time. and it really has only been with my experience with Dermaroller skin care products (xcellarisPro) that I took the plunge into trying their roller. There are so many cheap rollers, but since I am using something on my face that pierces the skin (!!), I wanted as much info as to what I was doing, how to do it, and what to look for in a product. Let me go with a name brand to start, ya know?<br /><br />Depth of needle puncture is perfect for my middle aged skin that has never done this before. The needles I have learned are better quality, better suited for clean punctures. Any desire for deeper, I think I will leave that to professionals. This is simply nice for helping my luxury skin care to absorb better, and maybe do an even better job. My primary focus is more topical, not deep.. so this level of roller is good enough. Been focusing on my forehead with use with pigment reducing products. Skin seems less patchy, more hydrated. SO far so good. Yay! Would I have gotten that with an unknown brand? I dont know. I do know I likely would never had tried it on my own if it werent for this one by Dermaroller<br /><br />It isnt awkward to use. Just have to remember to thoroughly wipe down or spray down the unit with alcohol.",5.0,Beauty_Personal_Care
"You get so many, and some really good ones I might add. I love the eye contour brush the best! They are well made and super nice brushes!!",5.0,Beauty_Personal_Care
"The way this installs is amazing!  It even comes with a leveling “bead” so you are sure to have a perfect installation.  Then, without the use of any tools, it’s secure and ready for whatever.  We needed it in the bathroom, which is shared - so, no more wet towels on the floor!  It looks really sharp - perfect with our farmhouse decor.  Very pleased and amazed with this “coat” rack!",5.0,Home_Kitchen
"Real ankle problems? This is basically THE brace.<br /><br />It will be a bit bulky or awkward at first, but when you are facing rehab, possibly surgery, or post surgical recovery, or just especially if you wear for athletics, there is simply nothing better. Post tib tendon sufferers, to sprains, to surgery, especially for us tennis players or anything generating twisting/torquing/lateral stress or to prevent collapse, pronation etc, just BUY IT and know there is some light in the tunnel of ankle problems.",5.0,Health_Household
"Like many have reported, the microphone stopped working. When I call people they cannot hear me but I can hear them. And this conveniently happened just after the return window closed for Amazon. From what I read on the reviews, Lenovo is impossible to get anything done, so I this is basically something to put in the trash.",1.0,Cell_Phones
Perfect for coordinating our New Year's party.,5.0,Health_Household
"Thanks to a recent injury, keeping clean has been a bit of a problem.  This helps.  But be careful of the Epsom salts.  Too much on irritated skin and you'll regret it.",4.0,Beauty_Personal_Care
"The pouch is too small for my phone with its protective case.  I tried gently stretching the pouch, but it broke.  The seller was very generous in sending another pouch.  I would not buy again.",2.0,Cell_Phones
It’s great my daughter love it!!!!,5.0,Electronics
"I’m glad I’m not the only one, I could NOT wash this balm off lol. I have dry skin and high hopes for a new cleanser. I’ve found wonderful products from artnaturals, but this one did.not.work. It feels like coconut oil that doesn’t fully dissolve during application. Very greasy. I tried several methods to remove it, but it’s always a messy struggle, ain’t nobody got time for that. Also, my face isn’t even left clean. I do not recommend",1.0,Beauty_Personal_Care
"Perfect for my office, bedrooms, and bathroom trash came.",5.0,Health_Household
"This is the first shaving soap I've ever used that has such a noticeable difference in how it feels going on + how it makes my face feel!  such a thick lather from this soap...it almost feels like a gel on my face.  It makes my single blade razor glide over my face.  Unbelievable close shave with no irritation.  I'm using the same razor, but my shave is much closer.  My face just feels smoother after.  The classic ""barber shop"" scent is fresh & clean.  Reminds me of the powder the barber used to brush off my neck with after a haircut..just a good smell you remember forever.  If you use shaving soap..You need to try this one!!  Quality company too",5.0,Beauty_Personal_Care
"Scent is. Okay, But is not like the Wind Song. I Remember",4.0,Beauty_Personal_Care
I liked the shape color... but I could not use them because they send me the wrong strength...<br />I return them and I could find the number I wanted.,4.0,Health_Household
"Daily Support Hemp tincture is the only product that will eliminate the stabbing pain that I get in my feet. I have tried countless natural supplements and even pain pills, but nothing has worked. The pain that I get is not constant and just comes from out of the blue. Taking the Daily Support full spectrum has definitely made a difference. Since the pain seems to come in the evening, I will take a dropper full in the late afternoon. I have noticed that if I forget to use this tincture my foot will remind me. I don’t know what causes this horrible sharp pain, but I suspect it may be the start of neuropathy which I have read is very hard to treat. The price of this product might seem high, but this is quality hemp, and I will keep using this wonderful product as long as it continues to work for me. I highly recommend Daily Support full spectrum hemp tincture.",5.0,Health_Household
Cute wavy hair! Love it! Easy to wear low maintenance!,5.0,Beauty_Personal_Care
Works excellent to file my dogs nails down,5.0,Beauty_Personal_Care
Best case I have ever owned for an iPhone,5.0,Cell_Phones
Not as good as a five<br />Blade,5.0,Beauty_Personal_Care
"I did not care for this. I liked it when it first started because I liked the bottom. I do not like how it compresses your feet. I found that uncomfortable and pointless. It ruined what would have otherwise been very nice.<br /><br />It did seem like a quality piece. It worked perfectly. It looked nice. It seemed well made.<br /><br />Other may like this, but I was not able to use it.",2.0,Health_Household
This piece of garbage lasted less than six months. It suddenly stopped working completely.,1.0,Home_Kitchen
"I buy this exact same product when I go to the local store. It is my favorite and I won't use anything else for my super dry hair. This version on Amazon just seems different. My hair is no where near as soft feeling. I don't know if this is just an old product of what. But, I do know it's not the same as buying at my local drugstore/superstore.",1.0,Beauty_Personal_Care
Love the design!  Way better than my OEM,5.0,Electronics
"The case looks amazing, really slick and modern. It feels great when you hold it and its not too bulky. However, if you are not careful, it scratches extremely easily. Beware of keys in your purse and zippers in your small bags especially. I've had this for about two months and I am already looking for something else to replace it, is not worth it.",2.0,Cell_Phones
Not for VR headset. It easily unplug from our Oculus Rift,1.0,Electronics
The best brushes ever!!! I love that brand a lot!!!,5.0,Health_Household
Didn't work for my hot flashes. Oh well.,1.0,Health_Household
Two 56 ounce bottles at a great price!!! Dawn never fails to do the job.,5.0,Health_Household
Bought it during a deal. Used it during a trip recently and cannot thank these guys enough that now I can carry it around to any other car I may drive.,5.0,Cell_Phones
Bought this set to go with a bedding for my bestie! She loves them!!,5.0,Home_Kitchen
It's perfect since my old cord was chewed on.,5.0,Electronics
Sticks perfect to my iphone with no bubbles,5.0,Cell_Phones
"It fits well on my iPhone Pro Max and it is nice looking. It is never slippery, so I don't have to worry with it slipping out of my hands. I liked it so much and the different styles, that I bought a few more.",4.0,Cell_Phones
"I need to start by saying I have a smaller face and because of that I felt like this was a little big on me. I also have a slight cold right now and since this rests down on my nose quite a bit it made it a little harder to breathe with my stuffy nose. I'm also unsure how comfortable this will be when it gets hotter out. However, due to its size I certainly couldn't see even a little bit of light through this.<br /><br />It took me a minute to figure out how to use the nature sounds. I was able to hook up the bluetooth very quickly and easily and after reading the instructions I realized you have to hold in the little button on the bottom for the nature sounds. There are a variety of sound options starting with bird noises and I ended on water noises. I felt like these sounds were pretty loud to start, I had to turn them down quite a bit.<br /><br />I personally like to listen to podcasts to fall asleep and my husband usually is up later than me watching TV so I was glad that I could keep the TV light out of my vision and still listen to my podcasts without bothering him. The speakers are plenty loud and pretty comfortable but as a side sleeper I could have handled a tiny bit more padding.<br /><br />The strap is easy to adjust and pretty comfortable. I didn't even try a lot of the features like the timer or calling because I don't anticipate using either of those. However, I did like how easy it was to skip, repeat, pause and play my audio.",4.0,Electronics
The zipper fell apart after less than a year. Luckily there are two zippers so I can still close it but the quality is not what it should be.  I don’t use this on a daily basis so I was very surprised that it came apart.,1.0,Electronics
this will not disappoint. great solid product.,5.0,Home_Kitchen
"I bought this for a bedroom, but can't use it for that..  I'm giving it to a friend of mine who will use it in her car or her computer.",2.0,Health_Household
This is so perfect for my needs. Finally my make up is organized.,5.0,Beauty_Personal_Care
The best mascara I have ever used... hands down.,5.0,Beauty_Personal_Care
Wonderful product! Super great price! I love this rug so much. A++++++,5.0,Home_Kitchen
"I have an auto-immune condition due to thyroid issues, which makes me more vulnerable to getting sick with colds, flu, etc. This product has helped me by strengthening my system so I don't get as sick as often as I did before.",5.0,Health_Household
Seem pretty durable.  Not bad at all,2.0,Health_Household
This was wonderful. I wish I had gotten some last year.,5.0,Health_Household
These glasses are wonderful!! No more headaches. Great value too!,5.0,Health_Household
There are tracks. Someone needs to report them. This is getting out of hand,1.0,Beauty_Personal_Care
I have air wick plug ins all over my house and absolutely love them!,5.0,Health_Household
We absolutely love the Apple Watch bumpers! I get so many compliments on them! Thanks for a great product!,5.0,Cell_Phones
"These drawer organizers are sturdy and well made. They are foldable, do not require assembly and when I need them, there is a zipper underneath that holds them steady. There are bins of various sizes for socks, underwear, bras and camisoles or anything you have in the drawers. They really keep everything in order since I can't! LOL Love them.",5.0,Home_Kitchen
Sound quality is awful. I ended up switching back to my headset.,1.0,Electronics
I desperately needed a fast-charging cord since the one I had wasn't doing the job. This one charges my phone quickly and meets my needs.,5.0,Cell_Phones
I love this polish it last long and the color is amazing...,5.0,Beauty_Personal_Care
"Horrible product.  It does not dry completely, transfers easily with the slightest touch, and stays tacky.  Considering NYX shine loud which works perfectly.",1.0,Beauty_Personal_Care
"The it’s cheap, easy, and there is no noticeable image degradation upon conversion… what’s not to love?<br />Great!<br />I would order this again.",5.0,Electronics
"I have been using Supcase cases for a few years now, and generally I have been very satisfied with their products. This case seems to be very well built, and it gives the impression that it will handle a few drops. It is well designed and fits the phone like a glove. As a few other reviewers have pointed out, the problem lies on the plastic screen protector. The touch response is OK, but not as good as a tempered glass screen protector. In my case,the screen protector came warped in one corner which caused a weird effect on on the screen, It was just a tiny area so I could ignore it. However, after a few days of using it the screen protector got damaged, it became dull in one area, and my efforts to clean that smudge have been unsuccessful. Since the screen protector is not replaceable, I now need another case. Other reviewer mentioned that he took the protector out, and tried to install a tempered glass only to find out that the thickness of the tempered glass did not get along well with the case. Perhaps a PET screen protector may work better with this case, but I will just return the case. Lastly, I agree with the reviewer that mentioned that the front camera gets obstructed by the case but only when in wide view (useful when taking selfies with a group of people). So keep all this in mind when ordering, this is a great case that fits the phone perfectly, however once the screen protector is damaged (and that happens quite often) you will need another case as the screen protector is not replaceable. Suggestion to Supcase: why not sell compatible tempered glass screen protectors...",2.0,Cell_Phones
"Everything is good! This is the best hair piece EVER! ITS GREAT! Especially when trying to grow your layers out, or if your a ""hat person."" NO-ONE knows I'm wearing it. Color is beautiful! I'm letting my gray grow out, so I'll be ordering another.",5.0,Beauty_Personal_Care
I used these with my old humidifier and they worked fine. But my new humidifier they were too big to fit in.,1.0,Health_Household
This screen protector doesn’t line up like it said,1.0,Cell_Phones
Arrived quickly and there is no strong smell.  I am using it for eyelashes and eyebrows.  My only complaint is that it runs out of the dropper without me touching the bulb.  I have to turn the dropper over as soon as I pull it out or it will be all over the counter.  It's pretty messy to work with.  I think my eyelashes do look a little thicker.,4.0,Beauty_Personal_Care
"This is fine for curing ordinary gel polish but not for polygel. All of my polygel nails popped off after one day! I was so disappointed.<br /><br />Also, the lamp turns off depending on how you position your hand in the machine. Sometimes it turns off for no reason - SUPER annoying!!<br /><br />My advice is to save more money and buy a PROPER lamp...because this? You really get what you pay for.",1.0,Beauty_Personal_Care
These are AMAZING! My daughter and I were testing ours and accidentally forgot and left them submerged overnight. No leaks!!! Can't wait to use these babies in Hawaii!!!,5.0,Cell_Phones
"Hope I never have to use it, but if I do, it is there.",5.0,Electronics
"Is it strange that I love my pillow? I do! When you put your face on it, the subtle smell of lavender INSTANTLY relaxes you and it's almost like you're in a trance, and you can't move! The memory foam is superior quality. I was a little hesitant about it but need not have worried. It's ventilated and stays cool. The entire pillow is covered in a knit fiber case and is kind of silky to the touch. I am a stomach sleeper, this works better than I could have imagined. I also sleep on my back, and this supports my neck without propping me up too high.<br />Here's the reason I think this thing is magic- the relaxing lavender and the comfort of the foam is magnified in the moments of ""dream sleep"" right before you wake up.  Causing incredibly relaxed and happy dreams. I'm not kidding. Like, I dreamt I was sitting next to my Grandma, eating sugar cookies, comparing cursive handwriting. And smiling smiling smiling. I woke up smiling. Other dreams, my subjects are laughing, which makes me laugh. I wake up laughing! Obviously it's the pillows magical qualities! Haha! I hope it works for you too.",5.0,Home_Kitchen
"I bought these for my husband thinking they'd fit in his iphone, but I was wrong. However, they will work in his computer with the adapter.",4.0,Electronics
"I bought mine at Sally Beauty because there were great reviews on it. But while others are having a good experience with this brush I'm having the opposite.<br /><br />I don't know if it is because I have fine hair but it is pulling out more hair than a regular brush  for me, and since my hair doesn't grow back that isn't good for me.<br /><br />But that is just my experience with this brush",1.0,Beauty_Personal_Care
Been on this alone time<br />It works.,5.0,Health_Household
"With this cheap accessory, my DSLR camera looks much more decent.",5.0,Electronics
"While this is undoubtedly well-made, it's not thoughtfully designed in the slightest. I have glass snap ware which looks similar to this, however my glass snap where is not only effective but is also built to be easy to use, easy to clean, and is overall a pleasure to work with. This, by contrast, seems like it was designed, manufactured from afar, and then never had the design tweaked to make it actually comfortable and functional to use.<br /><br />I'm a landscaper, so I am not weak by any means. However, I found it incredibly challenging to get the lid off of this thing. I handed it to my husband, and his basic impression was that I ought to get rid of it because neither of us is going to be willing to struggle with the thing to get it open. It just takes a great deal of power to snap the sides up.<br /><br />Then, the lid has this floppy gasket on the inside which is supposed to keep it from leaking, but keeps coming loose. This is obviously not going to be something that goes through the dishwasher gracefully, not only because of this ridiculous falling out gasket, but also because the lid design seems perfectly suited to trapping grungy water in crevices.<br /><br />Lastly, the silverware is poorly designed, flatter than it needs to be and uncomfortable/clunky to use. It feels very cheap. Given the price of this set, I would expect much better build quality.<br /><br />I will stick with using my regular glass snap ware set and just bringing along a utensil in my lunch bag. This thing is so challenging to use and clean that it is really not worth the hassle. Too bad, because the idea is excellent. It was just plagued by poor design and poor build quality.",2.0,Home_Kitchen
"The stars are very thick and durable. The colors were vibrant and there were no scratches or imperfections on the items. The installation is not what I'm used to. You have to insert the screw into the wall first (with a drill) then screw the stars onto the hook. This did not work for me. The screw just created a huge hole in my wall and fell right out. They would have looked nice if they worked out, but they didn't.",2.0,Home_Kitchen
Excellent Performance and Value.,5.0,Electronics
"UTTERLY USELESS! I’ve taken Valerian Root Capsules before from “NOW”…and the smell when the bottle was opened almost knocked me over! But I always SLEPT! These did nothing for me…AND there was NO SMELL at all coming from the bottle. I opened a capsule and the red-brown  POWDER INSIDE had absolutely no smell at all! AND NO TASTE when I put some in my mouth. I don’t know what this is, but I wasted my money on it. I have ordered from NUTRICOST before, but this tells me they cannot be trusted and I WILL NEVER BUY ANYTHING FROM NUTRICOST  AGAIN! EVER!",1.0,Health_Household
Cheap. Not worth the money. Dollar store just as good. 😡,1.0,Home_Kitchen
"Being in the public a lot, I wanted a small hand sanitizer case I could attach to my bag to have on hand when needed. This holder is really nice! I got the pink leather holder and it comes with a small bottle to refill with your choice of sanitizer. The clip is big enough to use on any bag or case too. Now I don't have to search inside my bag to find it when I need it! Highly recommend!",5.0,Beauty_Personal_Care
These are perfect for my yummy homemade cookie gifts! Very happy with my order!,5.0,Home_Kitchen
"This soundbar is one of the best I've used and I have gone through a number of them over the years. This one has amazing sound and hook up was a breeze. It works amazing with my tv, computer, tablet, and even phone if I need it too. I am loving this and so is my family. This soundbar is the bee's knees for sure and I am very happy with it.",5.0,Electronics
"Update: 8/21/2020- so the battery has been draining VERY quickly the last few weeks.  It charges to 100% but then by 4 hours it's at a 43% charges with it just being on my wrist with nothing really running.  I've reset the watch, made sure it has the latest updates and turned off a lot of the necessary bloat but no luck.  Not sure what to do with it at this time.<br /><br />6/21/2020: Arrived without a scratch on the watch or band.  Charger and extra watch band was also included.  Definitely like new.  I was a little worried as the packaging was a little grimy.  I do have a skinny wrist and I've had a 42mm smartwatch prior (which to me was the perfect size) so putting on a 40mm made it seem ""small"" even on my skinny wrist.  But I found that adding a watch cover ""bulked it"" up just enough for me so I'm happy!<br />I cannot stand any of the Samsung related health apps.  Honestly I'm only using this watch for running so Im only using the UA app and cell phone-less usage of music. A note but you need to disconnect the phone from the watch so that the watch is operating on its own IF you are wanting to use the watch for music.  I run without my phone and didn't realize that if you don't disconnect the watch from the phone (you can do this via the app on the phone), the watch thinks it's still tethered to the phone and the music will play to the extent that the connection to the phone lasts.<br /><br /> Overall a nice looking watch and I'll see how the renewed product works out...more updates later!!",2.0,Electronics
Did not solidly fit  in my cup holder.....<br />Waste of money!!,1.0,Cell_Phones
"It doesn’t look like the picture at all. The top is dark purple, then hot pink, then the bottom is light pink. I thought it was going to be light purple pink and light purple again. Completely different colors, just a completely different wig than the picture",1.0,Beauty_Personal_Care
The cloudy film on them comes back even when you clean them,2.0,Health_Household
They served my purpose.  What I don't like is these reviews.  It's my time.  Are you paying me for it?,5.0,Health_Household
I like I can move it where ever you want. Easy to use.,5.0,Home_Kitchen
"My granddaughter just started a new job, and her first complaint was losing privacy.  This fits her MacBook Laptop and did the trick for her.  Makes all the difference in feeling secure on the job.",5.0,Electronics
I have a secret obsession with marble and this one is an incredible one to add to the collection!!!,5.0,Cell_Phones
"This Herbloom DAILY TONE UP Vegan Sunscreen had a strong smell. I will not be able to use it on my face at all. It is already irritating my sinuses and I just put a small amount on my hand to test. I am not sure how the sunscreen part works because I had to wash it off before I got a headache.<br /><br />The box comes with a paper tube with a flip-top opening. The lotion has a very strong smell so people with allergies could have a problem with this product. It contains hibiscus flower extract, calendula flower extract, and orange fruit water.<br /><br />I will not be recommending this Herbloom DAILY TONE UP Vegan Sunscreen to family and friends.",1.0,Beauty_Personal_Care
The Best! All natural and really cheap per load.,5.0,Health_Household
Did absolutely nothing for me. I even tried higher dosages after the direction dosing did nothing. Still nothing. Oh well... Can't say I'm surprised. Have never found anything OTC that truly helps with real anxiety. ☹️,1.0,Health_Household
"I THOUGHT THIS CASE WAS GOING TO BE MY FAVORITE, BUT IT TURNS OUT IT IS VERY SLIPPERY.  I CUT OUT ART PICS TO CHANGE THE LOOK OF THE CASE AND IT LOOKS GOOD, BUT THE TEXTURE JUST TURNED ME OFF AND I ADDED IT TO MY CATCH ALL DRAWER.",1.0,Cell_Phones
"I have waist length thick, fine hair with about 20% “silver strands”.  HairRx Hydrating Shampoo cleans my hair but there are aspects which are dissatisfying to me.<br /><br />Consistency/Viscosity of Shampoo:<br />This shampoo is very watery unlike any other shampoo I’ve ever used.  It took 6 pumps to get enough to make a small amount of lather on the first wash and rinse. It took 3-4 pumps for a moderate amount of lather on the second wash and rinse.  Seems like too much shampoo for the amount of lather.<br /><br />Lather:<br />I prefer a thick, rich, luxurious lather which HairRx does not have.  There was a minimal to moderate amount of watery lather - kind of like the difference between high quality dish soap lather and cheap store brand dish soap lather after sitting in the sink for an hour.<br /><br />Fragrance:<br />The so-called Jasmine scent is non-existent.  I do not detect one iota of Jasmine scent.  The fragrance is very weak and smells like ordinary soap, not like a scented soap.  I’d re-label it as 'where’s the jasmine?’.<br /><br />Cleansing:<br />Hey, it’s soap therefore it cleans.<br /><br />Volume:<br />By the end of the day my hair started to go flat even though it did not feel weighed down.  The following day my hair looked even flatter.<br /><br />Ingredients:<br />It claims premium ingredients and is paraben free, sulfate free, cruelty free (important to me), and safe for color-treated hair (I don’t color my hair).<br /><br />The product arrived with a slip of paper stating they look forward to my review.  I wanted to like this shampoo but found it to be the most unsatisfactory shampoo I’ve used in decades.",2.0,Beauty_Personal_Care
I love this whisk.  Works fantastic.,5.0,Home_Kitchen
Only nice strong smelling for the first few days then I forget I have it b/c you can not it no mo.,1.0,Health_Household
"I have baby fine, long, straight hair & am always looking for products that will do what they claim and turn my flat, fine, lifeless hair into something more. I'm not looking for a miracle, just a little more thickness. Based on the reviews I decided to give this a try. I read reviews, followed advice on how to best use it & even watched videos from the company before I used it. Fortunately, I purchased the small travel size from Sephora. I haven't seen a single difference in my hair. The only positive is that it didn't weigh my hair down like some products do. But literally, no difference. I saw some people say they had more body even the next day but my hair was even flatter the next day. Maybe this only works well on certain types of hair but it did nothing for me & turned out to just be a waste of money.",1.0,Beauty_Personal_Care
"Decided I love these.Wake lot  lot during the night.Also FANTASTIC TO KNOW you're Cbarging.Bought 3.<br />NONONO !!!!!!!!! Cord lit...charging, ONLY IT WASNT!! DANGER..BATTERY DEPLETED WHEN ITSNOT CHARGING!!<br />NEW CABLE FINE. NO..NOT A DSPOSABLE ITEM OR IS THIS GUARENTEED FOR 2W ONLY??",1.0,Cell_Phones
Awesome foot cream.  I was very skeptical when I first used it because it isn’t greasy or heavy.  I didn’t figure it would do much but I was very wrong.  I have soft smooth heels and can wear sandals without being self conscious about my feet.,5.0,Beauty_Personal_Care
"These have a really nice look to them and are well-made, with one notable exception: where the zipper begins and ends lacks enough reinforcement to not tear. As we put the correctly sized pillows inside, we could hear seams ripping. In good news, unlike with some other pillowcases we’ve gotten in the past, the zipper wasn’t ruined and still was functional, but even so, it’s unclear how long these will last— we are going to have to be extra careful, which makes a difficult job a little harder. They look great, but I have to drop them one star because of the lack of reinforcement. Still sturdier than many though!",4.0,Home_Kitchen
because we all know alexa is always listening,5.0,Electronics
"I LOVE 95% of my Eden's Garden oils but this one smells like pepperoni. Yup, you read that correctly, pepperoni. I will continue to purchase from Eden's Garden but I will NOT get this one again. . .",2.0,Health_Household
The light brown color turned my hair bright red/orange. Guess I’m going back to the light mountain brand,1.0,Beauty_Personal_Care
"I am happy with this set of tweezers, i usually use them for my eyebrows and upper lip. They work great for thatband i like they come in a storage case. I am always losing these, i just have to remember to put them back in the case.",4.0,Beauty_Personal_Care
"It smells good, and that's about all I can say positive about this. My hair feels no different and neither does my scalp. Nothing like usual tea tree shampoo.",2.0,Beauty_Personal_Care
"I've used this brand of lavender EO in the past for scenting cold process soap, and had no problems. Unfortunately, the last bottle I bought caused my soap batter to rice and seize. I used up the remaining EO in other products. Won't be buying more.",2.0,Health_Household
Corners peeled and it scratches easily.,2.0,Cell_Phones
Great value for the money! Excellent glue ring for applying lashes.,5.0,Beauty_Personal_Care
I was so excited when I get my earbuds. Now they slide out my ear and the cap fell off the left ear. If I can keep them in my ear I would love them,2.0,Electronics
"These pillows are okay, but they are about half the size of the ones I had before, i.e. too small for me. I like how you can bunch them, and they are comfortable, though I would prefer they were a slight bit firmer. More damning, though, is their size for me.",2.0,Home_Kitchen
"The design of the phone case is pretty and the back fits my phone very well, but the front does not. It has poor fit and is cheaply made and when I slide my phone open it types letters into whatever I'm doing because the case rubs. Do not waste your money. (and yes it was the case for my phone)",2.0,Cell_Phones
One of the worst screen protectors I have used for any phone.,1.0,Cell_Phones
This butter dish is absolutely adorable! It's great for everyday use and cute enough that you could totally leave this out for dinner parties. The print is playful and the color is nice and neutral for any decor. I've been looking for a large butter dish for years and I'm so glad I found this one! I love it!,5.0,Home_Kitchen
"Too hard, they hurt my ears. I had to throw these out- ouch!",1.0,Health_Household
Excellent product and arrived right on time.,5.0,Beauty_Personal_Care
my favorite ever!!!  love these pods,5.0,Health_Household
I have never had any as easy as this! AMAZING! I usually have lots of bubbles but this time one very small one! My fault!,5.0,Cell_Phones
Holds charge and charges phone fast,5.0,Cell_Phones
Okay but not in love it does the job so far,4.0,Cell_Phones
I like how easy it washes and drys. Material is excellent quality.,5.0,Home_Kitchen
Perfect for what we needed! Shipped fast an in excellent condition.,5.0,Home_Kitchen
"I like this, but man, a little goes a long way.  Plus I have a little trouble controlling the color with this product for some reason, and I have used self tanners a long time.  Not sure I would get it again.",4.0,Beauty_Personal_Care
I love these cameras! The refurbished work fantastic! Look at that pic!,5.0,Electronics
These are trash. They fall apart too easily. I would never buy these again.,1.0,Beauty_Personal_Care
A remedy no one should be without!,5.0,Health_Household
This is the worst toilet paper ever!!!<br />I don't know how they can claim two ply.<br />It is like tissue paper.....really!!!<br />I will never purchase this product ever again!!!,1.0,Health_Household
"I want to start by saying that I've always been a big fan of Anker products, but after this experience I have changed my mind unfortunately. I bought this cord for my phone in early to mid November of this year and kept it on my night stand for charging every night. At first it seemed awesome and durable however randomly in early December the cord stopped working. I tested it in other power blocks, in other devices and I also tried it in different outlets and it still didn't work. I confirmed 100% that the cord was the issue. It was only a month after I bought it, which is ridiculous! I think to myself “ok, maybe it was a faulty cord and a one off situation” , so I buy it again and got the new cord in mid-December. It is now December 31st , only 2 weeks or so since I received the new cord, and this cord has once again stopped working. And I know it's the cord because I tested other micro usb cords with my phone and they all worked fine.<br />I’ve never ever had this type of issue with a charging cord before. I used to love Anker, thinking that they were durable and the go-to choice for a new phone cord but after this experience, I’m super disappointed.<br />I ended up going back to use my short 3 ft charging cord that originally came with my phone temporarily until I try to find a new cord to buy. Doesn’t look like I’ll be spending any more money on Anker though.",1.0,Cell_Phones
Not a favorite cologne of mine.,4.0,Beauty_Personal_Care
Wasn't sure what to expect.  I bought this for my daughter and she absolutely loves it.  It is her new favorite case.,5.0,Cell_Phones
"This is one of the best lotions I have used!!<br />I am not a working man, but an elderly woman who has very rough chapped hands<br />I have used many lotions over the years and just now tried this and I love it!",5.0,Beauty_Personal_Care
"They really need to change the description in the title. First of all, it’s not waterproof or anything proof: it comes off incredibly easily, even if you wait a while (it doesn’t set). You will have to constantly reapply if you wear a mask, if you drink, if you kiss anyone… Anything at all, and it comes off right away.<br />Secondly, it’s not a lip stain. It’s just a lipgloss. Is it sparkly and cute? Absolutely! And the bottles are adorable and so giftable. My issue is that the description doesn’t match what you get.",2.0,Beauty_Personal_Care
Toxic coating inside. Mildew smell outside. Too floppy to work well.,1.0,Home_Kitchen
This item was perfect for my husbands hammer toe,5.0,Health_Household
Awesome stuff.  Ignore negative reviews.  I think pharmacy hates this healing product!,5.0,Health_Household
So far its left my hair still greasy and weighed down. Almost straw like consistency. I normally use AsIAm co wash and that leaves my hair feeling clean at least. I feel like i poured oil on my hair and tried to rinse it out.,1.0,Beauty_Personal_Care
"Wow, this lotion is really awful smelling. I put some on my dry skin, and I smelled like a hospital. The medicinal smell is really overbearing, and I even tried adding essential oils, but that ended up being a waste of the oil. The smell still came through. It’s really offputting and I definitely don’t want to use this.",1.0,Beauty_Personal_Care
"OMG what can i say !  love love love !  For me, it's perfect.  i just started cooking for my elderly mother and my elderly mom and dad in law.<br />I spend my weekends making meals and freezing them so all they have to do is thaw.  These are wonderful !  First let me say, these are easy to open and close.  I was using another brand and my mom who has arthristis in her hands could not open the zipper top. These are very very easy to open.  They freeze wonderfully and they don't leak.  When they are being thawed in the fridge, they don't leak all over the fridge, as we had an incident 2 weeks ago with another brand.  I love the easy to pull out a baggie dispenser on the box.  These are perfect and I'll be ordering more when I go through these.",5.0,Health_Household
"Like most us here, I've tried countless different remedies to rid myself of the wrinkles that I hate so badly. None of them ever did their job right and a lot of them actually burned my skin. Why would anybody pay to irritate their own skin?! This here however, works with my sensitive skin, and after a few weeks of use, the difference is night and day. You've done a really good job Excel, keep it up.",5.0,Beauty_Personal_Care
"First off this is great stuff. It works far better than anything I have ever used before.<br /><br />You do have to re-earn how to shave with this stuff.<br /><br />I have been using it for over a month and I am just adjusting to using so little of the<br />shave cream. (A little dab will do you!) Use the least amount that you can get to drop<br />out of the container. More will work, but not any better and if you use too much it will<br />not even work as well.<br /><br />You use this as you would use a soap if you were trying to get a blueberry stain out of<br />a white shirt. (Rub it in thoroughly.)<br /><br />First you put a dab in your hand then you put your hands together and rub them once or<br />twice to spread it out on your hands. Then you rub it in, rub it in, rub it in! (To your face.)<br /><br />If you do this, you will then see your whiskers right through the thin layer of shave cream.<br />This makes it easy to actually see what needs shaving.<br /><br />This shave cream seems to stick to the whiskers until you wash it off thoroughly with water.<br /><br />At first I used way too much and it took me a month to adjust. (I don't know if you can<br />actually use too little.)<br /><br />As long as I can find this type of product I will use it. (There are cheaper creams that come in<br />the same container and cost less.)<br /><br />Regardless of price, this is great stuff!",5.0,Beauty_Personal_Care
Was looking at getting these through direct sales when I got a great deal here. Love them!! Easy to use. I was a little intimidated at first. My new mascara!!! Recommend having an eyelash brush.,5.0,Beauty_Personal_Care
"Why didn't someone think of these sooner?  When I think of all of the clothes I could have spared from being ruined with bleach splashes, it makes me sick!  These are awesome!!!!!",5.0,Health_Household
Best table cloth that I have ever purchased.,5.0,Home_Kitchen
"It's toilet paper right?  Totally subjective here, but I have found the soft version of Charmin leaves behind(no pun intended)  bits of paper.  Strong Charmaine is still soft, but you don't have tissue fuzz everywhere",1.0,Health_Household
"I am crazy about pumpkin spice!! When I saw this, I immediately ordered it!! It’s perfect for this time of year!!",5.0,Cell_Phones
"TV turns itself off and reboots, closes apps and returns to main menu, sometimes remote doesn’t work to turn TV on and you have to unplug it to restart. Really doesn’t work very well",2.0,Electronics
"My 3 star now represents the Price!— Since purchasing this 2 pack of 21 ounce Comet cans for $1.49 total, I now see the price has INCREASED ENORMOUSLY. If you take advantage of subscribe & save the price is $7.79 for 2. If you make a one time purchase it’s $8.20 for 2. This is the most ridiculously overpriced item I’ve seen on Amazon when Amazon usually beats all retailers. The same size-21 ounce- can be purchased at Target for 99 cents each. Do not fall for this pricing unless you don’t want to go to the store. I came back to repurchase this & see it’s no longer sold by a third party via Amazon. These prices I’ve given are Amazon prices, which I’m shocked by. 99 cents at Target, probably the same at Walmart. So a heads up!<br /><br />I’m 51yo & can remember my Mom & Grandma using Comet when I was a little girl & I chose to use it since becoming an adult & cleaning my home. It’s an excellent cleanser that was introduced in 1956 by Procter & Gamble but was sold to Prestige Brands in 2001. The product never changed. Comet Bleach Powder attacks my tough cleaning problems in my kitchen & bathrooms. I specifically use it in my sinks & toilets. It’s excellent in applying it in my toilets. I let it sit there awhile & let it do it’s job. I do the same with my sinks. I then I scrub it. It’s all-purpose & cleans and deodorizes without leaving a scratch. It dissolves soap scum and hard water film, disinfects & cleans tough stains. It does have bleach it in so a heads up on that. These 2 cans of 21 ounces is well worth buying for $1.49.  It’s easy to use. After the first use I cover the top with a sandwich bag & wrap a rubber band around it to prevent powder from spilling out. One 21 ounce can lasts me awhile with a kitchen sink & 2 bathrooms to clean. I’m carrying on the tradition of using Comet Cleaner & happy to do so! I definitely recommend!",2.0,Health_Household
"This phone seemed like it would be a good phone when we bought them (my husband and I purchased two for each of us) but has since failed to keep up.  I like to refer to it as my smart phone that dropped out in the eighth grade.  It is HEAVY and bulky and the key pad is nearly impossible to use.  All around, I can't stand this phone!",2.0,Cell_Phones
Just nice everyday wear lashes. I had better.,3.0,Beauty_Personal_Care
This product works !!! I get no more leg cramps !!!,5.0,Health_Household
"It fits perfect, however,  it does allow particles in between the case and back of the phone. It also scratches easily on the back. I already ordered a new case after having this only two weeks.",2.0,Cell_Phones
"These scrunchies come in a nice gift bag. They look beautiful. Unfortunately, they just don't work for me. These scrunchies are really big and even when doubled, they are too big too hold my hair. The elastic doesn't stretch enough to triple them.",2.0,Beauty_Personal_Care
"Perfect,  very, very nice! Just what I wanted & was looking for, Thank you!!",5.0,Home_Kitchen
"I keep a box of kleenex in my car that is always being moved and when I'm driving, I can never find it. I didn't want something stuck permanently to my car and had tried something similar to this that was semi-satisfactory but these, they work! I put one of these gel pads on the lid to my console snf now the kleenex are always right where I know they will be! Open the console, close it, and the kleenex are still there, right where they are supposed to be! Thank you for a product that does what it says it does!",5.0,Cell_Phones
I bought for my kids adding powdered drinks to water bottles to minimize the mess. Only used the big size so far.,5.0,Home_Kitchen
Wonderful smell and makes my hands feel soft after using.,5.0,Beauty_Personal_Care
"I had such luck with another off lable brand before, but realize now how lucky I was by their amazing quality.  I will be purchasing from them again as I returned these almost as quickly as I opened the package. Cheap dosen't always mean crap, but it did with these brushes.  Save yourself the hassle and but",1.0,Beauty_Personal_Care
Kit and instructions were good.  Battery wasn't.,2.0,Cell_Phones
Mine arrived smashed in their box. Sad.,5.0,Home_Kitchen
This will stain any light colored clothing. The stains do not come out either. It’s a great product that we have to stop using.,1.0,Beauty_Personal_Care
"I like to take Maca for a hormone balancer and its other superfood benefits. I have tried powders in the past but not a huge fan of the flavor and it doesnt mix very well. I got this product because they are veggie capsules, organic/ non-gmo, and no added junk or fillers. Capsules are a standard size and easy to swallow. I would consider ordering this one again.",5.0,Health_Household
"I like that it's sideways so I don't bend it if I use my phone while it's charging, but my pinky touched the side of the charger (not touching what was actually plugged into my phone) and it kept shocking me. Ordered a replacement. Will see how it works.",5.0,Cell_Phones
"Excellent product, I do believe it helps with reducing inflammation.",5.0,Health_Household
"really good, my friend max says its awesome and he is healthy.",5.0,Health_Household
"This is a powerful full-size massage gun with 30 intensity levels. It comes with a user pamphlet, the gun, A/C charging cable, eight massage tools, and a case.<br /><br />The user pamphlet is lacking in description or use of all the tools. They need to provide a picture with a label of what each one is. Based on previous experience with other massage tools, below is what I believe these tools are and can be used for.<br /><br />- ball head - for shoulder and neck<br /><br />- post-like head (looks like a graduated ball head) - for use on softer parts of body such as inside thigh<br /><br />- paddle head - suitable for spine<br /><br />- U-shaped head - for both sides of spine, triceps, hips, and legs<br /><br />- flat head with nubs - for massaging all muscle parts in the entire body for relaxation<br /><br />- finger-like head (i.e. conical head) - for concentrated uses such on specific pain points<br /><br />- knobbed head (i.e. one with four prongs) - suitable for calf muscles<br /><br />- T-shaped curved head (i.e. long curved head with nubs) - good for arms and legs as it curves around those areas.<br /><br />I first charged this gun for about four hours until the blue light on bottom was on fully. To use this I just inserted the head that I wanted, flipped the switch on the bottom of the handle to the ON position, and then pressed the ON button on the gun and + button on the LED dial to the intensity level I wanted (from 1 to 30). The ON/OFF button on the LED can be pressed to suspend operation and the - to reduce intensity. Once the unit turns on, the battery level is displayed on the bottom of the handle. The latest intensity is remembered from the previous session<br /><br />I do not use any massage gun for more than a few minutes. When I am totally done, I just slide the switch on the bottom of the handle to the OFF position. There are no other features of this gun. It is simple, simple, simple and has worked every time. However, this gun is not useful for me unless I have someone else helping me or the issue is in an area I can reach, such as my thighs or calves. Nevertheless, I did not mark this down for that reason as that is no fault of the gun. These type items really require an assistant.<br /><br />In summary, this works best if someone else is applying the pressure with the gun to my muscles--such as the back. For someone who is used to this type of gun or has an assistant, a massage gun like this can be great. The ease of use of this gun is its best feature because it is no frills--just turn on and go. I also love the green color. The one negative is that the user pamphlet does not list a picture of the tools with what they are used for. There are some instructions for shoulder, neck, and knee issues but they only use the T-shaped head or U-shaped head.  The current price of $99.99 ($139.99 minus $40) is excellent for this gun. This receives 4.5 stars from me as a massage gun.",5.0,Health_Household
I was very disappointed in the design.  Not as clear or precise as picture.,4.0,Home_Kitchen
"These towels are high quality.<br />I was using fluffy towels before which I liked the feel of, but the next day when I went to shower, my towel was still wet from the day before!<br />It was gross.<br />Not anymore!<br />Now my towel is dry with each shower.<br />My husband is still working on getting used to the silkier feel of these towels but I’m confident he will come around!",5.0,Home_Kitchen
"(WARNING- This is an in depth review for those who are truly looking for information to help in buying decisions.  If you prefer the shortened version, see the section labeled THE BOTTOM LINE)<br /><br />I have a blender which is about 16 years old now- a Juicelady Blender which was not anything particularly high end at the time of purchase.  It is glass with a simple base and the base has a bunch of speeds with ice crushing, and simple blades.  The top fits decently and we have used it a lot in these years.  Recently someone was kind enough to get me this Oster Reverse Crush Counterforms Blender because our bedraggled blender has the buttons worn off and is quite old.  It was such an amazing thing to receive.  I could not wait to try this out.  Surely it would be a step up..<br /><br />WHAT IS THIS BLENDER LIKE?<br />A bit wider than most other glass blenders I have used, this one promised to be an interesting experience.  The base was sleek and really nice looking.  I loved the idea of the different programs to run on it.  The blades are curved in an upward position and look very ready to blend the heck out of anything you throw at it.<br /><br />The ring that seals the bottom was okay, not anything marvelous, but okay.  The base screwed on very nicely.  The top, however was cheesy and cheap.  I did not like it at all.  It did not fit on tight and was harder than it should be.  No rubbery feel at all to it.  There is a domed cap that fits into the lid, but taking it off is an experience.  You need to turn off the blender to remove the dome if you want to add anything.<br /><br />WHAT I NEED A BLENDER FOR<br />We have a very active household when it comes to blenders.  Due to previous issues with children breaking appliances, we have a Vitamix for heavy duty jobs which I am the only one who uses it, and then we have the household blender which the rest of the house uses constantly.  Here is a list of what we use the household blender for:<br />sauces<br />smoothies<br />sesame milk<br />cold soups<br />other nut milks<br /><br />There are other uses I can not recall at the moment, but that is the basic idea.  Another thing that I would like to have the blender do is a decent green smoothie.  That is easier said than done.  My husband has to have them now and I prefer him to have his own appliance so I can have the pleasure of using one thing that is not used to death by the rest of the family before I can actually use it myself.  It is a happier household that way since I am a raw foodie with a paleo twist so I need the Vitamix constantly.  I would prefer to use it for that.<br /><br />HOW DOES THIS BLENDER WORK?<br />My husband has come up with some pretty good methods for making the best out of our appliances.  He tends to see their strengths and really get them to work well for certain processes.  When we got this blender, he immediately proceeded to clean and wash it for its first use.  After studying it intensely for a few moments, he then put the blender to the first test- sesame milk.  He started with it on medium and began to shout from the kitchen that he was afraid it might die.  He moved it up to high and it was okay but left the milk pretty chunky.<br /><br />Then he took out the very old blender and did the same thing and it was smooth.  He also tried a few other more watery things and was very upset about the low and medium speeds as they seemed they would die.  The reverse was so pathetic that he could not believe they made it that way.<br /><br />MY TEST<br />I decided I would try it myself and see if I could get it to perform better.<br /><br />I performed a test of the most important thing in our household- green smoothie.  I started with a half a frozen banana and a tiny handful of frozen black currants.  I filled the blender halfway with water.  I put it on frozen drink mode.  It did an okay job going back and forth, perhaps my husband didn't get it right yesterday..<br /><br />Then I tasted it so far.  ICK.  So chunky it was ridiculous.  It was not a pleasure to drink.<br /><br />I then got some fresh kale from the garden and tore it in small pieces from the stem.  I then ran it on frozen drink again.  After that, I ran it at high for a few minutes.<br /><br />I tasted it again.  It was so chunky it was ridiculous.  The greens were not blended in nearly well enough.<br /><br />Then I took out the other very old blender and divided the blended drink in half.  I processed each half in each blender for the exact same amount of time on high.  When I tasted the Juicelady blended drink, I was amazed at how smooth it was.  The Oster was just as chunky as it had been before.<br /><br />We are pretty skilled at using kitchen appliances and this one really does fall short.  I have to say I was not expecting to be THIS disappointed.<br /><br />WHAT IS THIS BLENDER FOR?<br />This would make great smoothies with frozen fruits that are not highly seeded or with tough skins like mangoes, bananas, apples, etc.  Raspberries, currants, and other fruits with seeds would not be a good choice.  The frozen drink program does a decent job with the frozen fruits if you add enough liquid with it.  Chunky salsas, and cold soups might be fine in this as well.<br /><br />WHAT IS THE BLENDER NOT GOOD FOR?<br />If you intend to use chunky veggies like carrots, you will probably end up with chunks in your drink or other item.  Fibrous greens like kale and collard will not blend smoothly in this.  If you like chunks, then it will probably be okay.<br /><br />THE BOTTOM LINE<br />I was very disappointed with this blender.  We really loved the Oster we had years ago, but this one was just not up to what it should be for the price paid for it.  The lit up display is great, the programs have a nice touch to them, but if they don't really do the job, what is the point?  Low and medium speeds seem so weak they don't seem as if they will do much of anything.<br /><br /> Our old blender with ORIGINAL BLADES did a better job than this one did.  And when it comes to green smoothies, it just does not come close to the Vitamix models of today.  If you are considering having constant smoothies with greens, lots of raw food prep, I would highly suggest you skip this and move toward the Vitamix, or perhaps [[ASIN:B01M68CDM9 Blender HANMEIUS Multi Speed Electric Commercial Power Blender High Professional Performance Processor Mixer Nutrition Blender for Ice, Smoothies, Vegetable, Fruit]] which is a newer release to the market that seems to be a better price at the time of this review.<br /><br />Because this does do simple fruit smoothies well and basic watery substances well, I am giving this two stars.  It is not a total failure.  For what we want it for, however, it just does not seem strong enough to pull its weight.",2.0,Home_Kitchen
I don't know why I spent so much money on Otterbox defenders! This case is perfect! Its not bulky and does the job. I have dropped my phone so many times on concrete. But this case does not have even a scratch!,5.0,Cell_Phones
"No Dropper was included, that was disappointing",4.0,Health_Household
"This case is pretty nice.  It's so thin and light that I barely notice that it's even on my iphone.  However, if you are looking for maximum protection, then this case is not for you.  I haven't dropped it yet, but I imagine that I could probably damage my phone if I did drop it.  As far as keeping minor scratches from my keys or whatever else in my pocket, then this case does the job.  There's really nothing much to this case, but it does the job well.",5.0,Cell_Phones
Purchased for connector replacement because the constantly fail.,5.0,Electronics
"Easy to use, softens clothes, don't have to constantly buy more, no perfume... perfect.",5.0,Health_Household
"this color looks bright and fresh, but you have to build it up. Doesn’t last through the workday. It’s not creamy or too powdery. Application is smooth and blendable. No irritation or smells. Seems more like play makeup. It’s underwhelming so I won’t be re ordering.",2.0,Beauty_Personal_Care
"overall quality was good, but two bags was broken and I just found out months later when I took them out of the box.",4.0,Health_Household
"Extra tips included in sealable pouch.  I had problems using my iPad and I wanted to answer whether or not, a pen might help. The Apple pen is too costly and should be inserted where the sun don't shine.  I like this pen, alot.",5.0,Cell_Phones
"More of a clear gloss than any color which was disappointing.<br /><br />Easily dispenses from tube.  Glides on to lips easily. Not sticky.<br /><br />Has a slight scent, but not strong and not sure what the scent was.  Neutral smelling for me, but scents are very personal.  What one person doesn’t like the next person loves.",2.0,Beauty_Personal_Care
Exactly what I needed for my husbands work tablet. Works perfect.,5.0,Electronics
Did they stop making these?  too bad because I like them.,5.0,Health_Household
I love this phone wallet!! Extremely cute and I can carry all my credit cards and id at all time. Perfect size and wrist strap is a plus !!!,5.0,Cell_Phones
"omg,what a sweet little radio! It sounds amazing and has amazing reception! We often lose the power where I live,and I like 'noise' while I sleep.This little radio has played for almost a solid week on ONE set of batteries!I wish I had had this a long time ago! Highly recommended!",5.0,Electronics
"bought two, save your money. don't like it",2.0,Cell_Phones
Very basic. Nothing fancy. Great for an iPhone. Marginal for my iPad without raising it. It does what I need it to do.,4.0,Cell_Phones
"When I first purchased my 3 TB MBL some time ago I was quite pleased.  Network access, remote access, even an android app.  In short, everything my DLink had plus the app and a nicer look on the shelf.  I used it extensively for pulling up photos on my cell phone when I was bored as well as to store my most important files.  I didn't back them up, a back-up drive is something I kept saying I would add later...<br /><br />14 months later (note the 12 month warranty had just expired) the drive stopped being accessible over the network.  I spent a week and at least 40 hours of my time going back and forth with tech support by e-mail and trying every option they could offer, and the result was that they deemed the unit broken.  They said that the unit can not be opened because that would break the drive inside, and they said that they can't fix it.  They ""kindly"" offered me a referral to one of several companies that give them a kick back for data recovery services.  Incidentally, I asked two for pricing by e-mail and they didn't respond.<br /><br />So I took the unit apart and bought a new unit and took that one apart and swapped the drives.  Neither one worked.  After talking to support again it turns out that WD didn't want these to be upgradable because if they were upgradable you could buy a cheap drive instead of a new unit so they code each board to the drive that will be in it.  TO make matters worse, they encoded the drive in a Linux format that no known version of Linux can translate.  Attaching it to my Linux system I couldn't mount it using any utility.  Several Linux recovery programs couldn't do anything either.<br /><br />Okay, having told you why I will never buy a WD NAS again, I should now tell you how to fix this if you have the same problem that I do:  DiskInternals makes a program called Linux Reader.  That's right, Linux can't read the drive but a program designed to read Linux drives from within Windows can!  Recovering the data to a drive is time consuming though.  I tried it all at once but that froze after a few days.  Then I tried one major directory at a time and that worked better.  But recovering nearly 3 TB of data has taken a very long time!  I'm about 3 MONTHS into the recovery effort and I have about 400 GB remaining.  After starting on my wife's computer because mine is a laptop and causing a few crashes and a lot of delays I finally had to pull out an older computer and set it up just to run this program.<br /><br />If anyone has the same problem and can't get this solution to work, I'll do my best to help if you simply reply to this review and give me all the details.  If anyone is considering buying a WD NAS, I want to encourage you to buy a DLink model 323 (I think the 325 is the current version but it is missing some features so I'd get an older one) instead.  I've had that thing running for 5 years without a glitch!",1.0,Electronics
"I have been using it for a week and hate the way it leaves my face feeling coated, like trying to wash off clinical strength deodorant that coats your hands.  Last night I felt compelled to follow up with a gel cleaner to get the Olay off.<br /><br />I love Olay product and use them daily for moisturizing.  But this cleanser did not work for me.",1.0,Beauty_Personal_Care
This photos are amazing and the price is fabulous for this pictures. The canvas is strong and the photo is tight in the canvas. The colors are amazing. My daughter was thrilled when she opened this. Two of her favorite things... unicorns and mermaids!!!! You will not be able to find canvas pictures like this anywhere for the price! We are thrilled!,5.0,Home_Kitchen
Way too thin. I’ve never even seen the huge rolls in a retail bathroom so thin. You could read through it if you placed it over a page in a book.,1.0,Health_Household
Not liquid proof at all. Extremely disappointed,5.0,Home_Kitchen
Perfect for what I need. Pretty and functional. Arrived quickly.,5.0,Health_Household
"I've enjoyed pretty much all EasyDew products I have tried so far and the items in this kit are in that list. I accidentally got sunburned this summer and I used these to help bring my poor skin back from the brink. After using a gentle cleanser I applied the sheet masks to help rehydrate and cool down my skin. They were wonderful and felt amazing on my poor dry skin. I used up all of the red tube of cream in that endeavor, but its supposed to be thicker and help with elasticity and increase collagen. I used the green tube more recently in the winter to help combat drying winter weather and my face has never felt better. I would definitely get a full sized tube of the green.",5.0,Beauty_Personal_Care
"I went to put it on and it looks a perfect light color in the container. That was until I put it on my face. It was almost white. But, I could still use it and just top it off with a light color powder. But, this didn't cover my skin evenly. I had to wash it off. I never have had to do that . But, maybe mine was flawed. Others seem to like it. Mine was almost too hard to use. I scraped it with my nail to loosenvit some. I gave up.",1.0,Beauty_Personal_Care
This works better than my CHI!! i will never buy a different straightener!,5.0,Beauty_Personal_Care
"For a gamer nerd like me, this was perfect",5.0,Cell_Phones
"I almost loved this. It smelled wonderful, was soothing to my skin, budget friendly, and absorbed almost immediately Then a couple hours later... what am I feeling? Why am I all dry and crinkly feeling? Wow I have to reapply! Then again, a few hours after that, I felt dry again. Such a bummer.",2.0,Beauty_Personal_Care
Great plates for my outdoor Bbq party. Sturdy. Bright colors. Perfect size.,5.0,Home_Kitchen
"Years ago, I lived with a roommate who was a nurse. Once she came home with a nasty stomach flu and got terribly sick. She said she had caught a particularly bad strain of it and I watched uneasily as she spent three days in bed, rising only to throw up and such. Since our apartment was small and we shared cups and dishes, I knew it was just a matter of time before I got her flu.<br /><br />Luckily I stopped at the drugstore and asked the pharmacist if there was anything to take at the first sight of a cold. My throat had started to hurt and I knew what was coming. He recommended Airborne. Until then I had regarded it warily, thinking it was some kind of snake oil. The folksy cartoon packaging didn't reassure me. I read the ingredients. I felt it couldn't hurt but I had low expectations of it.<br /><br />What a miracle. I took it for three days after that, and other than a slightly sore throat and minor cough, I felt I had dodged a bullet. I never got nauseous or had to take time off from work. Although I still developed a nagging cough, I felt that Airborne helped me skip over the worst parts of my friend's illness. My nursing friend also a bad cough as she was recovering, but it seemed to take her several days to reach the same stage I was on.<br /><br />My biggest mistake ever was a time when I had a severe respiratory infection and I forgot to take Airborne and nip it in the bud. Instead I let it run its natural course and it spread to my left ear, which has now left me with tinnitus. I sometimes kick myself for not taking Airborne the minute I started feeling sick that time, I might have prevented the medical complication I suffer to this day.",4.0,Health_Household
My best friend loved it for her birthday!,5.0,Home_Kitchen
Not what I expected so I returned it and bought one that I had expectations for.<br />I used Kohl’s Amazon return. Best thing ever!  Thanks Amazon and Kohl’s!!!,5.0,Cell_Phones
"I purchased this for my son. He is a doctor and very hard to shop for.  He loved it, so much so I purchased four more glasses to match. Best gift ever!",5.0,Home_Kitchen
"I've had this player for about one year now.  It's fine for playing BluRay and DVD discs and Pandora works well BUT…when streaming Netflix and HuluPlus it freezes constantly.  It will take you at least 15 minutes longer to watch a program on either one because you're constantly waiting for the streaming to continue.  Terrible - one of the most regrettable purchases I've made.  I'm currently looking for something else.  Initially, I thought it might be my internet service.  I upgraded to the faster internet but this did no good.  I know it's the player because I have an Apple TV in my other room and everything streams perfectly with that.  Normally I like Samsung products (I have others), but this one you should pass on.",1.0,Electronics
One of the best phones I ever had,5.0,Cell_Phones
I don’t like the flavor of these gummies. I know that q10 is great for heart Health. But next time i would choose traditional pills to take. Cause these gummies are harder to swallow.,2.0,Health_Household
I cannot really say that there have been many changes to my skin. I have not used it as consistently as I would have liked so I wont say it is completely the product.,2.0,Health_Household
I don't understand why hulu would be pre-installed if I wouldn't be able to connect to it. I contacted Kodak and they said it was due to licensing. I could only ever use Netflix. I installed the Disney+ app but the audio doesn't work.  Overall I don't think it was worth the price.,1.0,Electronics
Had high hopes . But it only works in the plug closest to my WiFi modem . I tried every other plug in my house . So it’s not extending my signal at all. Contacted help line ..... said to try and reset it . Duh.  I did that everytime I plugged it in a new outlet . Too late to send back I’m just out of money,1.0,Electronics
I have a chronic cough due to acid reflux and there are times that I feel would choke without the soothing menthol Ricola tablets provide. Relying on the herbs instead of medicine is a plus also. I just have to keep them away from my dog. He loves them!,5.0,Health_Household
"super cute. Not cheap looking, I always get compliments on it.",5.0,Electronics
This works perfect for my husbands phone. Love the colors too.,5.0,Cell_Phones
"I can't seem to re-rate this review, but having had the thing for several months now, I've run across the same problem Shelley Ryan had with it: it doesn't actually get the oil hot enough!!!  As it comes without a thermometer, you have to check the temps yourself, and I guess I'm going to have to try ""Closer""'s approach of stirring the oil.  As pointed out elsewhere, 375F is the recommended temp for frying, and some recipes call for a first fry at a lower temperature, which is VERY DIFFICULT with the ProFry's trial-and-error setting.<br /><br />The Presto Profry requires a gallon of oil in it's square, removable reservoir.  It comes with two mesh fry-baskets that fold up for easy storage.  They'll sit side-by-side within the reservoir which is VERY convenient for, say, leaving the battered chicken to fry for 18 minutes while frying the onion rings for 5 and switching 'em out for some broccoli.<br /><br />The temperature guage is indeed not accurate and one annoying note is that when it reaches its target heat the LED turns off, so at a casual glance you wouldn't know the fryer was on, containing oil at a temperature of 3??F. Once the oil has cooled it is RELATIVELY easy to lift the reservoir out of its housing and pour off the reusable portion of the oil.  It has a lid with slots to accomodate the basket-handles when the lid is on the fryer.<br /><br />I find the ProFry a LOT more convenient to use than the old deep fry pot on the stovetop, but obviously it takes up some counter space.  If it turns out that there is some way of increasing the fry temperature, I'd rate it highly.",5.0,Home_Kitchen
"This could have been a good phone mount. It has a super strong magnet. But the plastic lips up farther than the magnet so it makes it to where the magnet is not at its full potential. It does come with metal pieces to put in your phone case so it can stick easier but that still didn’t work for me since the magnet can’t work as needed. I even tried putting my phone on there without a case but it just kept falling off. It does have a good suction cup that has adhesive in it to help it stick. But without a fully functioning magnet to hold the phone, it doesn’t really help.",2.0,Cell_Phones
"I really liked the product installation method! Easy to install, no bubble, fingerprints sensor works ok!<br />But I hate when they ask for positive review in return for a ""Free gift""!<br />I give 1 star because my review is not for sale!!!<br />But Kodus to the designer!!",1.0,Cell_Phones
"This is my favorite face powder because it has a high SPF consisting of highly effective Zinc Oxide (and Titanium Dioxide). And the percentage of each of these physical blockers is higher than any other face powder I researched. And I compared tons of them! I hope they keep making this exact powder with the same physical sun blockers (in the same amount) for this decent price. If so, I will be a reoccurring customer! I already bought two of them: Translucent and Creamy Natural. Smooth and beautiful texture!<br /><br />Update: the compact case broke after only a few days and much of the powder spilled out. Defective case. Not worth it if this is an ongoing problem with their face powder.<br /><br />Thank you!",1.0,Beauty_Personal_Care
"Now I have this for JUST traveling. No more taking the one on my nightstand and usually losing it. This one is kept in a carrying case for cords, ear buds etc. and has made life just a little bit easier. It does charge quickly.",5.0,Cell_Phones
"Sturdy, held the breakfast with out collapsing.",5.0,Health_Household
"Zelda Geek, nothing more need be said!",5.0,Cell_Phones
These are charging up my phone in record time.  Love them!!!,5.0,Cell_Phones
I bought this hoping it would make my hair more moisturized. I normally leave my conditioner in for a few minutes then rinse it out. I did that here and I rinsed it out immediately (to see if there was different results. There wasn't) It actually died out my hair and made it smell like Playdoh. My hair got so tangly and dry after this. I definitely don't recommend.,1.0,Beauty_Personal_Care
This. toilet paper is the best !!!,5.0,Health_Household
Excellent skin for my phone. All the holes line up perfectly.,5.0,Cell_Phones
Didnt improve the smell of my vagene lol . No but im foreal ...... I guess just buy in store maybe idk .,5.0,Health_Household
"The case is beautiful and sturdy, but I cannot charge the phone with it on. This is unusable for me.",2.0,Cell_Phones
This is perfect for me.  The mesh keeps my shoes aired out preventing oeders.,5.0,Beauty_Personal_Care
These are super fancy and are going in my guest room. There's a soft sheen to the finish and the color is more golden than camel or khaki. They wash great - no shrinking or pilling.<br /><br />Good but not great price. Excellent quality.,4.0,Home_Kitchen
This air fryer is decent for the price until it breaks down & just stops working like ours did in less than a year of having it. Buying this is like throwing money in the trash.,1.0,Home_Kitchen
Does not work!!! I have been trying for a week and nothing! Horrible purchase!!,1.0,Electronics
I like the kleenex brand it's soft,5.0,Health_Household
My phone fits after I take off the case (I have an iPhone XR). I accidentally installed it wrong the first time and put a wrong review. It holds up my phone once you install correctly. If your ac part moves you might not get air from it though,5.0,Cell_Phones
"Pretty colors, and a lot of variety. Hold my hair back well.",5.0,Beauty_Personal_Care
I hate reviewing household products.  IF I didn't need I wouldn't order.  This works. Period.,5.0,Health_Household
Used it for all my tattoo healing amazing stuff,4.0,Beauty_Personal_Care
"I get stressed easily due to anxiety and when I get stressed, I get knots in my left scapula. This pain will cause me so many issues that sometimes I get a bad headache and it will cause my nerves to spasm in my neck.This percussion gun makes it all go away.",5.0,Health_Household
"This is the best tasting protein supplement I have tried! Many of the other ones I have tried taste like creamy grass - yuck! This stuff though is awesome. It is pretty good with just water, but I especially like it blended in my blender with soy milk. Delicious!",5.0,Health_Household
"The charger doesn’t seem to fully fit in the unit, when you plug it in it falls out. Also the sides to hold the phone automatically extend out but they wont move back or readjust to hold my phone.  I guess I got what I paid for!",2.0,Cell_Phones
"I was looking for an older type I used to use, more of a steel wool-sponge, which apparently is very hard to find these days, especially in the color specific I like. These works well. I don't love nor hate them, they get the job done.",4.0,Health_Household
Best oil ever! Exactly what I wanted!! Thank you!!,5.0,Health_Household
These are a waste of money. I bought them to use on my craft utility cart which is on the side of my bed. I was tired of having my iPhone cord on the floor. But the cord is constantly coming out and when I go to charge my phone the cord is again on the floor. I’ve used larger cords (laptop) which stays better but thinner cords like cell phones do not stay put.,1.0,Electronics
Pretty sturdy and really cute. I wish it was more sparkly.,5.0,Cell_Phones
I got the 12” hybrid mattress in a king.<br />There is a lot of off gassing with this mattress. Lasted around 3 days.<br />This mattress is not soft. It’s a FIRM mattress.<br />There is no pillow top - no cushion on top.<br />The top of the mattress is very rough - not cushy.<br />It feels like a cheap hotel mattress.<br />To remedy that- we’ve added a padded mattress cover. That’s helped me a little.<br />I’m about 140lbs and now I find the mattress pretty comfortable.  I have some lower back issues so a firmer mattress is good for me.<br />My husband doesn’t normally have any back issues and this mattress (even with the cover) is still too firm for him.<br />We are going to try a memory foam topper on top of this mattress to see if that will help him.<br />The mattress is not comfortable to sit on or lay on my back.<br />The bright orange strip around the side of my mattress is still visible even through my fitted sheet and my cover - it makes it look cheap.<br />You get what you pay for in quality - the springs are very easy to feel on the side of the mattress - even after it’s fully expanded.<br />I am impressed with the motion isolation.<br />I can’t feel my husband move around like I can in other boxed mattresses.<br />The mattress is about 2 inches too narrow.<br />I’ve never gotten a long mattress that wasn’t the right width before.,2.0,Home_Kitchen
"I was worried ordering a potato masher online, without being able to feel it for myself beforehand. But I am very happy with this masher so far. The plastic is surprisingly thick. It feels very sturdy and well made. I've washed it a couple of times in the dishwasher on the highest heat settings and it still looks brand new. I think it will last many years. I'd recommend it, for sure!!!",5.0,Home_Kitchen
Works very well no issues nice product!,5.0,Electronics
I’m in love with this lotion!!!,5.0,Beauty_Personal_Care
"My mother loves this , no leaks best cup!",5.0,Home_Kitchen
"REPLACEMENT BATTERY WORKS. IT IS NOT A PERFECT FIT, THERE IS A SMALL GAP, BUT IT WORKS.",4.0,Electronics
"I was definitely taken in by the commercials and rave reviews here.  I have two short hair cats that shed like the dickens and an ancient 85$ Hoover I purchased at K-mart one desperate day in college when family was coming to visit.  My Hoover finally gave up the ghost and now that I have a real job I thought I would splurge a little.  Is the Dyson better than the ancient $85 Hoover - definitely yes.  Many hundreds of dollars worth?  Not so sure.  I've had this vacuum for about two months now.<br /><br />Pros<br />-Like everyone has said, the vacuum has great suction.  When I vacuum my 1,000 sq feet of carpet, I generally empty the bin twice.  It's filled mostly with loose cat hair and kitty litter dust.<br /><br />-What's in the bin is visible.  It's rather satisfactory to see all the junk you are pulling off your carpet and into the trash.<br /><br />-The handle at the top of the bin is well positioned to carry the vacuum up and down stairs.  Or, to hold on to while vacuuming the stairs.<br /><br />-The cord hinge twist thing is great.  The cord hinge on the top, swivels so you can dump off the entire cord with one motion.  It is nice to not have to unwrap the cord for every use.<br /><br />-The high quality plug.  This plug is built tough.  Every other vacuum I've ever has a wimpy plug that gets quickly bent after being pulled out of the wall wrong.<br /><br />-The pet attachment thingy with the moving roller.  It does work fairly well on steps or upholstered furniture.  Too bad I have to use the accordion hose to use it.  I've given up using this on the stairs and now just carry the vacuum and use the regular upright part to do stairs.  It's very heavy but not as much of a struggle.<br /><br />-Emptying the bin is very, very easy.  It can be a bit messy because of all the loose dust and cat hair so I tend to bring a small trash container into the living room, empty the bin into it and they quickly re vacuum the area.<br /><br />-Hand cleanable filters.  I haven't had to do it yet but I'm very much looking forward to the hand cleanable filters.<br /><br />Cons<br />-This vacuum is NOT lightweight.  I have NO IDEA what they are comparing this to when they say this.  Perhaps there are gold vacuums out there I've never heard of??  My old Hoover which had the same variety of attachments was much lighter.  My mom has an Oreck which must be half the weight.  Is it too heavy??  Not really but it borders on it.  I just feel the ads were deceptive here.<br /><br />-The attachment hose is very awkward to use.  Its accordion design pulls back on itself - that is, it always is trying to fold back into to its smallest possible configuration.  So, to use it, I must always be actively pulling against it to keep it extended.  This is exhausting and awkward.  It will also pull the vacuum right over on its side.  Or down the steps.  Which is not just annoying but pretty dangerous considering how heavy the thing is.  Most vacuums have awkward hoses.  I'd put this one down as slightly more awkward than most.<br /><br />-The plastic extension piece is too long.  It's around three feet long so it is beyond awkard to use to clean off furniture or reach around in small spaces - say behind a toilet or around the cusions of a sofa.  It took me a few weeks before I realized you could remove it when using the hose.  This is a little better but without something firm to hold onto, the accordion hose is even harder to wrestle with as it tries to shorten itself back to its original size.  Sigh!<br /><br />-Switching back and forth between the attachment and regular upright vacuuming is awkward.  I keep figuring I'll get better at it with practice but not so far.  I have to beat back the plastic extension piece and then aim it into the holder - which always misses a few times.  It always gets locked against the hose at the wrong place, etc.<br /><br />-Angle end attachment is not angled.  Ummmm... What's up with this?? There's nothing to use for cleaning baseboards, etc that can get in nice and close with corners.<br /><br />-Combo angle attachment brush thing is useless.  Since the brush is on the non-angled angled thing, I can't use the angle attachment to into tight spaces like between seat cushions or behind a book shelf or what not.<br /><br />Neither here nor there:<br />-The ball.  It's fun to look at but it doesn't really do anything for the vacuum.  Yes, it could turn tight corners but only if you could actually steer the bottom portion of the vacuum.  Since I'm only holding the handle, I'm still stuck doing the standard back and forth of a usual vacuum.  The ball also won't fit under a bed so you can't sneak the vacuum very far under anything like I could with my old Hoover or my mom's Oreck.<br /><br />-No light.  I love the light on my mom's Oreck.  Since I don't think it really helps anything cleaning wise the lack of one just makes the vacuum less cool but it doesn't take anything away.<br /><br />-It's just a loud as any other vacuum - no better, no worse.<br /><br />-Too big to fit on a stair.  All vacuums are but I wish one day they'd invent a good one that could safely fit on the stairs and still work as an all around the house regular vacuum.<br /><br />So basically, It works fine as upright vacuum but using the attachments is really difficult and they are poorly designed and poorly thought out.  I think Dyson clearly knows a lot about suction and self promotion (their ads are fantastic!!) but a lot less about attachments.  I'd recommend staying away from this model and look for Dyson with a different attachment design.<br /><br />July 2012 update:<br /><br />I'm really regretting this purchase now.  The hose is so hard to use that now I rarely do - which means dust, cat hair and dead bugs are accumulating along my baseboards, in corners and under furniture.  All Dyson had to do was put a spring in the hose that was less strong.  So simple but they didn't bother.  It would not have even have costed any more money - I'm guessing less strong springs actually cost less.  It's like they never bothered having real women test this thing.  All their money was paid to their advertising company.  Grrrrr....<br /><br />I'm also sick of hauling this thing up and down the stairs - it is too dang heavy.  I'm thinking of buying another, lighter vacuum for the upstairs.",1.0,Home_Kitchen
"Durable and fits phone great. Ordered for my cousin, he had nothing but great things to say about it when I called!",5.0,Cell_Phones
"Having had plenty of paraffin wax treatments in spas and salons, I had high hopes for these gloves and being able to save some cash and do it myself at home. Unfortunately, it's not as easy as I thought.<br /><br />The gloves are bulky and large which made me think that my hands would fit but also realized that I would need my husband's help to get the second one on. While I did require help to put the second glove on (putting them both on yourself is near impossible), they weren't as large as they first appeared and my hands barely fit inside (I was actually surprised I didn't rip them) and so the fit was tight and uncomfortable.<br /><br />I heated them in the microwave as instructed but the wax melted in a weird way in both gloves. Glove 1 - the wax melted so much that, while I was able to get my hand in and smush/spread the wax around my fingers, it was an odd watery texture. Glove 2 - the wax hardly melted at all, making it so lumpy and hard in places that my fingers didn't even fit into the finger slots all the way and I didn't get as much full coverage from the wax since it wouldn't spread at all.<br /><br />Despite these difficulties, I did manage to wear them for the recommended 10 minutes (with the aforementioned assistance of my husband). Removing them was yet another challenge... my hubby held the glove itself while I slid my hand out, trying to keep the wax inside the glove. Now, anyone who has had a wax dip knows exactly what ""sweeping"" maneuvers I was doing along my fingers but I must say that these techniques didn't work with these gloves. I think it comes down to the weird consistency of the wax. Needless to say, I got wax everywhere but inside the gloves. It was a mess.<br /><br />Once off, I tried to clip them shut with the included clip and this is where yet another challenge presented itself... the clip is not as wide as the openings on the gloves so it is not possible to clip the gloves closed using the included clip. Since these gloves are claimed to be multi-use, I just laughed at this point.<br /><br />Bottom line.. these gloves are too much of a hassle. They are too difficult to use, the wax must be bottom of the line grade and the included clip was not made to fit the gloves in the same kit rendering this kit a one-time-use deal. Oh! And my hands didn't feel any more moisturized than before I began this entire ordeal. These are a definite no go for me and I will not be recommending it. Just save enough to buy two of these kits and go and treat yourself to a real wax treatment at your local spa or salon. Trust me.",1.0,Beauty_Personal_Care
"OMG! These coffee gnomes are too cute! I love them!! I ordered them for my coffee themed tiered tray that I am working on and they're perfect! The size is not too large so they fit nicely on any of the shelves. Some gnomes that I have gotten are too tall for all but the top shelf, so it limits my decorating. They have a few coffee beans on their hats and they are each holding a green coffee cup. I couldn't be happier!",5.0,Home_Kitchen
"No more WATERED-DOWN Drinks!!!<br />Always keep supply in freezer, an no worries for diluted drink of ANY kind.<br />Toss in towel for quick emergency med app without melting!",5.0,Home_Kitchen
I have been into the gym for many years. This salt didn't affect me in any good way either while exercising or in normal times. I actually felt like disgusted with the ammonia kind smell.,2.0,Health_Household
These hurt and pull out your hair when pulling them through the tubes.  My hair is long and it hurts no matter if hair is almost dry or wet.  It does make pretty curls though,4.0,Beauty_Personal_Care
"While this is an attractive tube and did have a foil seal, the packaging probably weighs more than the product. In the pic, I'm squeezing this nearly flat and still nothing is coming out. It is unscented - like a plain cracker, just the ingredients. I would have liked if it actually smelled more like the ingredients, i.e. lavender, lemon balm, chamomile, but I'm not knocking it for that since it states it's unscented. The lotion itself absorbs nicely and does leave the skin feeling hydrated (not intensively hydrated) without greasiness. I'm giving it such a low rating because it's far too much for such small amount when you could buy equally good lotions for less.",1.0,Beauty_Personal_Care
"This is a GREAT, absolutely super starter kit. Why? The little carry case! It keeps everything together.<br /><br />Tools, color polishes, base coat, top coat, embellishments – there’s a lot here to get started right away on getting one’s nails done. Even a portable lamp. And, this lamp isn’t a slouch! I used it for a few repairs and it worked as well as the bigger ones.<br /><br />Definitely recommend this for beginners. Would make a wonderful gift!",4.0,Beauty_Personal_Care
"The bag is OK. But the belt is a cheat version. It is not a one piece leather, but three small leather pieces that are stitched onto an artificial fiber belt. This makes the whole case look cheap.  I am returning it and wondering whether all the other color versions have the same kind of belt. If yes, I don't bother to try another color.",1.0,Electronics
Excellent product.  Does what I need it to do.,5.0,Electronics
"This is what I always use, Great for sensitive teeth!",5.0,Beauty_Personal_Care
Too hard to get to phone snap very hard to operate,4.0,Cell_Phones
"The problem with this is that it's very inconvenient to use. I nearly always press one of the side buttons with the grip posts, it's a bigger issue on smaller phones (like the current iPhone SE) since there just isn't enough space to properly clamp the phone without hitting the buttons. Otherwise it works, but is slow and cumbersome. I'd recommend a different system, no particular recommendation since every single one I've used was better ... as long as you can mount it securely to the car.",1.0,Cell_Phones
perfect for my Christmas cactus plants that I just re potted<br />ordering another,5.0,Home_Kitchen
"My dining chairs are SO uncomfortable!  As a family, we do just about everything around the table but sitting there for long periods of time was killing me!  I’ve tried a fee different chair pads with minimal relief.  This one is a game changer!  The honeycomb texture takes all the pain out of those pressure points and just feels wonderful.  I can eat dinner with the family, play board games, help with homework, all without ever being in pain.  It’s a game changer!",5.0,Home_Kitchen
I was referred to this mascara by a friend so I thought I would try it. I got it in the mail and it was dry like there wasn’t hardly any mascara inside it therefore I returned it .,1.0,Beauty_Personal_Care
"I bought this oil at my local beauty suppy store in a little strip mall.<br />I was pretty desperate, because I'd overpermed my hair and it seemed to be falling out more than usual, (""shedding"") ... a very scary experience.<br />Anyway, I mixed the Hollywood Carrot Oil with a cheap Protein Conditioner I bought from Puritan Pride, and my hair stopped falling out IMMEDIATELY!<br />My hair feels and looks incredible.<br />Oh!<br />And the split-ends DID ""disappear"".<br />Amazing!",5.0,Beauty_Personal_Care
Very little pressure needed as these are seriously rough,5.0,Beauty_Personal_Care
I buy these batteries for my remotes-as they seem to be slow drain. They do not work good on my cd player-they only last a couple of hours.,5.0,Health_Household
"I have one of the red lights and I have a double red light (it just lights up but I don't think it is the right bulbs for red light therapy) and tonight I will try this when I can get some time to myself. I hate to say it, but I have a dog and a husband who follow me around all day long. Finding time to myself is not easy. In fact, as I type this, my Boston Terrier is licking my leg.",4.0,Health_Household
"Works as it should, I think, would buy it again.",5.0,Health_Household
Make sure you love the smell of grapefruit if you order this candle. I wasn't prepared for the overwhelming scent from it.,2.0,Home_Kitchen
Might be good for others but not for me so I returned it.  Admit never wore it so didn't give it a good chance just didn't seem what I wanted.,2.0,Health_Household
"Found a better brand for the money.  Softer, stronger.",2.0,Health_Household
"The idea of a fully automatic machine really appealed to me. I have a gaggia classic espresso machine and a rocky rancillio grinder that have seen heavy use over the past 4 years. I was interested in this for speeding up the process of making my morning lattes.<br /><br />I tried several times to use this machine consistently, but I could never get the espresso or the frother to work as well as the manual machines. So I always ended up frustrated and went back to my trusty old manual setup. Specifically, I couldn’t get good creama on my espresso and the frother barely made any microfoam. No matter what I tried, I couldn’t get this to make lattes how I like them.",2.0,Home_Kitchen
I never usually write reviews but this case is perfect!!!,5.0,Electronics
Waist of money looks better in pic,1.0,Beauty_Personal_Care
Worked just about like anything you could buy at Wal Mart.,2.0,Health_Household
"I started using Sonicare brushes a few years ago and there’s no way in my life I’d ever go back to a manual toothbrush. I’m a bit obsessive about brushing my teeth, and there’s just no comparison for me.<br /><br />I’m currently using a HealthyWhite style, this DiamondClean “Smart Electric” is an upgraded style.<br /><br />Are the upgrades worth it?<br /><br />Not to me.<br /><br />The biggest negative for me is that this new model is incompatible with all previous DiamondClean chargers. I didn’t see that listed anywhere in the product information.<br /><br />I personally don’t like the glass cup charger, as it takes up too much room on my counter. I like to keep the charger in a drawer when I don’t need it, the glass is too big to do that with.<br /><br />Think about if you’re really going to use the app. I tried it once just to try it out, but it’s not something I’d continue to use. It’s gimmicky to me, though I do understand the urge to track performance and see how you’re doing.<br /><br />The included heads were too stiff for me to use comfortably without a break-in period. I used to buy soft toothbrushes, for reference.<br /><br />The Lunar Blue color is stunning in person. I never thought I’d call a toothbrush pretty, but here I am calling this one pretty! The whole presentation is luxurious.",3.0,Health_Household
Perfect for my new wireless charger for my van. Just wish my van had an extra port within my van as I'd get two of these. So many devices need power now.,5.0,Cell_Phones
"My wife is a Nurse Practitioner, my daughter is a Radiologist, her husband is a Hospitalist (general practice), and my daughter-in-law a Registered Nurse.  I'm currently 70 years old and am recovering from lung cancer surgery.  Needless to say, all of the family keeps throwing advice my way, knowing that anyone with compromised lungs can't deal with Covid 19 very well.<br /><br />My wife and I have been taking supplements for years and that has no doubt helped me get to the age I am.  We thought that we had all the supplements covered -- that is without going to extremes -- until my daughter and her husband called one night and recommended that we add 400 mg of Zinc to our regimen.  After looking at the Zinc content in the supplements we were already taking, it was obvious that I needed about 300 mg more than what I was using.  My wife gets most of hers through her treatment for macular degeneration but I don't have that problem.<br /><br />Once I started looking for large doses of Zinc it became obvious that the most common dose was 50 mg with 100 mg coming in a distant second.  After researching the various doses available and reading lots of reviews, I settled on this Nutrivein product.  I knew going into this product that Zinc potentially has several unpleasant side effects for different people. The recommended daily amount of Zinc is 8 mg for women and 11 mg for men.<br /><br /> I knew that adding this much Zinc to my daily regimen could potentially cause problems for me. These include: nausea, vomiting, diarrhea, as well as kidney and stomach damage.  So it's important that you check with your physician before taking large doses of Zinc.  Many people are intolerant of such a large dose and some simply can't ""stomach it"".  No problems for me.",5.0,Health_Household
Me permitió caminar sin tanto dolor y cómodo al sentarse a manejar,5.0,Health_Household
"These two boxes are ""black-tie"" elegant and textured and come with two ribbons, two cards, two box bottom inserts, two packages of nesting material, and two envelopes. It is shoe box sized so it would fit shoes or the equivalent and no wrapping other than a bow would be needed. They also have a wonderful magnetic closure. Unfortunately, this is where the goodness ends. I found these so impossible to put together and the sides never sat flush with the box. Also, the paper ripped from the box bottom during assembly (see photo). I will pass on these boxes as they are too complex to assemble and I find it impossible to assemble in full with the box sids flush with the box.",2.0,Health_Household
This is the second TCL tv we’ve ordered from Amazon. Just listened to the reviews and ordered. Easy to program and good customer service picture is sharp and sound good. Can’t say much about the remote but we program our Dish remote and really never use the remote provided. Very light in weight. Perfect for bedroom and porch which is where we use ours.  Would image it could be used anywhere. Good luck!  We like ours very much!!!,5.0,Electronics
Perfect little heater.  Warms small places quickly.  Recommend~~~<br /><br />UPDATE DEC 16 2018<br />After using a few times it stopped working tonight.<br />Anytime and every time I have ever used it I left it on for maybe 30 minutes to an hour supervised. I never leave it on all w/o me there.  Well tonight I turned it on and after 6 or 7 minutes it just stopped working. Bought it September 2018<br /><br />UPDATE DEC 17 2022<br />This thing started back working shortly after I wrote that last update back in 2018. And yes it is still working. It's on as I write this.<br />Read on:<br />Very strange that it stopped working for a short time in 2018. Shortly after that isolated glitch it went back to working.<br />I have it on now as we talk. Been using in December and Jan months since 2018. Bought it for $5 on Amazon in 2018. I see now it is 7x higher - more expensive. Wow.,1.0,Home_Kitchen
"perfect for a care package, gift basket or stocking stuffer.",4.0,Beauty_Personal_Care
"OEM stands for Original Equipment Manufacturer, in this case, Apple. I assure you this is definitely not an Apple OEM product. Misleading marketing.",1.0,Electronics
I have never seen anything like this!  Spray and in about 30 seconds the mildew is gone!  It is truly unbelievable!!  I have never raved about a product like this.  Anyone with a negative review must be nuts!!  It is stellar!  I will never have unsightly mildew stains again!!,5.0,Health_Household
"Unfortunately, this was too strong of a non-descript cologne smell.  It's not that it's floral or not that it's too woodsy--it's just very strong of a cheap perfume smell.  I hate to say that!  If you want a pretty average perfume, this will work fine.  However, if you like something that is distinct and blends in to give you a nice smell, then this might not work.  I'm sad it didn't work for me!",2.0,Beauty_Personal_Care
fast delivery low price AAA !!!,5.0,Health_Household
"Perfect for keeping my screen protected, and love the matte finish.",5.0,Cell_Phones
So far the roller seems to be helping my pain in my heel,5.0,Health_Household
"I absolutely LOVE my bottle of Breathe!  I use it in my diffuser on higher pollen days and it really keeps my nose and lungs clearer.  I also take 1 drop of it and apply it to the bridge of my nose for added relief.  LOVE it!!<br /><br />Also, the packaging was really well done and the bottle arrived in perfect new condition.",5.0,Health_Household
I like the lightness of this oil wash. It has a scent that I’m not too fond of. The first time I used it I couldn’t stand the smell but I got used to it after a week. Are used to make my own oil cleanser but I got tired so these were my alternatives. I would probably purchase again.,5.0,Beauty_Personal_Care
"My daughter just had to have this, so I bought it for her for Christmas from Target.  The lid is very cheaply made and I don't think it will last long.  Also, the scroll button for the volume does not turn easily and when it does it takes a LOT of turning to change the volume up or down.  Returning this immediately - Hope I can find something both cute and functional!",2.0,Electronics
"Very effective powder, but was shipped in an envelope and got squashed, distributing a little more powder than expected.  The lid of the tube was crushed, which may have been the problem, but there were no perforations or anything to allow the powder to be easily spread from the can; we wound up tossing out clumps and sweeping it into place.<br /><br />Once in place though, the powder was highly effective not only in eliminating the odor but in discouraging the dog from repeating the misbehaviour.",4.0,Health_Household
Exactly what I wanted. Perfect!,5.0,Beauty_Personal_Care
Wrapped dislocated metatarsals.  Works to reset without doctors help.  Can wrap around socks.,5.0,Health_Household
"Los mejores prismaticos en su rango de precio, incluso comparables con prismaticos de aún más valor.<br /><br />Excelente nitidez<br /><br />Relativamente livianos (comparandolos con prismaticos de sus mismos aumentos)<br /><br />Para la astronomía funcionan bastante bien, puedes ver estrellas que no se logran ver a simple vista, incluso, y si tienes conocimiento en astronomia puedes llevar a ver nebulosas (existen prismaticos mejores para la astronimia, pero ninguno que brinde la misma comodida, los otros son más pesados y requieren que los uses tripode)<br /><br />Para la fotografía funcionan bastante bien, (jamás intentar fotografiar el sol cuando esta a pleno, solo hacerlo al atardecer, y no mirarlo directamente)<br /><br />Para la observación terrestre son muy buenos, puedes ver con claridad objetivos a varios kilómetros, ( en mi caso logro ver toda mi ciudad)",5.0,Electronics
their clear lenses. Hearts barely show up.,2.0,Electronics
"I like the fact that these are not as fishy smelling as other brands I've tried. There is some odor to them when you open the bottle that is vaguely fishy, but it's no where near as pronounced as other brands. No stomach upset at all nor have I noticed any aftertaste. Both are big plusses.<br /><br />The biggest negative is the size. They are a bit difficult for me to swallow. It's not impossible, but the size is somewhat off putting.",4.0,Health_Household
"I ordered the wrong size by accident so I returned it unopened, ASAP.",5.0,Home_Kitchen
"High quality screen, for extremely affordable black Friday price! Can't recommend enough.",5.0,Electronics
"It’s very soft love that part but the navy that it’s not a full bed set got me good I mean at least add A comforter! And I guess there is a specific way to put the darn, thing on your bed instructions are good but I’m not sure! What saved this is I needed something got my new bed",2.0,Home_Kitchen
the best highlighter on the market<br />i swear by this,5.0,Beauty_Personal_Care
This is a update working fine but the plastic feet keep moving if I move it to another place For the cost it's 👍. Putting this together does take some time with no written instructions!😕😕 .One thing 🤔 I did not notice is the basket for the silverware only after I was able to step back and looking at it the water tray does not catch any of Dropping water!!<br />I tried to post a picture of this but it would not let me say that they are working on it 🤓,4.0,Home_Kitchen
"Worked as described, only needed to program a self learning IR remote after losing my remote.",4.0,Electronics
"I cant believe I went this long without these!! So... my WHOLE life I've always had short and brittle toe nails. I've tried everything to make them longer and stronger. I've tried hair skin and nails vitamins which broke my skin out. I've tried gelatin vitamins, which helped my fingernails and not my toes. I've even went to the nail salon and had them put Acrylic over my toe nails, that still didn't work (and it didn't look right). I finally found out earlier this year that due to an auto immune disease I have, it affects the growth of my toe nails. So my whole adult life I was beating myself up over something I could never do anything about. ok fast forward to the product. I've seen these in the stores before and I always thought ya right, that would look hideous. I watched a few youtube videos first and I was shocked how good they looked. I immediately ordered some for my self. I freaking love them!!!!! They look soooooo real! I didn't tell my husband that I ordered them, and I told him I went to the nail salon and he didn't even notice. I eventually told him and was shocked. I cant believe I went this long without them. I will definitely be buying more. I'm going on vacation in December and you better believe I'll have a few packs in my suitcase in case some fall off but that's the least of my worries. I wish I had a before picture, my feet were never terrible I just would have preferred longer nails. I finally found something thats affordable and looks good. The nails are thin, they don't feel like eagle talons. Perfect length!",5.0,Beauty_Personal_Care
"Cute but adhesive not very strong,",4.0,Cell_Phones
Of course nothing better than tide,5.0,Health_Household
"I was very excited to have an opportunity to try these protein cookies -- as I love all things peanut butter, and all things peanut butter cup even more.  Sadly, these were quite disappointing.  There wasn't a strong peanut buttery flavor -- or really any flavor.  it was just sweet and glommy and chewy.  I guess this could work in a pinch if you are just trying to get some calories and protein into your system to get you through the day -- but they're not something I will reach for again.",2.0,Health_Household
"I have not found one to fit my wheelchair until now. I use a scooter and a wheelchair. The wheelchair bag I had found only a bag for cylinder D. There are times when I need an E cylinder in my wheelchair. I have had to carry it in front of me until now. I can have the bag stay on the wheelchair for when I need it. This means I don't have to take the one on my scooter off to  put on my wheelchair. This will save time, and it means I don't have to find help to switch the bags back and forth. It was easy to fit on my wheelchair. And that means it will fit in any of our cars with the tank out. I received this bag at a discount for an honest review.",5.0,Health_Household
I like it it's thick and pretty,5.0,Cell_Phones
"These work well, but aren't all natural. Read closely. If you don't mind, buy them.",4.0,Beauty_Personal_Care
"I've been needing a new power bank for a while and this one has been awesome. It's easy to plug my phone, tablet, or other electronics into and it charges them super fast and keeps them charging even when using them. It works great and now I can always have it with me so that I'll always be able to keep my phone charged.",5.0,Cell_Phones
Omg they taste horrible and gave me a mayor headache never again nasty nasty i shloud of know better,1.0,Health_Household
"Based on its price, it's pretty easy to tell these aren't meant to be top-notch earbuds.  And they're not.  They aren't as  rich sounding or richly featured as my AirPods/Airpod Pros.  And my Powerbeat 3s also sound more full (though not as good as the AirPods).<br /><br />If you know that going in (and you should, since you're paying sub-100) and your expectations are set, then you should be fully satisfied. They do sound good, just not great.  I'd say they're rough akin to my several-years old Jabra Elites, though these are more bass-heavy, so I actually slightly prefer the Jabra.<br /><br />they're comfortable given that have a neck wire (obviously if that bugs you don't get these) and there lighter than my Powerbeats.<br /><br />all the basic controls are here in-line and work smoothly. Pairing was, as always between Apple products, fast and effortless. Immediately paired with all our phones/iPads fine.<br /><br />call quality was good, microphone worked great.<br /><br />they click together magnetically, but the wiring isn't super flexible, so I don't feel comfortable storing them in a small space. They come with 4 eartips for sizing.<br /><br />As always with Apple, packaging was nicely minimal<br /><br />I got these either for myself to have a pair of cheap earbuds to take places I don't want to have to worry about losing or to send to my son at college so he doesn't have to worry about losing them.  They're budget earbuds but still fine sound, just not as good as the high-end ones, as should be expected. That don't come with a charger (just a cable), which I'm fine with as by now I've chargers up the wazoo, but something to be aware of.<br /><br />excellent product for its niche",5.0,Electronics
"I definitely believe that this product works for my wheat allergy. Over the past month, I ate some conventional donut holes, hamburger buns, and cornbread as well as BBQ sauces that I have always reacted to in the past. Symptoms were mild although I still experienced them. Hence the four stars.<br />This product is NOT a cure all by any means, it just allowed me to indulge a bit on vacation. If I were celiac, I would never use it. It never gave me carte blanche to feast on whatever I wanted without consequences.",4.0,Health_Household
awesome product  and the perfect size i was looking for,5.0,Health_Household
"I love the idea of this, but the screw doesn’t tighten down enough to hold binoculars securely.",1.0,Electronics
Didn't stay out very well. The fit was off.,1.0,Home_Kitchen
lost my control I doubt to buy another but this its exactly the same!,5.0,Electronics
I didn’t like it. Too small for my finger,1.0,Cell_Phones
"I've mostly been pleased with this eye cream. I've used it around my eyes and on a line on my cheek, since those are my most obvious signs of aging at the moment(at least on my face.)  To use it, just twist the top. It doesn't take much to cover where I want it. It's somewhat like a mask. I can't use it when I plan on going out and I use concealer. Rubbing the concealer on rubs the ""mask"" this product creates and it makes it peel and roll. It's annoying trying to get it all off my face. I do like using it when I don't plan on using concealer, though, especially at night. I have super sensitive skin, but I haven't had any reactions to it. It hasn't worked any miracles for me, but I'm convinced it helps a little. At first, I thought it was only helping when I wore it and the mask was concealing it, but after using it a few weeks, I'm convinced it's helping even when I'm not wearing it. I have enjoyed using it. I've felt pampered.",4.0,Beauty_Personal_Care
"Heather and I have both been taking this supplement since it arrived. Or at least she was initially. She stopped, however, because she realized that it was making her gums bleed. It was the weirdest thing. No sooner had we started taking it, she found that her gums were bleeding at work. She discontinued taking it a few days later, and immediately, her gums returned to normal. We can't figure out why it had this affect on her! I've been taking it without incident and it has kept me healthy, and I've had no issues at all. But read the label carefully and see if there is anything in it that might bother you. She still isn't quite sure what it is, and maybe it was just a weird coincidence, but she refuses to take this supplement again because of that issue.",4.0,Health_Household
I love this item!!! It protects my vanity from the heat of the curling iron and the size is perfect! Would recommend!,5.0,Beauty_Personal_Care
This hair spray smells amazing! Actually I don't think that I have ever smelled an Aussie product that didn't smell amazing. Anyways. I really like this hair spray. It gives me hair a hold and volume but it doesn't make it too stiff. I used it often.,5.0,Beauty_Personal_Care
"I had high hopes for this mop.  The bad news is that the mop itself just isn't that great.  The flexible extension is a nice idea in theory, but in practice it's just not that useful. The extension is stiff enough that bending it into place is awkward, but flexible enough that it's not useful for getting a good mopping in.  As a standard mop when the extension isn't in place, it's just average and maybe a little below average.<br /><br />There is one part of the mop that I do love.  The cleaning pad itself.  I made one for my Swiffer because we're trying to use less disposable items and it was nowhere near as good at scrubbing as this is.  The cleaning pad fits (just barely) on the Swiffer.  I highly recommend the [[ASIN:B071YZP49S STAINMASTER Hard Floor Cleaning Pad Replacement, Microfiber]] for use on your fave mop if it fits it, I have an extra in my cart currently.  But the mop itself just not impressive.",2.0,Health_Household
"I got this falsies to use for a get together! It was a simple get together but I wanted to look dramatic! This falsies have achieved the looks that I wanted. It made my eyes bigger, brighter and more atrractive. I had to cut a it shorter though as the length was too much for me. It made my lashes heavier and uncomfortable. With the right length though, it was such a beauty! Loving it!",4.0,Beauty_Personal_Care
Amazing. I love this. Really works well,5.0,Home_Kitchen
"I thought that this being a Pledge product, I had found a floor cleaner to use in my RV.  What I found was a cleaner that left my vinyl RV floors sticky.",2.0,Health_Household
"This was the first Kindle I bought, over two years ago. A month ago it wouldn't turn on. I thought, I got my wife a Kindle Fire last year. I'll get her the new Fire with all the goodies. When I ordered it, I mentioned that my first Kindle had died. After a few simple questions,  I was told that a NEW one would be sent out Second Day Air. Return the dead one...no charge. We have three Kindles. This one is my favorite for reading....no glare when I'm outside. My wife loves the new one, I take the &#34;old&#34; Fire when I'm on the road. I've downloaded all of my music to it. Books and music when traveling make the time go buy faster.  With service like this you can't go wrong. All three Kindles were worth the price...",5.0,Electronics
Doesn’t seem like it will protect my phone... will be sending it back,2.0,Cell_Phones
Burned to disk but -R format prevents playing in my car and other players,2.0,Electronics
"I have a Macbook Pro, the one with all the USB-C ports and the TouchBar.  While it does have a headphone jack, I absolutely hate pulling out cables when I need to undock the machine.  I just want *ONE* cable running to the dock for the simple reason that my laptop travels around.  Is it that big of deal?  Eh, not really.  However, one problem I have is my laptop is right next to a monitor, and I can't easily get at that spot.<br /><br />I know that a lot of people aren't on board with Apple's decision to go all USB-C.  Like the move or hate it, I can tell you one thing that is very cool about that decision:  YOU can pick which side of the laptop you want to plug your power in.  Well i did that, and my monitor is exactly where I want it,  but my headphone jack is now difficult to reach.  This little adapter brings that choice back to me.  So now my headphones are plugged into the dock. BOOM! ONE cable to unhook when the laptop leaves its nest!<br /><br />They do make simpler ones than this one, and in my case any of those  would also have sufficed.  The reason I chose this particular one is that it has a USB-C pass-through, meaning I'm not even using up a port.  (Be warned, I think this is only for power and not data.)  Can't complain about that!  Oh and down the road I do intend to purchase an iPad that has a USB-C port, so this adapter will let me listen to headphones AND charge the device at the same time.  I personally would recommend to anyone that it's worth paying a couple of extra bucks for the pass-through.",4.0,Cell_Phones
"Marvelous, fabulous, amazing - soft, silky, huge, gorgeous... I wish I had a hundred.",5.0,Beauty_Personal_Care
"It's perfect on my phone, very good protector.",5.0,Cell_Phones
"In fairness to these curtains, I am not a ruffles person. But my mother is and I thought these would look nice in her room. Not. The fabric is thin and cheap. It lets in plenty of light which is fine but it looks liek a roll of toilet paper than ran into an alley cat who just found out he was neutered. Inother words not pretty. They lack the olume depicted. Just look like shredded fabric.",2.0,Home_Kitchen
"These are not necessarily the best, but they are far from the worst. the price is right and the way people here go through them I am very happy with this product",5.0,Health_Household
I love the fact that this has no scent. Most face clays have a terrible smell but I can't smell this one. It makes my face smooth and it feels very clean and fresh after. I got this with a discount.,5.0,Beauty_Personal_Care
The oils I chose r beneficial to my health. Doterra has excellent products,5.0,Health_Household
"These are NOT for sensitive skin. My sister and I both have sensitive skin(her more so than me) and after using these our faces and necks were STINGING, my eyes swelled slightly and our skin was lobster red. Be VERY careful if you decide to try these and do a test spot away from your eyes. The swelling/stinging/redness subsided a few hours after we rinsed our faces.",1.0,Beauty_Personal_Care
Works great and accomplishes my task completely,5.0,Beauty_Personal_Care
"These are soft and do not feel like pampers.  They absorb a lot of liquids and do not feel wet.  The only issue is sometimes they move, or bunch up especially at night.  Other times they become loose when its time to potty and I would have to reapply another pad.  They are extra long but thin so they do not show from behind.",5.0,Health_Household
Son una maravilla!!! Los mejores que he tenido y hasta mejores que los de marca que son súper caros... Ninguna batería aguanta como la de estos audífonos!! No los cambio por nada!!,5.0,Electronics
"I definitely prefer the name brand version of these. These are really big. The main issue is that the edges of the plastic are really stiff and stabby. Even covered up, they just aren’t the most comfortable.",2.0,Health_Household
"I'm a woman, and I love this shave gel for my legs.  It has a very mild scent, zero irritation and the best creamy lathering action I've seen out there.  A little goes a LONG way.  I'm buying men's shave gel from hereon out.",5.0,Beauty_Personal_Care
I am hack in business of baking! Can't bake without these! Tx u.,5.0,Home_Kitchen
It wasn’t 18x18. More like 12x12. Material was nice,2.0,Home_Kitchen
The only brand I will buy.  Soft and durable at the same time.  Best on my market in my opinion,4.0,Health_Household
Great Quality. Good buy. I bought all clear now I need more colors.,5.0,Beauty_Personal_Care
after catact surgery I have a problem with watching tv and ccomputer work.  using these glasses allow me to do this without my eyes feeling swellen and strained.  when I need reading glassses I will order these with the proper strength. right now I am using the ones with no strength,5.0,Health_Household
Probably works better with a water pic,2.0,Health_Household
I really like this tripod!<br />I have an iPhone XS and lately I’ve been wanting to take my own photos of my family (where I get to be in the photo too!)<br />This tripod is easy to set up and is very sturdy.<br />It holds my phone securely.<br />I actually use my Apple Watch with the camera app to take a photo so I can’t tell you how well the clicker works.<br />I like using my Apple Watch because I can actually see exactly what my phone will take a photo of from my watch before clicking the button on my watch which sets a 3 second timer and then takes the photo!<br />The tripod is easy to set up and take down and stores easily in the included bag.<br />The tripod is so small I might actually take it with us when we travel to be able to get pictures that are more still.<br />I wish I would have had this a year ago!,5.0,Cell_Phones
"I spent my life always being envious of brunettes with their gorgeous hair that shined in the light. No matter what I did, my blonde hair never seemed to ever have the same shine to it. Until I used this. Holy crap. It makes my hair so soft and shiny it blows my mind. I use this shampoo and conditioner once a week/every other week, and the packet once every month-ish. Guess my lifelong problem was hard water!",5.0,Beauty_Personal_Care
"I really like these cutting boards.<br /><br /> There not beautiful, there not for serving, but they do not let liquid spill off the sides, cause they go up around the edges.<br /><br /> I also like that there so light weight, but strong. I can cut up my veggies, meat,, and carry it too the pot on my stove and everything slides right in.<br /><br /> When I'm cutting up anything you do not have that ""Well"" around it that leaves you with a smaller surface, and all the juices fall into.<br /><br /> When you try and catch the juices, they run off in a mess, not so with this board.<br /><br /> Now for the negative about this board, but I do not find this to be a big deal though.<br /><br />Once you put a cut into the board it is not anti-bacteria free..<br /><br /> I put my Board into the lower part of my dishwasher and it comes out fine.<br /><br /> If your looking for a beautiful board this is not it.<br /><br />If your looking for a light weight , funtional cutting board, I think this is it.<br /><br />I do not use my heavy expensive wood boards anymore.<br /><br /> I bought these last year 06, on Amazon for $7.99...Why they went up in price this much is beyond me, 07.<br /><br /> These boards are not long lasting like wood boards or other heavy plactic boards, so I'm waiting for the price to come down..I now own 3 of these.<br /><br /> Btw I own one sq. and two rectangle.The rectangle is my favorite and the only ones I would buy again.",5.0,Home_Kitchen
Better to do without and just carry wipes for fingerprints.,2.0,Electronics
"I've wanted to try bone-conduction headphones for a while now but just never wanted to take the plunge.  Charging it has a magnet connector, I wish it was USB C but it is what it is.  For the sound quality, it is less than over-ear headphones but that is to be expected.  The microphone was what really disappointed me as I used this on a teams call and everyone said I was muted.  I would say if you want to try a bone conductor this is okay to try but just use it for listening not talking.<br /><br />Update<br /><br />I have decided to add a star because I have found what these excel at driving.  I used to use my ear buds when I was driving but that cut down on my ability to hear the outside world when I use these while driving I don't have that same concern.  While they still arent the greatest for office work I now have them chilling in my truck for when I want to drive and listen to my books.",4.0,Electronics
Much less mess in my bathroom compared to regular shaving cream.,5.0,Beauty_Personal_Care
"This goes on smooth, is moisturizing and I love the color.",5.0,Beauty_Personal_Care
I returned this farmers. I had bought it as a gift and ended up having to get something else. It seemed very cheaply made.,2.0,Electronics
Great product. Did not irritate my scalp at all. Great deep color!!!,5.0,Beauty_Personal_Care
"I had never heard of this kind of locking bag - apparently for carrying and securing medicine and the like. When I saw it I thought it looked like it might be good for my CPAP mask. My CPAP machine has its own carrying case,  but the headgear and mask element do not fit in the bag. We traveled with it all and had no where to put the mask section - we ended up stuffing it back into the box the mask/headgear came in. So I have been looking for something.<br /><br />This bag fits the bill perfectly.<br /><br />It is a great size, looks attractive, and there is a locking system. I’m not sure we will use the lock, but it is an option.<br /><br />The CPAP gear I use fits perfectly, so on our next trip I will be able to carry it and not show off (in the original box) what I’m carrying.<br /><br />It will also come in handy for anything else we might wish to carry - though I prefer keeping it for the CPAP.<br /><br />I cannot speak to the smell proof or other usage elements.<br /><br />I’m very happy with this purchase and happy to recommend for someone looking for a bag of this size.",5.0,Health_Household
I absolutely love this product! It smells so good! And just alittle gos a long way! You did not need massive cap fulls for just one load in order to get a nice scent that you can actually smell! Best of all ALL of the downy scents smell great! So if your favorite is out of stock grabbing one of the other scents for the time being works out just as well! Will definetly keep buying this product!,5.0,Health_Household
This smells awful. I can't say it cleans that well either,3.0,Health_Household
Completely junk.  Within a month had large chip on side and many big scratches that all obscure view of screen.  I’d had my other one for a few years and it looked better than this one.  Guessing any good reviews are fakes.,1.0,Cell_Phones
These worked great until today. Bought them in February and broken already. Not sure why but they certainly should have lasted longer.,1.0,Electronics
I absolutely love the computer!! it is awesome!,5.0,Electronics
Been fighting dry skin during the winter months. Purchased this product per my Dr. And it has been the best stuff. I'm not dry. My skin is actually soft.,5.0,Beauty_Personal_Care
Never received the $25 amazon gift card despite activating the card according to the instructions.,1.0,Cell_Phones
"i'm not sure how to review this because i am sick or have a cold but i can't give the credit to this.<br />it tastes good.  it's sweet and fruity, as you would expect.  Remember it's SYRUP so it's very thick.  I have a friend that would not be able to swallow that, she hates the consistency.  If you have an aversion to thick liquides, get the pills.  The bottle is easy to open but it's not child proof.  i have no side effects or stomach issues.  I'm just hoping it will protect me from colds and flu this season. Last year, i got the flu shot as i normally do but in Decemeber, i got the flu and i was sick for 5 weeks, ruined my Christmas.  I'm an avid hand washer and try to avoid cougher and sneezers but i still got sick.  My thinking is anything i can do to avoid being sick, i will do.  so for all of you getting this, good luck !",5.0,Health_Household
These go perfect with my beach themed room. Nice quality.,5.0,Home_Kitchen
The battery life on this watch renders it essentially useless. Save your money and get pretty much any other smart watch out there.,2.0,Cell_Phones
This is perfect for keeping my woodstove area tidy!,5.0,Home_Kitchen
Love this product but item arrived leaking..labels peeling off,1.0,Beauty_Personal_Care
perfect for my husband's phone on his desk.,5.0,Cell_Phones
I travel alot and love my large steamer at home. This is just the right size and works well to freshen up my suits for my next meeting. Steam is perfect and it fits into my travel bag with ease.,5.0,Home_Kitchen
This is kind of light. Its watery and the smell isn't fabulous.,4.0,Beauty_Personal_Care
"Many people know this, some don't. This is for those that do not!<br />Cut the tails off, flush against the zipper. Or later you will get poked in the eye, scratched hands, and a bad temper because of it.<br />If you know you will be updating the cables soon or often, use velcro! If this is a cable (or other) set to be untouched for a long time, zip ties are your friends!<br />Having an assortment of lengths is beneficial. These zips are well made and do not slip.",5.0,Electronics
"I guess I thought it would be a clear gel case but its a clear hard case, it looks like my phone doesn't have anything on it at all. Weird",2.0,Cell_Phones
"Great for kindergartner hands and lunches. It was nice to be able to separate everything. However after a few drops in the lunch bag, the lid would not close and then ended up snapping.",2.0,Home_Kitchen
"I wish the gel was available in its classic wonderful  Ahava scent. The company has changed it to mild green apple. Nice and pleasant, but not as enjoyable as it used to be. I miss the old formula. It is disappointing when perfect cosmetic products are changed for the worse. This shower gel now smells close to children’s Suave’s Juicy Apple, albeit not as strong.",4.0,Beauty_Personal_Care
These cables charge just as fast as the original ones I had.,5.0,Electronics
"This product mixes really well in liquids and doesn't separate or float on top of liquids. I use a milk frother when I mix it into my coffee, but a spoon will work also. I use one scoop in my coffee and it dissolves completely upon mixing. Not oily. No flavor or sweetness. And adds just a touch of ""cream"" feel to the coffee. It's an easy way to get your MCTs, especially if you follow a keto diet. All great ingredients and made in the USA. I mix this with my coffee and smoothies. I appreciate the added fiber to this supplement. It gives me GOOD energy without the crash I would typically get from a highly caffeinated drink. For about a year, I have been suffering from major fatigue. If I wasn't working, I was sleeping. I tried many OTC pills for energy, none worked as well as I had liked. As a last-ditch effort, I tried this stuff, and wow! I actually have the energy to do things now, and I am not sleeping all my free time away! Will definitely be buying this again!",5.0,Health_Household
"This supplement is low-dose Omega 3s, garlic bulb extract, Gotu Kola, Pine Bark Extract, and Olive Leaf Extract. I do not know what these have to do with keeping your cardiovascular system healthy, and I cannot imagine the science behind these is strong.<br /><br />If you want Omega 3s, just take fish oil. It has significant science behind it, although it isn’t really a supplement for heart health. It is more for brain health. If you want the benefits of olives, eat olives or olive oil rather than supplement with the minuscule quantity of olive leaf extract found in these pills, which will likely do nothing for you.<br /><br />The marketing says these ingredients have human clinical studies proving their effectiveness, which is overstating reality. Their Web site for this product links to Examine for the science, which is a great formerly-free Web site that now requires a subscription. Their science link for the Omega 3s in this is for fish oil, not AvailOm Omega 3s.<br /><br />I looked for research showing how Pine Bark Extract helps with cardiovascular health, and the first human study I found proved that it provides no cardiovascular benefit and the authors mentioned that the previous studies were flawed.<br /><br />The AvailOm they are claiming is more bioavailable is being compared to AHA, not to DHA or EPA. This is a straw-man comparison.<br /><br />This company does an excellent job of marketing, and they make a pill with basic ingredients look fancier than it is. You can get much more Omega 3s from other vendors for less money. The only reason to get this pill that I can see is if you are a sucker for slick marketing.<br /><br />They put the lab test results on their Web site, which I give them credit for. They also offer a money-back guarantee, which is great.<br /><br />The source ingredients are from China.<br /><br />I take fish oil every day for brain health. I sometimes supplement with Gotu Kola and Pine Bark Extract, but not for heart health.",2.0,Health_Household
Didn’t do the best job cleaning the windows and mirrors.  Left streaks.  The blue windex is better,1.0,Health_Household
"I got the smaller one last week and loved it so much that I decided to order a larger size. This thing is big! It's solid and probably the best whip I have ever owned! At first sight I was taken aback by the size but when I used it, I realized it's absolutely PERFECT! I love it!",5.0,Home_Kitchen
"I’m not sure how this heating pad has high reviews. I consider two stars to be generous. At the time of this review the listing has a picture of a temperature chart showing that the pad goes from 86 to 140 degrees from level 1 to level 10. The highest this heating pad gets at level 10 is in the mid 80s, over 50 degrees short of the advertised temperature. At the lower settings, it barely gets above room temperature in my 68 degree house.<br /><br />I contacted the seller and while he was generous in offering me a replacement (I did not accept), the seller did give away that per the factory, the whole batch of this model, because of the large size of the pad itself, can not heat up to the stated specifications. Basically, the heating efficiency of the controller is not powerful enough for the sheer size of the pad.<br /><br />The seller did add that “in the next shipment, heating efficiency and speed will be improved.” I would imagine that they will then  make that next shipment a new listing on Amazon, possibly marked as a new and improved model. If they do not, it will be impossible to tell which pad you are getting, the one with the controller that is not powerful enough for the size of the pad, or the improved model.<br /><br />The listing currently says in the Q&A section regarding laying and sitting on it that “Yes the large size heating pad is update Technology in 2022 which is Reclinable and sittable” but the instructions for the pad and the box for the pad I received say you can NOT sit on it and NOT to put it under any blankets. However, I do find that if I am using it, if I put a heavy blanket over it, it will capture the heat and after an hour or longer, it will build up enough heat to register in the low 90s with my temperature gun. With this method, the pad does show minimal usefulness. Because of the warnings on the box and instructions, I would never leave it turned on under anything unless I am actively present to monitor for any issues (the fear would be overheating, but I don’t think there’s any way this device would have enough power to do that regardless).<br /><br />Finally, the material of the pad is nice and soft. It is large, as advertised and the controller has a nice lockout feature in that you have to hold a button for three seconds to turn it on or off. It also turns off by a timer that can be set for up to 2 hours. For these final plusses, the pad I received gets its second star.",2.0,Health_Household
"I like using facial toners because they leave my facial skin feeling so clean and invigorated.  However, this is not one of my favorite toners because the scent just doesn't work for me.  I've used it only once and that was enough.  I had to use my regular toner to get this toner and smell off my face.  Wish I could say nice things about it, but it won't be getting used by me.",2.0,Beauty_Personal_Care
Perfect for your baby's hygiene and safety. All natural for a gentle clean.,4.0,Health_Household
Worth the buy!!! Total darkness!!,5.0,Home_Kitchen
"I hoped these would moisturize my eyes while sleeping and help my dry eye. I had several ‘duds’ that didn’t even heat up. The ones that did, were warm at best and maybe no difference in my eye health. I have to wonder if name brand would work better?  I might look into that option.",2.0,Beauty_Personal_Care
"Feels like lotion, not cleanser. Doesn't remove make up and it doesn't smell too great either. I have extremely sensitive skin and I replaced this with Marcelle Ultra-Gentle Foaming Cleansing Gel which I love.",1.0,Beauty_Personal_Care
Loveeeeee them!!!!! I also ordered a stand for them and I have the bougiest spice drawer ever!,5.0,Home_Kitchen
These sheets were not soft and luxurious even after washing.  Definitely not worth the price. However excellent customer service and was completely satisfied with a refund after letting them know,1.0,Home_Kitchen
"I cannot believe I have to pay for this. This is not worth more than 50 cents.<br /><br />This comes in three pieces. The yellow silicone cover on the handle, the frame itself with the egg well, and the silicone ""bowl or rim."" <br /><br />After washing for first use, submerge this poacher in boiling water up to rim of poacher and pour egg from a prep bowl into the egg well once the water begins to swirl. Cook for 2-4 minutes, drain, and serve.<br /><br />It seems easy (see first four photos for instructions) but it is not.  First of all, when the water was ready, I poured the egg into the poacher and after a few seconds white foam (from the egg white) coagulated in the water. Once the egg was cooked, I gently lifted this from the pot. However, the yellow silicone handle kept sliding off so I had to keep re-attaching it. I finally squeezed it tightly while lifting the handle so it woud not fall off again. After the ""egg well"" drained as I lifted it from the pot, I turned over the poacher to release the egg.<br /><br />Good luck. The egg is stuck relatively solid to the egg well. Only the yolk and top part of the egg white slipped out. I had to use a spoon to extricate the rest and it left some concrete residue behind.<br /><br />I wanted to do another egg but the previous event clogged all the vents in the poacher.  It took me a couple of hours of soaking the poacher in Dawn Platinium and scrubbing it for about 15 minutes to remove the ""concrete"" residue. Not only was this a tremendous amout of work but it was not easy to remove the silicone rim from the poacher for washing and re-assembling.<br /><br />In summary, this is an absolutely awful poacher. It would be best to just crack the egg into boiling water with vinegar and then removing it with a slotted spoon. I am glad I used a non-stick pan or I would have been scrubbing that into the wee hours.<br /><br />THE VERDICT - This gets an F minus. Use only if you want to spend hours extracting one poached egg and working on the cleanup.",1.0,Home_Kitchen
This seemed to be a good idea so I decided t give it a try.  It does not work.,1.0,Cell_Phones
I’ve used a few of these serums before and I’ve never had results this fast!<br />After just a week of daily or twice daily use - my lashes look so much longer!<br />I have naturally very short and stubby lashes.<br />My lashes are starting to naturally curl!<br />It’s only been a week!<br />The wand is great!  I love the pouf on the end! Way better than the standard tiny brush.<br />My attached photo shows my before - without mascara and my after with mascara. I wish I had a before with mascara so you could really see the difference from only a week!!,5.0,Beauty_Personal_Care
This is a nice little bath mat. Our main bathroom is minuscule so I needed something small for the space. It’s very thick and cozy under your feet. It does show dirt really easily and seems to take a while to dry so it’s not perfect but it isn’t bad.,4.0,Home_Kitchen
"This is one of my favorite shampoos and conditioners on the market today. First, I love the light fragrance, like no other I have tried. Second, it cleans my hair and leaves it soft and smooth and prepares me for my straightening regimin. I love how my hair feels and smells and this convenient larger pump size is fantastic and makes washing my hair a breeze. I highly recommend this shampoo to keep your hair looking it's best and keeping it healthy by moisturizing down to the cuticle.",5.0,Beauty_Personal_Care
I bought this on Amazon deal and still feel ripped off. Horrible sound quality.,2.0,Electronics
Good for listening to music but not good to use for phone calls.,5.0,Electronics
Terrible product.  I couldn't connect to any wifi network but my old b card still can.  Amazon provided great service when I asked for a refund.,1.0,Electronics
My daughter loved these! Super cute and stylish!,5.0,Beauty_Personal_Care
Waisted my money on this flimsy product. I thought it was made of plastic instead of silicone. I didn't even bother trying to get a refund.,1.0,Cell_Phones
Absolutely love it - exactly what I wanted.  Beautiful.,5.0,Home_Kitchen
Alarm is very loud and being a heavy sleeper it's just right.,5.0,Electronics
I love this headphone so much using for my running.,5.0,Electronics
The brushes are so soft I love using them,5.0,Beauty_Personal_Care
Protects my fitbit fantastically!!!,5.0,Cell_Phones
Lots of brushes. I will probably never use them all but I use them daily.,4.0,Beauty_Personal_Care
"The first time, this file works just fine. It is gentler than other files I’ve used, good for less callused areas.<br /><br />However, this is probably the cheapest file I’ve ever had, in terms of quality as well as price. I see metal files for just a couple dollars more that will last much longer. This one has a simple wood handle and looks like just sandpaper on the sides. I don’t know how long this sandpaper will hold up. The handle isn’t the most comfortable either. It’s inexpensive, but I’d spend a couple bucks more and get one that won’t wear out.",2.0,Beauty_Personal_Care
We love this Toilet Spray !!! Works as advertized !!!,5.0,Home_Kitchen
"During the cold seasons, I have super dry skin. If I don't wear lotion, I itch so bad, I just can't bear it! I've had a hard time finding a lotion that will help my skin all on its own. I typically have to create a combination of products, which is sometimes a pain. (When I have free time these days, the last thing I want to do is mix lotion!)<br /><br />This lotion is okay. It's not the worst I've ever used, but it didn't make my skin feel smooth. It did help a little with dryness, but not as much as I like.<br /><br />I HIGHLY recommend the Cocoa Radiant lotion from this same line instead of this particular one. I LOVE the Cocoa Radiant! It is seriously the best ""buy off the shelf"" lotion I've ever tried!",3.0,Beauty_Personal_Care
Absolutely love and and I love the very affordable price!,5.0,Cell_Phones
This works well and I will purchase it again.,5.0,Beauty_Personal_Care
Like the shipping as it went to my mother in another state.,5.0,Beauty_Personal_Care
I love it especially the color not to bright secure please,5.0,Electronics
"Amazing cleanser! This smells so good, I love it! It layers up nice! It left my skin feeling so silky! I have sensitive skin and didn’t have any irritation.",5.0,Beauty_Personal_Care
"I was searching for nonbreakable drinkware and thought this would be the perfect fit. I didn't know what polycarbonate was - sounds harmless enough - but when I read about it, and whether it contained BPA, I read that ""if it's not Polycarbonate, it's BPA-Free."" Meaning, Polycarbonate has BPA in it. Not something I would serve to my family. So, the search goes on!",1.0,Home_Kitchen
Better than I anticipated. Soft and has great quality.,3.0,Home_Kitchen
Not happy I need WiFi to set up.,4.0,Electronics
If you dislike carrying a purse look no further this case is AMAZING! I can put all my cards and ID in there and it holds them snug. Also prevents identify theft! My friend recommended this based off of hers and I’m glad I purchased!!!,5.0,Cell_Phones
Perfect duo and cost effective. Makes my hair super soft.,5.0,Beauty_Personal_Care
Works amazing in the car to keep my son cool!,5.0,Electronics
"This made my heart palpitate + I had trouble sleeping after taking it for a few weeks. I am very sensitive to caffeine, so it might work for the average person.",2.0,Health_Household
I use it on most loads to get of those pesky spots!,5.0,Health_Household
"these are a very nice quality and look so good and professional.  I do like this type of salt and pepper shakers/grinders and have been using this type for years now.  What i like most about these are these are all glass.  My last set, which i just threw away, were glass but had a rubber cap on the bottom of each, I guess to prevent slipping around however, one day i was baking all day and I keep them on top of my stove and by the end of the day, the rubber was half melted and lost it's shape and they never stood upright again.  I kept them because I just loved the weight, feel and look of them but now I have these.  They have a nice hand feel, easy to turn and grind and they look great.  A friend of mine makes his own seasonings and dry rubs from herbs and spices but they have to be ground up.  I added a few spoonfuls to the pepper grinder and I have a fantastic pepper taste with a hint of other herbs.  I don't mind the price because my last set with the rubber bottoms were expensive but I loved them.  These won't melt and I'm looking forward to having these a long time.",5.0,Home_Kitchen
Like everything about it except:<br />It will not stay closed and for that reason I think I have to return it.,2.0,Cell_Phones
I used for oxygen monitoring. And time. Was ok until it quit working.,2.0,Electronics
Very dry on lips feels like paint,1.0,Beauty_Personal_Care
"As someone who works with cameras for a living, I tend to occasionally misplace/lose my lens caps. Having a one-size-fits-all backup like this claims to be, is therefore intriguing to me.<br />What I found however, is that this fits alright for smaller sized primes (such as those with a front element of 52mm), but a lot of my zooms or larger primes with bigger front elements are difficult or impossible to fit over. Rear cap was also somewhat of a hit-or-miss; I own E-mount, EOS, Nikon F, Minolta A-mount and Micro4/3 lenses, and none of them are too large in their rear element, but some lenses get wide right after the mount and won't allow a cover like this to squeeze over easily. Some of the smaller primes, especially pancake lenses like the Canon 40mm STM, really can't fit both a front and rear ""cap"" like this since the entire lens would be engulfed in one end or the other.<br />On top of all that, even if it DOES fit over your lens, I'm cynical as to how how useful it really is. The purpose of a lens cap is to protect the glass from two things: getting dirty and getting damaged. For starters, the material is soft and won't prevent a hard object collision. I'm not exactly willing to test that theory but considering I can press in and feel the glass through the cover, I'm guessing a hard object in your camera bag could still hit it and crack/shatter/damage it. Perhaps the rubber would soften the blow, but a real lens cap would prevent any blow from happening in the first place!<br />For dust and debris protection, perhaps it is a little useful, however this sort of material tends to attract a lot of static cling. Just leaving it in my gear bag for a bit, I'm finding dust and hair clinging to it like a balloon. Now, it is possible that means the dust/debris will stick to the cap and not your lens, which is useful, however it doesn't give me a lot of confidence to see stuff stuck to the thing I'm about to use to protect my lens from more of that stuff.<br /><br />I suppose it's good as a backup in my gearbag in case I lose another lens cap and want something to keep dust off it until I get a replacement, but otherwise I'd strongly recommend getting a proper front and end cap for your lenses.",2.0,Electronics
"Oh my goodness, these Edison chopsticks are even cuter in person! I ordered them for my kids... and then decided that they would make great filler gifts for my nieces and nephews for Christmas too. They're useful and unique, lol! I'll be ordering half a dozen more!!!<br />The two pairs of chopsticks we have are holding up nicely too. They seem durable. I've thrown them in the dishwasher half a dozen times and they are showing no signs of wear. I would highly recommend this brand!",5.0,Home_Kitchen
Just what we were looking for. Works perfect,5.0,Home_Kitchen
This is a beautiful case.  I love how it feels and looks. I think it protects my phone.  I’ve dropped it a few times and it seems to be perfect still. I do use a screen protector.,4.0,Cell_Phones
This replaced portable DVD player I had.  I buy DVDs in lots and watch them prior to sending to troops as I refuse to send trash/ vulgar ones as I feel it is a reflection of who I am.,5.0,Electronics
"Love it! The design is unlike any of my other phone cases & the colors really stand out!  My Rusee Phone Case fits my iPhone 5S perfectly & there's a strap to hook on to keep track of my phone.  I like the slots for my driver's license & debit card.  I feel my phone is secure & I can be stylish at the same time!<br />  I put my phone in my purse & it's easier to find with this case on it! At the store, I know my debit card is right with my phone, so I don't have to go through 20 zipper pockets to find it! Everyone comments on how beautiful the colors are & the geometric design is so cool!<br />  I did receive my phone case at a reduced cost for an honest opinion. I love my Rusee Phone Case & use it all of the time! Thank You!!",5.0,Cell_Phones
I FRICKIN LOVE IT!!! EXACTLY as described.....totally happy with it,5.0,Home_Kitchen
"Okay for the money but no instructions that actually work. Actually, the instructions are inaccurate which causes even more confusion about how to use it. Hit or miss on suction.",4.0,Home_Kitchen
"I love this Bonnet, fits and looks perfect.",5.0,Beauty_Personal_Care
doesn't seem to be effective to me at all,2.0,Health_Household
"I use this cord between the video card on our desk computer, to the monitor.  I works as it should, no issues.",5.0,Electronics
"I have to admit this one took me by surprise. I had no idea what to expect and first of had the perfect clean feel after using this product. But the thing that got me the most was the smell of this shampoo. I couldn't put my finger on it but it has this subtle hint of cinnamon in it that is just to die for! I can't get enough it and the fantastic thing about it, the scent lingers on for a loooong time. This is another one of those that I could use as a perfume and I would totally buy it. It is for my taste just on the start of being borderline where I wouldn't buy it for shampoo (Suave is my price range) but this one I would still buy because I really like it that much.<br /><br />I want squeaky clean and I want a good scent from a shampoo, and this one delivers on both accounts. No bad side effects after like itchy scalp, dandruff or anything and nothing of that sort happens either so this one is a winner for me. I do savor it though and use it sparingly just a tad. It lathers beautifully too btw.",5.0,Beauty_Personal_Care
I bought this for my phone and it has static of and on... It also drops class periodically as well.,1.0,Electronics
Gets tangled with removal although holds hair up well all day.,2.0,Beauty_Personal_Care
does not absorb. Waste of money,1.0,Health_Household
All the ones I have tried have been much too big and would not work with my not thick eyeglasses. So I got these and they seem to work the best to day. I like how they fold. Makes it easier to carry in my bag.,4.0,Health_Household
"Edit: 7/27/2018<br />I replaced my units with RT-AC68U's. RT not RP. The RP always runs DHCP etc, as far as I can tell there is no way to turn it off. This causes issues on your network if you reboot your router etc. As long as your primary router remains running you don't have issues.<br /><br />I am keeping these and may find a use for them some day, maybe in media extender they will not exhibit this behavior but I am not going to count my chickens.<br />I cannot recommend this to anyone. It is a great looking unit and if ASUS decided to fix the FW then I’ll change the review but I don't expect it.<br /><br />So sad, great looking, and had high hopes for it.<br /><br />Original: ↓<br /><br />I purchased this unit to allow me to extend my network. I am not using it as most likely would in repeater mode. I have it connected to my LAN via ethernet and its acting as a AP.<br /><br />Its not a bad device, comes packaged well. Works nicely right out of the box. Of course some setup is needed but its easy to accomplish thru the web interface. I like the red lighting the unit gives off. It adds a small bit of light to the room in dark situations but not enough to disturb me. I have a coupe of other ASUS products and this one doesn't fail to impress me.<br /><br />I went for the ASUS brand due to reviews of the ASUS RT-AC5300, which I purchased. I purchased 2 of these to complement that unit. I stayed within the ecosystem because of the roaming assistant feature. It allows the router or AP to disconnect a client if the signal level, drops below a set level.<br />In my testing this works 90% of the time. I do have a smaller home with plaster walls and these units help allow the signal to reach all my areas.",2.0,Electronics
Horrible broke first time I tried using it!,1.0,Cell_Phones
"What I expect from this brand, no bag ripping.",5.0,Health_Household
They make our whole house smell amazing! Very durable!,5.0,Health_Household
"I'm not going to lie - I had no idea what to expect from this but was ""thinking"" scalp exfoliator. Which is exactly what it is - cleanse and scrub at the same time. I don't LOVE it but it's more my preference than anything particularly wrong about the product. I do notice that when I use it, My hair as a bit more ""lift"" and seems to stay a bit fresh longer. Nothing bad, just not for me. (But I do like the idea of a scalp scrub).",4.0,Beauty_Personal_Care
"I didn't have high expectations. It works as described. Light weight folds into my purse for measuring food portions when I go out to eat. No, I don't care if people see me weigh my food, it's my health not theirs.",5.0,Home_Kitchen
"I just rode one of the roughest MTB trails in Flagstaff and this holder did not move. It held my HTC Wildfire right where I put it, did not turn on the bars and did not break. Fantastic device for the price",5.0,Cell_Phones
"Perfect for my needs. Snaps together easily, sturdy, good size. Would buy again if I needed another.",5.0,Electronics
excellent and meets my needs at an affordable price.,5.0,Electronics
Love the frames. But these showed up scratched.,2.0,Health_Household
"I was pleased with the ease of this grater.  I had been hunting for a while for one like my mom used to have when I was a kid, and this one fit the bill.  I really loved the different grates I can do with each side of the grater.  It also cleans nicely in the dishwasher!  It makes a hard job easier than the flat handheld ones I have been using, and is much easier on my arthritic hands.  I love it!  Five Stars!",5.0,Home_Kitchen
They often catch my hair and pull...and that hurts but I am tough and they separate my hair out to get the job done,4.0,Beauty_Personal_Care
"I loved the black one I had recently purchased. Very difficult to find a quality Barrette at a reasonable price. I came back to by a couple for myself and my daughter, all gone<br /><br />truly hope you will continue it’s a wonderful Barrette at a wonderful price.",5.0,Beauty_Personal_Care
"So the instructions on putting this together after removing the coin nodule SUCK! Now I cannot even use it. I am gonna have my beau take a look at it, as maybe I did something wrong.",4.0,Home_Kitchen
Perfect for our dining room table,5.0,Home_Kitchen
"My son say that there is an after taste, but he doesn't care. I like that only one pill is required to get the daily serving.",5.0,Health_Household
Love love love it but it’s really small,1.0,Beauty_Personal_Care
No adhesion provided. Super flimsy rubber. The carabiner could easily tear away from the rubber. Returned it. Never buying again.,1.0,Electronics
Awesome phone! I cannot say enough about it! I've had all but this is the absolute best! Get it now!,5.0,Cell_Phones
"I should've looked at the other reviews first. Packaging was awful and if the product is ACTUALLY flammable and is leaking like this, that is a huge safety hazard. That's a no for me.",1.0,Beauty_Personal_Care
Added this to Subscribe and Save but had to wait for it so I bought a bottle at the grocer's. I quickly cancelled my Subscribe and Save order for it. I have NEVER had such like deposits left behind on my dishes. Totally disgusted. Really Oxy? Now I have to run everything through vinegar to clean it.,1.0,Health_Household
Wasn't unvisal as described so I ended up giving it to my niece for her Galaxy phone.,2.0,Cell_Phones
"I was disappointed because I know this is a good product, my sister told me about this, she has the same phone and hers looks amazing that’s why I bought it. But when she put it on mine, the air bubbles didn’t go away and there’s pin size spots on it.",2.0,Cell_Phones
"Update: Barely used it for a year because I misplaces the charging cord.  Unfortunately, after finding the cord and recharging it, the brush worked for a few minutes then I started smelling burning rubber and it was dead.  I cleaned out the hair from it every time I used it, but I have long hair and shed like my animals.  The hand vac portion still works.  So 2 stars.  But there is no way to fix it from what I can see.  I pretty much only used it in my carpeted office, so it didn't get a lot of use. For this price, I would go with something else.<br /><br />Original Post:  Okay, it's a stick vac.  It will not have a lot of power.  It actually surprised me that it did have decent suction.  The brush part can be on or off.  I at first turned it off for the floors, but it seemed to not want to pick up bigger crumbs.  With the brush on, it picked up most things on the floor as long as they weren't really big.  It does get jammed with pet hair, but I think every vacuum does, unfortunately.<br /><br />I mostly picked this up to vacuum my carpeted stairs after I dropped my regular vacuum down the stairs trying to vacuum.  This worked great.  I was very happy with how well it picked up the cat hair (because they love sitting on the stairs)  The cup fills up very quickly, especially if you are like me and don't have time to vacuum every day.  The battery lasts pretty well.  There are 3 levels of power, and though the low power is supposed to make it last longer, I found you need at least the medium to really pick anything up.",2.0,Home_Kitchen
Hopefully I will be able to listen to my audio books with my new hearing aids without the pressure around my ears because using of my headphones where very painful pressure AROUND my ears.<br />BIGGEST PROBLEM I have with this is trying to read the instruction sheet.  EVEN WITH A MAGNIFYING glass I can't read the *&$! instructions on how to turn the thing on.<br />Next I will go to a copy machine and blow the print up so I can find out how to pair the thing to my computer to listen to my audio books,4.0,Electronics
I can’t get over the smell to be able to like this product!,2.0,Beauty_Personal_Care
I absolutely love this case and Have received  many compliments,5.0,Cell_Phones
I wish they were stronger scents.,2.0,Health_Household
High blood pressure has always been an issue for me. Working at the fire dept didnt help. Using this magnesium supplement and a few other supplements I have been able to naturally lower my blood pressure and get off the prescription meds.,5.0,Health_Household
Perfect for my military beret display,5.0,Beauty_Personal_Care
"I tried holy basil to help me sleep which it did, but it also completely calmed my whole body down. No anxiety now, stopped feeling at edge all the time from postpartum. I feel like my old self again and totally at peace....all because of the holy basil!!!!",5.0,Health_Household
"I didn’t like it did not stay, it was used for my door.",1.0,Home_Kitchen
"Pros:<br />Waterproof so it can be left outside rather than lugging it in and out<br />The back stays up nicely without any external support<br /><br />Cons:<br />You sink to the bottom<br />It's not very comfortable<br /><br />I got this chair for sitting out in the backyard with my boys so I could read comfortably while they play. As it turns out, it's really no better than sitting on the ground leaning against a tree.  When you sit on it, you sink to the bottom, quickly at first and then slowly for quite a while until you are basically sitting on the floor.  It's not comfortable and some members of my family who have tried it out have complained that it puts you in a position that makes your legs go numb due to cutting off circulation.  On the plus side, my dog absolutely loves it.  I only recommend this chair for very little, very light children.",2.0,Home_Kitchen
"Both my wife and I are skeptical about this product. Because of the great reviews, we decided to give it a try. However, it does not seem to be anywhere nearly as effective as other tea tree shampoos out there. When I use tea tree shampoo, I get a ""cooling"" or ""stinging"" kind of effect on my head. This does not do that. Also, tea tree shampoo normally helps with irritated scalp, this product does nothing. I would not recommend this product.",2.0,Beauty_Personal_Care
Twisted my son's hair perfectly. Very pleased!,5.0,Beauty_Personal_Care
"No residue,  o bad smells, noon-drying to my dry skin.  These work for me.",5.0,Health_Household
Great body trimmer!! Battery lasts and light weight! I would recommend,5.0,Beauty_Personal_Care
I tried and tried to get this thing to work it never did I filled with it for so long I couldn't send it back so I threw it in the trash,1.0,Cell_Phones
This product works well. I recently got braids and needed a bonnet that would fit my braids comfortably. I put it on right after work when I know that I'm in for the night. It's perfect! There is a pretty design on the front of it.,5.0,Beauty_Personal_Care
"This screen protector fit my Galaxy S7 edge perfectly.  I love it!  My phone started giving me problems, so I ended up removing it.  It was a little difficult to remove.  It shattered taking it off, not the screen, the protector shattered.  The problem with my phone had nothing to do with the screen protector. I was only pointing  that out to let you know, you can't just pull the screen protector off.  It will be destroyed.",5.0,Cell_Phones
These shatter sooooo easy. I guess they have protected my screen? I used both of them and they were both shattered with in days and make it look like my screen is shattered when it isn't. I've used other screen protectors that are much better.,1.0,Cell_Phones
Works great!! Diffuses hair well and creates perfect curls!,4.0,Beauty_Personal_Care
"Amazing product, definitely my favorite",5.0,Beauty_Personal_Care
"This was pretty disappointing. I've had luck with similar products so I was certain that it would cover up a small birthmark.<br />It might work well under your eyes, but it did not offer enough coverage for the birthmark.<br />I applied it correctly, even trying different techniques such as stippling, using a little, using a lot, reapplying. Nothing worked. That pesky little oversized freckle was still staring at me.",2.0,Beauty_Personal_Care
"I am always combatting soap buildup on my old bathtub and since I hurt my back, it's been impossible to clean the tub... Now that I got this- I can stand up without bending over at all and scrub the tub with this! Absolutely easy to put together and use, I didn't have to read the instructions.<br /><br />Performance:<br />It has plenty of scrubbing power and has done a fantastic job on my bathroom! It has so many different attachments that you'll find one that suits your needs at any given time. Very impressed!",5.0,Health_Household
"I was really hopeful this would help restore my nails after I got a gel manicure for a wedding. My nails were dry, brittle, and peeling. I have used this product for several weeks now, but unfortunately after a day or two, it bubbles and peels up off my nail, pulling the top layer of my nail with it. I feel like this is counter productive to what I need it to do.",2.0,Beauty_Personal_Care
"amazing extruder, works wonderfully. I've been printing tpu flawlessly.",5.0,Cell_Phones
This thing broke the first time I dropped my phone,5.0,Cell_Phones
my face thanks you. been waiting forever for this product!!!,5.0,Beauty_Personal_Care
"The Hi Res Photo Frame may, or may not, be a desirable item.  I bought from a different company.  I wrote an unfavorable review and AMAZON WOULD NOT PUBLISH IT.  I originally gave it one star because of the company's underhanded business practices.  I will upgrade them to two stars but I really think they deserve NO STARS for the following reasons: This company uses underhanded methods to raise their reviews by offering people that bought the Photo Frame a chance to win another IF THEY WILL GIVE THE PRODUCT A FIVE STAR RATING!! I have NEVER encountered such dishonesty by a company before. I'M SHOCKED. How can you believe any of their reviews if they are deliberately skewed to make the product look better than is is. Even though I was considering this product, I would certainly NOT BUY IT because of this company's dishonest business practices. I mean, if you start out distrusting a company what's going to be your experience if you need a problem resolved. THANKS but NO THANKS!!<br /><br />So, let's see if Amazon will publish my amended review.  (Or do they only publish favorable reviews?)",2.0,Electronics
"Yep. Light shade gave me an orange color! I don’t know if I should try the Fair one. Took it off right away so I don’t know how the other factors are. Coverage was good, except the color. Will try to exchange or return.",1.0,Beauty_Personal_Care
Only good for tracking steps. Very disappointed in the item. My phone rings and I get zero notification..I made sure all setting was turned on. I will call the support # and if it doesn't work it's getting returned. Watch looks nice but functionalitu blows,2.0,Electronics
This is terrible. It smells horrible and I couldn’t stand it on my face.,1.0,Beauty_Personal_Care
It was so heavy felt like I was suffocating. Returned,1.0,Home_Kitchen
I use this all the time. The only thing I didn't like was the seal on the blade,4.0,Home_Kitchen
Horrible! It ended up exploding all over my hands! I couldn’t get the black ink off my hands. I had to end up soaking my hands in bleach!,1.0,Electronics
Something went wrong with the HD port on my LG tv so I bought this to be able to use my Amazon Fire Stick. So far it works just like it is supposed to.,4.0,Electronics
"Bought these last year and wanted to use them before the review.  We used them frequently at first. But they just break too easily, and I hand wash my glasses always! So after 3 breaks, I just put the rest away and got something sturdier! At almost $8.- per glass just too much! I now use my stemmed Stella Artois glasses!",2.0,Home_Kitchen
Taste was awful. Not what I expected.  Will not order again.,3.0,Health_Household
"Ive bought this twice.the first time,it was ok,but this last time? It  is crumbly and falls apart.The cats enjoy it tho.Wont be buying this again.",2.0,Health_Household
"Not the best quality, its a bit unstable.<br /><br />However it does work well.",5.0,Cell_Phones
"I love, love, love this product for my naturally curly hair! It's amazing. I apply it to my very wet hair, comb through, apply mousse as usual and then let my hair dry naturally. My hair is very thick so I probably go overboard on the application but it never cakes or weighs my hair down. It's turns frizz into fabulous!!",5.0,Beauty_Personal_Care
Absolute garbage.  Junk.  Don't buy.  Bad even for particle board junk.  Undersized.  Wobbles when assembled and veneer is peeling off during ssssmbly. Garbage.,1.0,Home_Kitchen
I bought this when I was pregnant to monitor my pressure since I was at risk for developing pre-eclampsia. I used it often and it was very accurate. I even compared it to the doctor's blood pressure cuff and it was spot on.,5.0,Health_Household
These are perfect stretch for the kids braids.,5.0,Beauty_Personal_Care
"Had the best of hopes for these, and in their defense, they sounded good.<br />That lasted about a month and the coil came detached from the former.<br />No Amp, only head unit pushing signal to it.<br />Not impressed!",2.0,Electronics
"Very cheaply maded, have older shark vacuum that’s a lot better.",1.0,Home_Kitchen
"Works for me, but this is a ridiculous price.  Only $7.48 at Walmart",5.0,Health_Household
These are serving me very well. They do not stick to my dashboard very well of my wife's car dashboard. Not sure what dashboard they would stick to. But it adheres just enough to keep my phone from sliding around which is all I really needed. The only problem is it sticks to the back of the phone more than the dashboard so it comes off with the phone when I pick it up. But I can live with this minor problem just to keep track of my phone in the car.,4.0,Cell_Phones
use this everyday at my desk does a wonderful of keeping my coffee warm,5.0,Home_Kitchen
"I love using this oil all over, my face, body and hair. For my face I use the oil before in an oil cleanser and after for an extra dose of hydration. I use it after a shower when my skin is damp for a super shot of moisture. For my hair I use it in a hot oil treatment before and a tiny amount in my damp hair after. My skin looks amazing, my hair is so soft and looks great.",5.0,Health_Household
"I did my homework when searching for this screen protector but I was quite disappointed when it took me quite some time to get the screen protector installed to my satisfaction. First of all, the wet wipes were dried out so I had to add moisture to them to clean the screen. Second, the first attempt at installation, I didn't quite get the screen protector aligned so I had a slight lift in the corner. Fortunately, there are three kits in the case. I had just as much trouble getting the screen protector aligned on the second attempt but finally got it. However, this time, I pressed too hard when scraping out the bubbles and scratched the screen protector. The material is soft plastic that does have some depth to it so pressing too hard on it does create a scratch in the plastic. The third attempt, I had figured it out. I needed to use much more of the spray and the guide stickers which were not used in the video. The extra water allowed the protector to slide around and get aligned easier and the guide allowed me to slide the protector around. Only put a small amount of the guide sticky on the screen so it can easily be peeled off without moving the screen. Also, I gently pressed out the bubbles. They come out quite easily. In the video, it says, ""press hard."" Pressing gently worked for me. Also, I let it sit overnight without use or touch. This helped set the protector on the screen. The screen protector has a plastic feel as it has some thickness to it. I wish I would have gotten a tempered glass one because I like that feel better.<br />I gave it a try and can say I am happy I have some protection on my screen but not completely satisfied with the install and the outcome.",2.0,Cell_Phones
Love it! no more wires all over my house: Happy n pleased!!!!,5.0,Cell_Phones
I got so used to them that I can't leave home without them. Very comfortable too.,5.0,Electronics
I don't know why bought this.  It's completely useless.,1.0,Electronics
"Durability yes, but it scratches easily!",2.0,Cell_Phones
ESTE PRODUCTO YO LO RECOMENDARIA SIN PENSARLO ADEMAS DE SER BARATO ES MUY UTIL,5.0,Beauty_Personal_Care
Strong smell and taste. Could not tolerate,2.0,Health_Household
I have never had sensitive skin. I bought these because I thought the cucumber would smell nice (it smells ok but not great) but I don’t specifically need to get items for sensitive skin. After a week of using these it started to burn when I used it and it seems like it’s been getting worse. This last time I had to immediately wash the stuff off my face because I could not stand how bad it burns. The wipes also say it’s for normal to dry skin however it has dried my normal skin so much. I wouldn’t recommend this product to anyone. Especially anyone with sensitive or dry skin,1.0,Beauty_Personal_Care
"This case came in a well wrapped up box, to include a soft bag to put the phone in. along with a card thanking me for my purchase. Ive been having fun with it. I was washing dishes and stuck my phone on the fridge while I was talking. I would recommend this case to those that want a versatile yet stylish addition for your phone, I didn't receive any discounts, just thought I would share my experience.<br />Update- I found that over time accidents will happen, phone fell out of my pocket and the front cover opened up before it hit the ground, luckily I was on grass. This case needs a flap to hold the cover shut like the rest of the covers they make.",2.0,Cell_Phones
The product ordered and the product pictured has a zipper area to secure your credit cards and money. That is not what I received. Instead it came with a magnetic closure where the credit cards go which falls open easily. The picture specifically shows a zipped pouch and that is what I was looking for and why I ordered it.  I already have one with the magnetic closure.  I expected what I ordered.,1.0,Cell_Phones
These are nice and strong and definitely well-made. I love these shallow bowls. I use them mostly for salads..<br />They are the perfect size. They look great so I’m very happy to have added them to my dish set.,5.0,Home_Kitchen
"I bought this for the nostalgia of course, however my back and neck has been in major pain from a recent accident where i broke a muscle in my shoulder. I tried putting some of this on and immediately i started to feel some major pain relief, was very surprised.",5.0,Health_Household
The earbuds keep falling out of my years. I think the old bell shaped earbuds work better.,2.0,Electronics
"Put it in the printer, would NOT print....kept saying that it needed quality ink..and ""printer needs operator intervention .Caused problems with the printer, in general. DO NOT WASTE YOUR MONEY!! Get HP ink, NOT this crap!",1.0,Electronics
"[[VIDEOID:d5788be36e4e10a0a29bf785bf001980]] So I have a couple of other car phone holder/chargers and this one is the least of my favorites.<br />It did say it requires the 3.0 charging port (sold separately) however I do have one but it’s not connected to that in the video.<br /><br />It says it is automatic to open and close but , this one does not and the buttons are behind the phone sort of hidden from view when the phone is docked.<br /><br />It does hold the phone well however I have it resting on the dash as it bounces around quite a bit while driving and actually fell off the windshield.<br /><br />I did order the 45w charge port they recommended in the description and will report back when it arrives and I test it out.<br /><br />Just okay in my opinion.<br /><br />Well this is the day after the review. It lost the ability to charge altogether. Tried different charge port, all high charge port and even the 60w from my MacBook Pro and nothing.<br /><br />I guess don’t bother",1.0,Cell_Phones
"These are adorable. I was a little worried if they'd stay shut in my purse, as even ""child proof"" medicine bottles seem to come open on their own in my purse. But these have done well! I've yet to have one accidentally open.",5.0,Home_Kitchen
"These drops taste terrible and after using them for a month, I did not notice any difference in my energy levels.",1.0,Health_Household
"One stopped working within a week, the second never worked.",1.0,Cell_Phones
Pen and tweezers arent the best.,4.0,Beauty_Personal_Care
These Copper Arch Support Relief Plus gel pads did not fit on the foot right.  The gel padding was a big large so it was hard to walk and very uncomfortable.  I've tried other support gel pads that seemed to fit better.  Good concept and would work if the gel pad was a bit smaller. I wouldn't recommend these unless you want a lot of gel padding on your foot (may work if you weren't walking around a lot and only wanted to hit the pressure point).,2.0,Health_Household
It moves around fine with its wheels as far as energy efficiency it’s hard to tell since it blows so much hot air and I have to turn it off and overcompensate with a little window AC unit the noise is all right. I wish I would’ve returned it within the window it completely heated up my entire room. Too bad I don’t know what I’m gonna do now,1.0,Home_Kitchen
"This very soothing for headaches, I always use these instead of Aspirin.",5.0,Beauty_Personal_Care
This is one of my favorite hair products EVER!! I use it every day!!,5.0,Beauty_Personal_Care
I've had this for 4 years and use it every day without issue.  I love this receiver.  It's been through 4 moves and I don't see this thing ever quitting.  I have always been able to hook up anything I've owned.,5.0,Electronics
"I fell in love with WBM Restoring Night Cream the instant I first applied it to my face!  This is a very light cream that does not look or feel greasy at all! (I'm very picky when it comes to creams/lotions...if they feel greasy on my skin, I will not use them)  The very FIRST time I used it, my skin felt unbelievably soft and continues to feel that way. There is a  noticeable difference in my skin since I started to use WBM.  My skin looks and feels healthy...healthier than it has in a LONG time!  I have very sensitive skin and cannot use certain creams/lotions, especially those containing dyes and perfumes.  WBM has a wonderful and very light scent to it and I've had NO issues/reactions from WBM, so I know that is safe for me to use.  WBM doesn't magically give me back the skin I had in high school but if definitely helps to turn back some time and repair some of the sun/normal aging damage to my skin and the improvement to my skin IS noticeable.  I WILL continue to use and purchase this cream because its THAT good! I cannot recommend this enough!",5.0,Beauty_Personal_Care
"The application process is terrible,  I would not recommend.",1.0,Cell_Phones
I purchased this again because it did good now its drying out my skin,1.0,Beauty_Personal_Care
Softens my dry skin.<br />Excellent!,5.0,Beauty_Personal_Care
Absolutely Luv this exactly what I was looking for.,5.0,Home_Kitchen
"I'd never heard of the Me & My brand and was unsure about ordering Digest Results.  Fortunately for my constitution, I did, as I've discovered it to be helpful when taken with meals that I know may cause irritating results to my digestive system.  I've also been taking it when I've been anxious or irritated due to life, and it's helped keep my innards from reacting to stress.  I keep the bottle at home and have put a couple in my little travel pill box, and have had the opportunity to offer one to a friend at lunch today.",5.0,Health_Household
I purchased this Neutrogena scent-free hand cream for my landlady; she just absolutely loves it!,5.0,Beauty_Personal_Care
"Update: Although the headset was not up to par for me, customer service was amazing. They offered to replace my headsets with two more expensive headsets from their line. I declined, but they followed through in a friendly and knowledgeable manner. They rectified the situation immediately. Customer service with this company is outstanding!<br />-------<br />I was able to hear my clients wonderfully. So, I assumed that all was well with the headphones. However, my clients began to complain about the fact that they couldn't hear me well; that they couldn't make out what I was saying; that it sounded like I was talking far away in a tunnel or like I was talking underwater.<br /><br />This is completely unacceptable.",1.0,Electronics
Big big big. Husband loves it. Autistic gd child loves it. Make sure ur room is big enough that the bean bag doesn't overcrowd whole room. Especially when it costs nearly as much as a new recliner!!!!!!!!!,1.0,Home_Kitchen
"The AirPods come in a container, and the container comes in a zippered storage pouch. Seems wasteful.<br /><br />The container is difficult to twist open.  The lid says “turn on” with arrows.  I think they meant to say twist? It is cheap plastic and I think after using multiple times the lid may come off and break?<br /><br />The zippered storage pouch with handle is good quality.<br /><br />Comes with three different sizes of earplugs<br /><br />Unfortunately I think the product is expensive for what it is and doesn’t work any better than a traditional earplug",2.0,Health_Household
I have an Apple I Pad yet find myself using my Kindle Fire more often.,5.0,Electronics
"I get lower back pain because I sit at work, and then go home and run. Meh. This stuff works fine.  I combine it with a lanocaine cream if my back gets really sore.",5.0,Health_Household
"I got this rug because I needed it to be in an area where our cat was cutting up.  The plan was to secure it down once it flattened out and have it over top of a worn spot.  Fantasy and reality are two different worlds in this case.<br /><br />WHAT IS THIS LIKE?<br />APPEARANCE<br />The colors are gorgeous.  This matches our current carpet in the house beautifully and it looks great where we want to put it.  The photo I am including with this to show the wrinkle has very accurate colors on it to real life.<br /><br />SOFT<br />This is not as soft as our installed carpet, but it is not bad on the feet.<br /><br />DOES IT LAY FLAT?<br />THAT, dear reader, is the bane of my family at the moment.  There is this bizarre diagonal wrinkle that will NOT come out no matter WHAT we do.  Weights, pinning it down, etc- nothing helps.  I am going to have to figure out how to steam it flat, but I am not sure where I can hang it yet.<br /><br />PHOTO<br />The photo with this review, is to show this wrinkle.  Keep in mind, I straightened and pulled that thing TIGHTLY before I took the photo.  It is weighed down with heavy items.  Yet, it just keeps that stupid wrinkle in it.<br /><br />BACKING<br />There is absolutely nothing on the back of this rug that will hold it in place.  You will have to get some rug tape unless flying through the room on a carpet is a thrill of yours.<br /><br />THE BOTTOM LINE<br />I LOVE and hate this carpet at the same time.  This stubborn bizarre wrinkle is obnoxious.  I hate to take this to the floor, but that might be our only option if it won't come out.  Then, well, out it goes if we can not solve it THAT way.<br /><br />MY RATING<br />FOUR STARS.  I love how this looks and feels, but the endless battle with it has made me ready to chuck it at the same time.  If steaming it does not help, I will re-evaluate it again in the future.  As of now., it is a source of frustration.",4.0,Home_Kitchen
"Make sure you measure well, this is a very long rug. It looks nice but it doesn’t adhere to the floor. The first time I stepped out of the shower on to the rug, it slipped. This is not really something you want to risk in your bathroom.I have relegated it to my porch.",2.0,Home_Kitchen
"How does a product like this even past the approval process? Reading it was a clay I was excited because I’m forever looking for super fine grain exfoliants having dry flaky skin but not wanting to scratch the skin surface. Wow was I wrong believing this to be a nice smooth clay texture. See pic..I smeared some on a plate.<br /><br />In fact it’s a runny watery mess with a slightly thickening emulsifier added. And then these big suuuper sharp scratchy exfoliants particles.<br /><br /> I read the back and I was horrified to see it’s ground nut shells. What!? We all know you can’t do that! I am all for wanting to stay natural, but that’s the trick with exfoliants… Only certain fine clay products fit the bill of superfine exfoliation that minimizes microtears on the skin surface. Anything large like ground nuts in godforsaken drugstore brands that also crush up natural particles scratch the crap out of your skin! You can feel it! I was horrified when I tried this product  and quickly rinsed it away.<br /><br />Not to mention the tube is cheap plastic… Arrived cracked at the edges near the pressed end. Even though the shipping box was in good shape. So it leaked within the bag and I lost some product. Amazon gave me a credit because of the leak since this item is not returnable. But I’m so unimpressed with the product it’s going in the trash.",1.0,Beauty_Personal_Care
It works great on my kindle fire tablet.  Won't work on my Lepan mini tablet.,2.0,Cell_Phones
"I can't say that it really worked or not.  Being that I create alot of my own natural skin care remedies, I would have to say that this is something I probably could have created with some effort",2.0,Health_Household
Received quickly with no issue with product,5.0,Electronics
This color works perfect on my fair skin! Love the matte finish!,5.0,Beauty_Personal_Care
"Well, this may be a cheap knockoff or I just got a defective one. When fully extended, it would not support my phone. My wife thought it might not be extended fully and pulled on it and the adhesive  let go from the back of my phone. I did nothing for the prescribed eight hours. I didn’t pull on the socket I didn’t mess with it for actually over eight hours. The little holder thing seems good. It’s currently hanging in my truck.  Seems like a great little gadget and I really want to get one but now I don’t know where to get it I’ll probably have to check locally somewhere.",2.0,Cell_Phones
"The ONLY reason why Cole decided to package the baking soda, potassium powder, epsom salts and etc. Is because LAZY people kept messaging him complaining that they didn't have time to mix the dry ingredients or that they were confused *insert eye roll here* about the ingredients blah blah! So he makes it for you lazy people and you complain about the price? Well, if it's too pricey, then guess what? You're going to have to spend a WHOPPING 8 bucks on all the ingredients and spend another LABORIOUS 2 MINUTES to measure and mix the ingredients yourself, and OMG, another 3.4 seconds pouring the mixture into 2 LITERS of water! Chill out on the bad reviews! Either you are lazy, a cheapskate, or a lazy cheapskate! Stop the insanity! This system is great AND IT WORKS! Lost 10lbs and about to do another short fast and continue intermittent fasting with low carb eating window to lose the rest of the weight! Save the drama for your....well. you know the rest! Lol.",5.0,Health_Household
"The headset sound quality is at best, decent. It is nothing better than that. The build quality is exactly what you would expect for the money.<br /><br />The reason I would NEVER recommend this manufacturer because when it came time to honor a simple warranty repair it was hopeless. Poor-Poor-VERY POOR!<br /><br />At this price point there are many other better options. I now have a MPOW set(s) and while the build quality is somewhat similar, the important thing is that when I needed a simple replacement part to complete a very easy repair they had the item needed to me inside of THREE-DAYS from the date of my request to them. Excellent.",1.0,Electronics
This is the best body cream ever!!!,5.0,Beauty_Personal_Care
I work at an Amazon warehouse and I use this watch band everyday. It's not loose and yet not too tight. I love the design and how easy it is to take it off and on. And I got the brightest color. So pretty. Totally buying more colors.,5.0,Cell_Phones
"Everything about this drive is excellent.<br /><br />Set up was a snap.. Yes, I had to update the drive software.. no biggie<br /><br />Transferred A LOT of data to from another stand alone drive, not using the wireless mode. With the amount of data I had to transfer, I just knew that it would probably be too slow..<br /><br />Installed onto the network. Again, no biggie.<br /><br />Took a bit to understand how to connect to it from my Samsung Tab. Got it done and also used it as a bridge to my wireless network.<br /><br />One note on using it on the tab.. I didnt understand why went I logged in initially from my tab, that I could not view my files.. Now I understand. The drive and tab software had to sync the thumbnails of what I had transferred.<br /><br />I do not stream movies, so I cant comment.<br /><br />Overall 5 stars",5.0,Electronics
Bought this for a friend and she had nothing but good things to say,5.0,Electronics
"This is only enough for five kids, but I guess it is rarely used. This is perfect for gortex coats and my snowmobiling gear.",4.0,Health_Household
"I'm not brave enough to fully submerge my iPhone in water to test this case, but I did test it several times with various proxies, which did come out dry. When I put a paper towel (chosen largely at random, but also because it seemed a small amount of water would be immediately obvious) inside the case and held it under a tap, the paper towel was still dry when I took it out, which is very promising. I even ran water over the top of the case, where it closes, and the seal held, not allowing any water to penetrate to my paper towel cell phone stand-in. I repeated the test with the paper instruction card that came with the case with a similarly promising result, but I'm still just not ready to dunk my very expensive phone.<br /><br />In addition to its effectiveness in my kitchen-lab product test, I was also very happy that my phone fits into this case while still inside the bulky Otter Box case I already use. This is perfect because it's much more convenient to stick both the phone and the case into the second case for added protection and water proofing than to switch cases.<br /><br />The reason I wanted to try this case is not because I plan to start submerging my phone in water, but because I spend a lot of time at pools as a caregiver and really need to have my phone on me. I wanted something that would keep my phone safe from getting wet if it were splashed, if I accidentally set it down on a wet chair, or if I need to pick it up with wet hands. I'm also terrified that I will actually just drop it into the pool because I drop it all the time, hence the Otter Box defender case. It's great that I can keep the protection my phone already has and quickly add this over top of it as a back up.<br /><br />Update:<br />After using the case for a while I took several stars off my rating. First, while initially it seemed that the case wasn't affecting the usability of my phone, after using it properly (**trying to use it**) several times at the pool, I've realized that it's nearly impossible to type or do anything but the most basic functions with the phone in the case. You can see the screen okay, so reading things on the phone is possible. As for how water proof it is... I don't trust it that much. The top part actually fell apart apart, and while all the pieces just sort of clipped back together, I really wouldn't trust submerging it without retesting it each time. However, I am still using it. I stick my phone in here while I'm at the pool and only take it out occasionally, and feel more comfortable if it gets splashed. That's splashed with a few drops of water, not dunked or soaked.<br /><br />I received this product for a discounted price in exchange for my honest review.",2.0,Cell_Phones
Everything is great except the comb comes of again and again,2.0,Beauty_Personal_Care
"Where have these been all my life? These clips are made of a sturdy metal, and they have amazing hold! I have thick coarse hair, and it usually takes a large, sturdy clip to hold it up. These hold it all day! My mom has super fine thin hair that slips out of every ponytail holder and clip we’ve ever had but not these! Absolutely amazing! I wish they came in more colors. I may buy more and paint them to match my black hair.",5.0,Beauty_Personal_Care
"I used this product a grand total of two times. On the third, it conked out on me and never came back to life. No lights, no charging. Nada. Zilch. Buyer beware.",1.0,Electronics
I ordered this for my daughter who loves to play dress up. It was perfect!!!!,5.0,Beauty_Personal_Care
Don’t care for the filing material on the top,1.0,Beauty_Personal_Care
"I am very pleased with the quality of this phone case so far. I like the leather feel to the case and I also like that it is slightly padded. I carry my phone in my back pocket and it fits perfectly. Not too bulky at all. The magnetic clasp is strong. I like the slots on the inside cover, but was disappointed that I didn't notice it did not come with a clear slot for my ID. But overall it is a good case and it is nice to be able to carry my debit/credit cards with me. All of the openings lined up with my phone and everything worked fine. I'm not one to change phone cases often so hope this one lasts for a very long time. So far, I am pleased with this case. I received this phone case at a discount for my honest review.",5.0,Cell_Phones
I love these mini blenders! They are perfect for applying concealer,5.0,Beauty_Personal_Care
"Stomach ache healer, headache healer, nasal congestion healer. My son's headache goes away immediately when I drop a few of them in water and he takes a bath. I drink a water with 2 drops of it and my stomach ache goes away too. I used to take Sudafed nasal decongestion all the time. Now I never take any nasal decongestion medicine. I just use diffuser with peppermint oil and  do computer for an hour and my congestion is completely gone. I can't thank enough for essential oil.",5.0,Health_Household
Not only smelling good but makes dense thick suds...not thin and runny.  Can shave with the lather in the shower!  Big bottles!,4.0,Beauty_Personal_Care
Set up took about a minute.  I only use distilled water and it has never clogged.  I recommend this product.,5.0,Home_Kitchen
It’s works as it should the smell is wonderful !,5.0,Beauty_Personal_Care
I use to control Roaches. The Roaches are smart enough not to eat it .,2.0,Health_Household
"I poured cold grease in both of these containers (not hot, but cold) and had grease all over my kithen counter the next day.  Ruined my hand towel. Unbelievable.  Save your money and but elsewhere.",1.0,Home_Kitchen
"This is one very inexpensive humidifier. I got it for my son because as winter approaches he always has trouble breathing with the dry air. Here are a few things I dislike: This didn't come with instruction- not difficult to figure out. Unsure what kind of material it is for the straw-like foam rod thingy but I assume it's something you would have to change over time. I do not like things that have to go to the landfill so that's also a minus- will not be getting anything to replace that rod so when it's done it's done and I don't like that. The cute kitten is movable and there's no notch for it to stay on so basically it's useless because it's just.....a floating object. Overall does the job and fun to study with (son keeps playing with the mist) and does the work, so that is that.",4.0,Home_Kitchen
This cover for my phone and seems to stay in place with no issues.,5.0,Cell_Phones
Heavy duty!!!!  Perfect Design to insert measuring spoon into small spice bottles,5.0,Home_Kitchen
"I really want to like the VictoriaLandBeauty line but I just don't get them. This mini 3 piece travel size kit is pretty expensive at $55! You get 3 tiny little containers.<br /><br />The first one is a face and neck cream that to me is just average. It is a very small container and the moisturizer has a scent that I do not care for. The moisturizer itself is average at best, especially for this price. My face only felt ok when I used it and I didn't really feel like it had that ""radiant glow"" they advertised.<br /><br />Next you get a lip and eye treatment. Again this product had a scent that was not even average. Especially if I put a product near my lips (around my mouth) I expect it to smell  good. This one did not. I also didn't perform in the anti wrinkle deparment nor did my skin feel particularly smooth and soft when I used this product.<br /><br />Lastly you get a revitalizing oil. This product also claims to reduce fine lines and wrinkles and produce a gorgeous glow. Well for me again it failed on all these aspects and it also did not have a pleasant scent to it, mediocre at best.<br /><br />I have to say, for this kind of money I would one, expect products that perform better, two products that at least have a better scent and three slightly larger quantities. I have now tried a few products from this line and have been disappointed every time. I won't be getting any more from this line since I just don't see the point.",1.0,Beauty_Personal_Care
fits my phone perfect I love it,5.0,Cell_Phones
Didn’t like that it doesn’t work like you said!!,2.0,Electronics
"EDIT JUNE 13, 2016 -  I have been asking various stevia brands about testing and heavy metal content.  ALL I wanted was for Mommy Knows Best to address this and it hasn't happened so I could order again with confidence.<br /><br />I contacted Stevia In The Raw:<br /><br />A very nice person in management gave me all the information I needed and spent time going into as much detail as I felt I needed, which I appreciated.  I am currently using Stevia In The Raw in the shaker and I like it a lot.<br /><br />Here is the response I got via email from NuNaturals:<br /><br />Our Stevia, like most of the Stevia on the market, is from China.<br />We test our extracts for pesticides, heavy metals (including lead), and other undesirable compounds. Our extracts have always passed the tests done by independent labs that we have test our ingredients. We trust, but verify our suppliers.<br />Please let me know if you have any questions. Thank you.<br /><br />Edit:  still waiting to find out about lead content.  Lead is dangerous, especially above a certain level.  This is especially true for children and pregnant women.  While I am neither, I also don't want to ingest high quantities of lead whether something is organic, &#34;pure&#34; stevia or non gmo.  I would love to get this product again as I liked it the best as far as taste, but I am concerned there has been no response regarding even checking for lead, much less, what the results were.<br /><br />This started as a FIVE star review, because I liked the taste and price, BUT then I wanted to know if it had been checked for heavy metals, like lead.  China is a very polluted country and saying something is PURE stevia, non gmo, and even organic, still doesn't mean it doesn't have heavy metals to an unsafe extent.  There are buzz words we look for: pure, organic, non-gmo, but a product can be all these things and still be contaminated with heavy metals or other things.<br /><br />I emd the company.  I posted here in my previous review, I asked in questions and answers and NO reply other than that's a good question and they would ask someone for the answer and I never heard back.  That was WEEKS ago.",1.0,Health_Household
My old ones were sharper.  Save your money.,2.0,Beauty_Personal_Care
Fit the tablet nicely and I am completely satisfied.,5.0,Electronics
Very cool device. Glad I was able to purchase,4.0,Electronics
Lying on it on your back provides serious invigoration.,5.0,Health_Household
"As you can see, each of these little wipes has a textured surface to assist in removing even waterproof makeup.<br />They are virtually fragrance-free and without many of the ingredients that are known to irritate sensitive skin.<br />Each one is just the right size to cleanse your entire face, although sometimes I use two when removing really stubborn makeup, just so I can feel super clean.<br />This particular batch was made in the UK. The wipes are cruelty free.",5.0,Beauty_Personal_Care
The Strap across the back covers the camera lens making it necessary to remove it every time you want to take a picture. I didn’t use the armband. It didn’t work well for me.,2.0,Cell_Phones
"I had hoped these would be closer to my former copper-infused compression gloves that I lost during a move. However, they are not.<br /><br />When I hear compression gloves, I think of something lightweight, possibly infused, and easy to wear.<br />Erase those thoughts!!<br /><br />These are more like wintertime magic gloves with the fingertips cut out. They are a faded black knit-with-yarn glove. There is enough stretch to them, but the ""compression"" part is merely a tighter knit to the glove. I wear a size medium in most gloves, and these were a little tight on me...not compression fit, but plain old tight.<br /><br />They were too warm to be comfortable to wear. Maybe in the wintertime, these might be nice to wear when on your computer to keep your hands warmer. But they were not comfortable, being made of a scratchy, cheap yarn. They appear to be made very cheaply, and fit just like they appear. Even the black looks all faded out, like someone found a crate of decades-old yarn and didn't want to waste it. The yarn used was also too thick, making it feel like it was pushing my fingers apart. Not comfy.<br /><br />I just did not like anything about these. I do not recommend them at all.",2.0,Health_Household
"I got this since I want silicone band (I use my Apple Watch for running and cycling) but I want a (traditional) stronger locking system than the not-so-strong Apple locking system so that my watch does not fall and get lost (I lost my old watch), and of course, I want something looking good. I got white band, which looks pretty cool with my silver Apple Watch. Even though it's less than $10, the quality looks good, better than many cheap Apple Watch bands I have tried so far. But after three weeks, a part of the band somehow turned red-brownish. I tried to wash with a couple of different kinds of cleaner, but the color did not go away, so I had to throw it away after three weeks. I guess this is a problem with white silicone... If I am very very careful I could avoid such fate, but this is a watch I bring everywhere, so it is hard to avoid contact with something with color, and if the the white color  does not last more than three weeks, I guess the product is not good enough.",2.0,Cell_Phones
"The Archos MP3 at the low price would never be my first choice for music.  I prefer the IPODS, and if you are familiar and favor IPODs, don't look at this to meet the match.  This little gadget is great for an emergency music component.  And sometimes I play it at night to help me fall asleep.<br /><br />The earphone jack is located on the side.... Not good, as it gets in the way for easy storage into your pocket or elsewhere.  The jack should be on the bottom.  The MP3 is super lightweight.<br /><br />The internet connection for moving music and photos is easy.  I can easily check the music and photo files online.  All music must be in Mp3 or Mp4 format.  Right now I have about 400 songs in it.  As for the videos, which are AVI format, and it does not play.<br /><br />I am getting good reception from the FM radio.  This is easy to work, changing the station.<br /><br />Can't quite figure the RECORDER component.  The function is not necessary, and it stumps me.<br /><br />What I don't like about my nighttime playing is the flat, smooth interface for maneuvering.  I prefer to feel the buttons for movement, rather than not feel anything, while in the dark<br /><br />There is a backlite timer.  The screen does not go completely off.  You will get a dimmer screen when not in immediate use.  The screen is good size if you use the photos and videos.  I like the autoshutoff in the specified minute increments.<br /><br />Lyric files?  The screen is supposed to display lyric files if you desire.  Huh??<br /><br />To sum it up, don't expect much on this, as maneuvering throughout, does not always prove easy to manipulate.  It has its quirkiness, but for an emergency, it's ok.  I have three IPODs, so this one is great while it will last.....Rizzo",2.0,Electronics
These are the best clippers I have ever owned!,5.0,Beauty_Personal_Care
I put a pea-size amount on my hair.<br />This morning my hair looks like an OIL SLICK.<br />Disgusting.<br />ZERO stars.,1.0,Beauty_Personal_Care
"I did not purchase this myself.  My son did as a gift.  The very first time I used it I placed it on the counter and it tipped over.  Immediately the interior and exterior chambers separated.  There was little to nothing holding this together.  I look up Aladdin's website, and it states that their warranty doesn't cover &#34;normal wear and tear or accidental breakage resulting from bumping or dropping of the product.&#34;  I personally wouldn't waste my money on this item.",1.0,Home_Kitchen
My only problem is that if my finger nails are too long I have trouble using the finger print scanner.  Not a hugh issue for me because I'm not supposed to have long nails for work. Could be an issue for others.,5.0,Cell_Phones
"This Dirt Devil quick clean spray mop is pretty handy for small jobs around the house and touch ups for in between cleanings. I have a Rainbow vacuum which, quite frankly, is hands down the best all around home cleaner ever. However there are times when I really don't want to pull it out for small touch ups on the kitchen and bathroom floors. Ever the Dirt Devil quick clean spray mop - it's quick and convenient plus I can use my own cleaning fluid if I want - Pine-sol, Mr Clean, etc.  Prior to getting this Dirt Devil I was using a Swiffer which is also pretty convenient, but you have to keep buying the refill pads - either wet or dry. The Dirt Devil has a nice microfiber head that you can rinse off or throw in the washer between uses. totally re-usable.<br /><br />When you use this, you do need to keep in mind the angle of the spray. I had the handle low so when I sprayed, the nozzle was aimed higher and the spray had a pretty big radius. I had to remember the lift the handle more upright to have the spray directed more to the floor in front of where I was cleaning.  I the sides that bend aren't really miracle side board cleaners, but I suppose it's decent enough for what I want to use this for. It's just handy to have this around to touch up spots before company is coming over.<br /><br />Pros:<br />+ refillable cleaning fluid bottle - with any type of cleaner you want to use<br />+ reusable, washable microfiber cloth head<br />+ no batteries to operate the sprayer, just pull the level and it squirts<br />+ lightweight, stores easily, soft handle<br />+ easy to maneuver around the base of cabinets and toilets<br /><br />Cons:<br />- If doing a large room (or multiple rooms) you'll either want to have an extra microfiber cloth head handy or stop and rinse the one out now and then",4.0,Health_Household
"FINALLY, no more cord thieves in my house.",5.0,Cell_Phones
"For whatever reason, it seems like I am generating longer hair than ever. Every time I shave my legs, after I am done and usually a few days later. I am missing these guys with electric razors, razors that aren't electric and anything in between. I will most likely use the other trimmer pieces. Since my eyesight isn't so great any longer, I might make a really bad mistake if I try to fancy up some hairs.",4.0,Beauty_Personal_Care
"Amazon CONTINUES to outdo itself!!! I use this for my knitting patterns and they are always with me in my purse, I love the size, the feel, the portability (very important to me) and actually I am amazed at all this tablet can do!!!",5.0,Electronics
DONT MAKE AMISTAKE LIKE I DID AND ORDERED TO SMALL.,4.0,Electronics
No phone protection whatsoever but it's cute,1.0,Cell_Phones
"Not straight. Considered a fix using washers to offset the left-side bolts but that would look even more terrible than it does now. And it is painted solid black. Illustration looks like chrome or white to me; certainly not black. Ugly. Plus packed in a slightly too-small light cardboard box which was obviously stressed by the manufacturer's packing. And this item is impossible to get back in the box, at least for me, as I cannot re-create the packing method of the manufacturer. No one can, I'd guess. I have never had a problem carefully and properly re-packing items for Amazon return before but this item is a booby-trap. So had to cut and expand the box, tape it back up as best I could and now will start the return process. Wish me luck!",1.0,Electronics
I’ve purchased this product before. The product is fine but in my latest order one of the three bottles was completely empty. No sign of leaking in the box it was shipped or anything…..just an empty bottle.,4.0,Beauty_Personal_Care
I like EVERYTHING about this organizer and I’ve purchased another as a gift!  Maybe a bit pricey??  Worth it though!  Keeps my sink orderly and looking polished.  Perfect!,5.0,Home_Kitchen
The ripples are not soft.but other than that good paper,2.0,Health_Household
Bought as a remedy for my ring doorbell that did not work wit my exising doorbell.<br />I wish I could return it.,1.0,Electronics
"When it rains here for some reason there is a sewage smell that seeps up from my drains. I usually put a few drops of essential oils around the rim and it covers the smell nicely, but I was hoping for something a little longer lasting. I did like the idea that these would help with clogs, even though that isn't a problem for me. The sticks are very soft and my drains have an elliptical shape in the center and I couldn't get them down easily. They are supposed to last a month and with how soft they are I can't believe that. It just rained and I still smell the sewage smell.",2.0,Health_Household
I love these!  They feel so good and left my feet so soft!!,5.0,Beauty_Personal_Care
"When I first opened the package of this Fellowes I-Spire Series Monitor Lift (9311101), I was not impressed with what looked like a small version of a cheap plastic bed tray with curved edges. The only thing I like about it, is that it is fairly small (just under 20 inches wide by about 8 1/2 inches deep) and fits on my already crowded desk that holds my computer tower, monitor, keyboard, printer, scanner, extra USB port hub, surge protector and speakers. I didn't like a lot of things about the design, like what is up with the curved edges- it appears to be wasted space and the fact that you can't put the keyboard underneath the lift as it is too narrow. I thought this was one of the worst designs until I saw these at my local library.<br /><br />I was so shocked to see 50 of these monitor lifts in my library! My library has 2 computer rooms- one section has 30 computer monitors, the other more private room has 20 computer monitors. Of course I was not only surprised to see what I thought were poorly designed cheap plastic lifts, but I was curious enough to ask why the library got rid of the larger metal flat lifts and replaced them with these cheaper looking curved ones. The librarian told me the wider flat metal lifts had a huge problem with sagging in the middle. She said they always end up sagging eventually, making them useless. She told me the curved edges of this Fellowes Monitor Lift actually are designed this way to eliminate the sagging middles. The librarian also told me the old flat metal monitor lifts had adjustable legs, which always came loose and when the monitor lift was lifted or moved for cleaning, the legs would always fall off. I had no clue that the larger, flatter monitor lifts had these issues.<br /><br />I learned a lot by speaking with someone who knows what is best for a row of monitors that need to be made to eye level for the public. This Fellowes Monitor Lift is curved to avoid middle sagging. It has no legs that can come loose or fall off. It is made of easy to dust or clean plastic. It has openings on the bottom on all 4 sides for easy storage of all your cords- but not your keyboard. The lift height brings your monitor up almost 3 1/2 inches, making better eye level viewing and less neck, shoulder and back pain for you. This monitor lift has rubber on the 4 bottom corners for stability, so it doesn't slide or move around.<br /><br />The main thing you need to know is to make certain your monitor base is no wider than 12 inches and not deeper than 8 inches, so it fits on the curved base. My librarian mentioned that Fellowes has been making office supplies since 1917 and that they actually do write Fellowes with what they wish was available on the market and that Fellowes actually listens. She said their biggest complaint for years was the sagging middles and poor legs on their monitor lifts, so when this new curved lift came out with no legs, they knew Fellowes listens to their needs. There are no tools needed for this non-sagging, no sliding, no legs to adjust monitor lift, but just make sure your monitor base fits within the 12 inch width.",4.0,Electronics
I'm obsessed with this brand! I have tried alot of their shampoos/conditioners and all of them have been amazing on my hair! Love it so much and I especially love the ingand lack of the harsh chemicals. Everyone needs to give this brand a chance!,5.0,Beauty_Personal_Care
I did not purchase this. please remove,1.0,Home_Kitchen
"Well, these look nice. But they don't have much bending power to them.<br />We tried these in my daughter's shoulder length hair. They would not even stay kind of closed. They just slid out of her hair whenever she moved her head.<br /><br />In order to maybe use these, you'd have to either have incredibly thick hair, very curly hair or both. Otherwise, these are just a joke.",1.0,Beauty_Personal_Care
"It works pretty well at cutting plant oils. It probably would have trouble with animal fat, but I started using it after I went vegan, so I'm not sure.",5.0,Health_Household
"I think it should work well but I have had no opportunity to use it yet. It charged quickly. Based on my observation and poking around, it should certainly withstand the conditions it will be exposed to which was critical as I have wrecked two chargers In just a few uses each. I bought to also carry in my purse but it is too heavy.",4.0,Cell_Phones
No taste in coffee. Would order again!,5.0,Health_Household
They will dominate your desktop but the sound should be good,2.0,Electronics
"These actually stay in better than I expected, and they work OK the most situations, but when I’m fortunate enough to be sitting in a quiet room, listening to something quietly in the background, while I am concentrating on something else, and then I get a phone call, the ringer volume blasts my ears, sometimes causing literal pain.  I cannot drop the ringer volume as much as it would need to be for my ear comfort when I’m listening with the AirPods because then I will not hear the ringer when it is coming through the phone speaker.  There is no way to separately adjust the volume of the ringer via phone speaker (when I want it loud enough to wake me up when I am on call overnight) versus the AirPods (where I want it to be controlled by the overall volume just like everything else that I’m listening to through the AirPods, so I don’t get blasted every time someone calls me).",1.0,Electronics
"A friend of mine had a similar product, but he bought his in Germany. I was so excited to get one of my own. However, the one reviewed here is made of rather cheap metal and is far more slippery than the one he had. I had a half empty tube of toothpaste to test it on and while it flattened the tail of it, it doesn't flatten all sides of the tube evenly - it twisted my tube in a weird way. Even so, I had to open the clamp several times to re-align the tube because it kept slipping out of the clamp. The metal sides don't clamp down hard enough and you have to press down on it, hard, in order to hold the tube in place.  However, it works once it's secured. The other downside is that the thing is bulky, far more bulky than the cheap plastic discs with a slit in the center that I've been using for years. So it's not great for travel but if you have room in your bathroom, it's not a big deal. Overall it's OK, but not the best quality.",4.0,Health_Household
Perfect for what I needed it for.,5.0,Health_Household
These plates work very well with the holder I ordered. Stuck to the inside of my case and holds tight. May be difficult to remove though<br /><br />Plates are large and exactly what I wanted.,5.0,Cell_Phones
"I ordered the dark cocoa brown but received the dark gray brown instead.  It is way too dark.  My natural brows are wispy and slightly shorter.  I also prefer a more natural look.  This only comes with one shape of stencils: too bushy-looking, and too long for my face.  Looked too fake.  Good thing it washes off easily with warm water.<br />It was easy enough to apply.",2.0,Beauty_Personal_Care
"I can't get the scrolling buttons to work with my Macbook Pro. Otherwise, I like it.",2.0,Electronics
"Ugh, don't waste your money. When I bought this awhile back, I got it because my first bottle (purchased from a local place) was low. When this one arrived I noticed it was lighter in color. It just doesn't compare, my old bottles scent would stay on my skin for days, and I can still smell it on a jacket in my closet months later, the new bottle I can't smell on my skin 10 minutes later. Do yourself a favor and make sure it's the real deal. Honestly, many beauty items on Amazon are getting to be this way, watered down and not like the original. Such a shame Amazon lets this continue.",1.0,Beauty_Personal_Care
"Based on the great five stars reviews I bought two.  I had ordered them in gray but was told that they could send me the black ones instead.  They were persistent in the way they wrote their message to me so I ended up agreeing to the black ones.  Not my choice.  Was told I'd receive a discount on the gray ones when they came back in stock.  A long time has passed and the gray ones never came back in stock.<br /><br />However, in the end it is absolutely irrelevant because I'd never purchase these blankets again.<br /><br />Washed them in the gentle cycle and both blankets came out a mess and coming apart (the blankets are comprised of two types of material sewn together).<br /><br />The feel of the blanket is soft and the design is pretty.  On paper a great idea but the execution was very poor.<br /><br />I have bought blankets for our cats and dogs for $10 and they are just as soft and warm and have outlasted these blankets (which I paid $49) by more than a year and tons of washes in the regular cycle of the washing mashine.<br /><br />I am not sure who wrote all the five stars reviews but buyer beware.  I would NOT recommend purchasing these blankets.",1.0,Home_Kitchen
"This tamanu oil is clearly refined. Unrefined tamanu oil is thick, dark green, and it doesn't smell very pleasant. This does not describe the oil I received at all. Refined tamanu oil loses almost all of its benefits for the skin, especially vitamin E. There's basically no Vitamin E left in refined tamanu oil.<br />I don't understand how or why a company lists and shows pictures of one product and then sends you something completely different. The tamanu oil I received is clearly missing the words ""Unrefined | Coldpressed"" underneath the words ""Carrier Oil"". It has absolutely no scent whatsoever, is quite thin, and is very light in color, as well. That does not describe unrefined tamanu oil.<br />I will post pictures of the product that I received to show that it is definitely not unrefined and clearly refined. Before you purchase this product, please research unrefined tamanu oil. I've seen some reviewers say that they received oil that had a scent to it, but that's not the case with what I received and I hope they will recheck their bottle to make sure. I think there are a few people that don't actually try some products before reviewing them.<br />Because I feel that the company is being dishonest about this product, and hoping that the customer doesn't see those little missing words when they receive it, I'm giving this bait-and-switch deal 2 Stars ✨<br />The only reason I'm giving them 2 stars, is that I received Tangerine essential oil from this same company, and it smells like tangerine essential oil at least. I will know more about that product when I use it when making skincare products and how it reacts, as to whether it is the real thing or not.<br /><br />If the company does not know that what they're selling is not an unrefined product, I hope they will see this review and comment to let me know that they in fact have an explanation for why I did not receive one.",2.0,Beauty_Personal_Care
As title said. Comfyyyy. Just a pain to get on,5.0,Electronics
We are returning this tablet as it absolutely did not work.,1.0,Electronics
"Ok, I’ll be honest: I got these, my wife put them to the side in the laundry room to wash first, then a series of events (including her severely breaking her foot) and we forgot about them. But then she broke her foot and I had to take over everything. Found them on the dryer, and without washing, started using them as I got a handle on things. Life is a lot different now doing it all. It’s no longer “her kitchen, her...” and that’s ok - we usually share chores, but now I have to do things my way as she’s not always accessible... and I discovered these towels are excellent!<br /><br />I’ve used them in the kitchen, bathroom, and laundry room. We don’t have a garage or I would have used them there too. And now I’ve washed the first group (orange and blue) and love them as much or more!<br /><br />They’ve become my go to as I figure out what my wife uses for what, and without them having been used before, I can see what they can handle. And so far, it’s everything I have thrown at them.<br /><br />They stay soft (were soft) before and after their first wash.<br />My ONLY “issue” is that they are wash cloth size, so a bit small. Which in most ways is fine, but as I was washing the kitchen hand towels and getting caught up, I use/used them for that as well. They work as such, but being smaller I go through them faster than I do the kitchen hand towels. No worries - there are a ton of them!<br /><br />Originally we’d talked about using different colors for different rooms, and I was, but as I had them stacked from the original packaging still, I just grab the next one down... it’s worked fine and nothing stands out as an issue - I know colors would be helpful but with little room in our small home for separating room-only towels while storing them (linen closet) that idea isn’t worth it. Meaning - I’m not finding new places to store them all over the house. So they’re used for kitchen and bathroom and ... (yes, cleaning between) and not an issue.<br /><br />Overall these have turned out great and they take whatever I throw at them. They’ve stayed soft, didn’t run their colors when washing, and they’re easy to use. Really like them.",5.0,Health_Household
This is a beautiful little eye shadow palette. You get the perfect amounts of matte shades to create some neutral eye looks. The colors are very nice and you get a black that really helps you darken those outer eye lid areas and even create a smokey eye if you want. They are not the most pigmented eye shadows but you can get the colors to work with layers.<br /><br />Then you have some nice glitters/shimmers that are perfect to liven up the look. There is a nice creamy one that I prefer for a day time look but then there are the silver and gold ones that I think are beautiful for night time looks.<br /><br />In addition you get a nice eye liner that is very creamy and easy to apply. It is a self sharpening one which is perfect in my eyes.,4.0,Beauty_Personal_Care
I give these to my elderly husband who doesn't like most veggies.,5.0,Health_Household
"I know I have a lot of makeup on in the photo, but I put this Holographic Liquid Eyeliner to the test for my work annual Halloween costume contest!<br /><br />It added a really cool effect to my eyelids. I used it all over my lid, actually. Which I'm not sure I recommend, because it wasn't what I would call burning but it was like a weird tingling sensation for sure. This could be pure user error because as I said I used it over the whole lid.<br /><br />It lasted ALL DAY! I had to scrub and scrub my face to get it all off. So it definitely stays put. I did use some primer first just as a heads up!<br /><br />Also love the packaging which is always a selling point for me.",5.0,Beauty_Personal_Care
This is the worse phone I have use to date. I keep loosing my contacts info. Android auto and lots of Apps  don't work. Always updating but does not work better.,1.0,Cell_Phones
I think it is strong and the size is perfect.,4.0,Health_Household
"Very sturdy, very transparent, low profile, soft side buttons",5.0,Cell_Phones
"Saves the day when I have a stomach ache, or feel nauseated",5.0,Health_Household
"I'm not sure what I love more about Moroccanoil Volumizing Mist-the way it brings fullness to my hair or the scent of the mist.  Both are fabulous! I  have thick, shoulder length hair. For the past couple of years, my hair has experienced normal thinning that comes with aging, mainly around my scalp. After using Moroccanoil for the first time, I really was amazed by the results.  My already thick hair had an added fullness and more body to it, but wasn't out of control by any means. But the area of my scalp where I experience the most thinning had an even look and fullness to it to match the rest of my hair. I could no longer see the small, bare patches of my head where thinning is at its worst. My hair was thick enough to cover those patches just as it had been years ago before the thinning started!  I really was quite stunned AND of course, thrilled!  These results were courtesy of the wonderful argan oil and Dead Sea salt ingredients found in Moroccanioil products.  This mist does NOT weigh my hair down or make it look/feel oily or greasy at all. Its very light.  2-3 sprays dispenses enough mist to cover my hair. Many years ago, I stopped at a local dollar store in town and found bottles of a major hair company's hair freshening spray. That was the only purpose of this item...to make hair smell good. I LOVED LOVED LOVED the scent. I loved it SO much, I eventually bought all 23 bottles -the entire supply.  After I used all of the bottles (gave a few away), I couldn't find the spray anywhere else at all; I'm guessing it was discontinued. When I sprayed Moroccanoil on my hair for the first time, it smelled SO much like that hair freshener spray I was obsessed with years ago. I LOVE the scent of this mist! Now, I have the best of both worlds...a volumizing spray that adds much needed fullness to my hair (especially where its thinning) AND a scent that I LOVE! Because  I only require a few pumps of the dispenser to cover my hair, this bottle will last me for a good amount of time. There's NO doubt about it... I WILL continue to use and purpose Moroccanoil Volumizing mist and make it a part of my daily hair care routine. It works that well!  It should also be noted that this product is an Amazon 'Professional Beauty' product. For those not familiar, that means this is a high quality item that can be found in professional settings such as spas, hair salons and dermatology offices. This is a wonderful product and I can't stress enough how much it has helped my hair.  Definitely 100% recommended!",5.0,Beauty_Personal_Care
"So I needed a tough case cuz my son had recently thrown my phone in a puddle of water. I watched video after video about the lifeproof case and I was sold. This was going to be my new case. Sadly, when I received it in the mail, it felt super cheap. The rubber gasket around the entire inside of the case fell off upon inspection of case and the inside had rough pieces of plastic hanging off it from what looked like a plastic mold. This must have been a knockoff version or something. I'm giving this product a single star based on the lack of authenticity I was expecting.",1.0,Cell_Phones
"Not a summer breakfast, but at the moment it is winter and I like starting my morning with a cup of oatmeal as it sticks with me through the morning hours.  Adding golden milk makes the oatmeal that much better!  I do take turmeric tablets and know that it is good for several internal body systems, but using golden milk gives me a quick ""shot"" of the healthy effects and it takes good with my oatmeal!  I usually add a little bit of cinnamon and honey to my oatmeal so the golden milk fits right in.  I will definitely buy again when I get low.  Good value for the money and for your health!",5.0,Health_Household
"I impressed from the moment I opened this.  The horn is big, weighty, and beautiful.  It really does emit a full sound that is sure to impress.<br /><br />Records sound best, but wow to have bluetooth too is very convenient!!!",5.0,Electronics
I could not get past the horrid smell and threw them away.,1.0,Beauty_Personal_Care
"Update….  I contacted the seller and they offered me a refund or replacement item. Great customer service. I requested a replacement in the hopes the new one will work as described.<br /><br />The suction power is great BUT!!!  When I put it on my vent it made it so I couldn’t move my vent in certain positions. Also would only hold my phone in the lower position, the arm would just fall in every other position. But it worked for the most part so I kept it. Then one day I went to put my phone on and the arm just broke off. Sucks that it lasted less than a year.",5.0,Cell_Phones
I like nothing about these.. They bubbled and peeled off,1.0,Cell_Phones
"Love this case, perfect look for my gold iPhone !!!",5.0,Cell_Phones
"PROS:  Very study and solid, carrying strap with compass, flashlight is very bright.  Unit is rechargeable with USB, Solar or crank.  Crank is very easy to turn.  Has a weather band.  Has SOS button that gives loud alarm and light, has on/off switch.  CONS:  Slightly heavier and bigger than some emergency radios; sound quality of AM radio is not that good, although FM sounds decent.  Does not have regular battery backup (only uses an L-Ion battery, but it can be replaced if the battery goes bad.)<br /><br />Overall, this is a decent little emergency radio with similar features to other emergency radios.",4.0,Electronics
Couldn't keep patch on skin kept coming loose,5.0,Health_Household
"BEST phone case EVER!!!!!  Where has this been all my life.  This case is sleek, stylish, yet functional.  Not bulky at all.  I'm getting my second one!  Goodbye Otterbox :)",5.0,Cell_Phones
"Ordered this plug because I did not have enough outlets to plug in everything I needed to on my night stand. This plug lets me charge my phone, my Apple watch and my cordless headset, all using only one electrical outlet.<br />I use it overnight so I don't know how quickly it charges with all 3 devices plugged in at once. As long as they are all charged by morning - that is fine with me!",5.0,Cell_Phones
"No, complaints they are just as advertised.",5.0,Home_Kitchen
"It's such a challenge to research supplements with so many conflicting sources out there. So when I read about Superoxide Dismutase in several respectable medical sources, I decided to give them a try. Post cancer and chemo treatment, I've needed to build up antioxidants for detoxifying all the chemicals in my system and reduce the oxidative stress caused my chemo. I've had a lot of internal inflammation, and SOD plays a critical role in reducing that. Jarrow is a respectable, reliable brand that I have trusted for years.",5.0,Health_Household
"I returned these, but not because I didn't like them, they just weren't the burgundy that I thought they would be.  I would order in another color if they had one that would match my themed room.",5.0,Home_Kitchen
"The perfect blanket for TV cuddling - keeping the feet warm - or napping!  We’re not crazy about the pom-poms, but we sure do like the rest of it!  The fabric is washable and the dryer makes it all fuzzy again.  The soft grey color goes with everything - it’s lightweight, and perfect!  A great gift for a housewarming or for anyone you love!",5.0,Home_Kitchen
To be able to stream Disney on my not so smart TV.,5.0,Electronics
Really does grab color and dirt from wash water,5.0,Health_Household
Perfect for all my beauty supplies. Fits easily in my vanity drawer.,5.0,Beauty_Personal_Care
Elegant and just perfect for small carry,5.0,Cell_Phones
I am so happy the band came quickly and it's perfect.,5.0,Electronics
"I’ve been using the sunscreen for the past five years and I continue to purchase it because my little one really has not gotten sunburn any time I’ve put it on him and only when I forget to. So I would recommend. I was told by my dermatologist that the only sunscreen that really works is one with zinc oxide as the main ingredient, Which this has. So it’s very sick on the skin and hard to wash off but at least I know it’s doing its job. I use it myself as I have had skin cancer scares in the past and have a lot of moles. My only complaint would be how hard it is to wash off of the skin but like I said at least I know it’s doing its job. I would recommend and I will purchase again.",4.0,Beauty_Personal_Care
"I used this wonderful Rollator when  I recently  lost the ability to balance myself. I never thought I would have to use a “walker,” but this was very helpful to me. My husband added the bag which fits at the back of the Rollator. The bag is strong enough to support the weight of my Kindle or IPad or even my small computer if I should need to use it.  The Rollator is attractive, steady, much more stable than a traditional walker. I have fortunately recovered some of my strength and balance.",4.0,Health_Household
"While I respect the positive review(ers) I must say that this brand needs to be avoided. I have purchased this brand on a different e-store I wont name because of redaction of this review.<br />I have found it elsewhere for a great deal, similar price and buy 2 get 1 free. I got hooked immediately and wasnt even thinking of looking up the reviews on sites that would have these reviews. Amazon got very positive reviews for this product which may explain that these reviewers may either not tried a true 100% fragrance oils, are not using it for purposes where it would prove these specific brand oils to be very very weak, or are just being plain corrupted, again with no offense to legitimate customers.<br />I have in the past ordered and tried the KISS brand, Pure Body Naturals and A&J brand oils that state 100% undiluted. I have used all the three brands for Oil Diffuser Humidifiers and have fond out all of them are extremely potent, pleasant and a little goes a long way. Then I started using the KISS and A&J oils for dryer cotton balls witch astonishing results of using only 6 drops.<br />It came to a time that I have ran out of my favorite sampler oil bottles from both brands so I went to reorder the very best and being concerned about how much the small bottles cost individually, I have ended up searching for best bang for the buck for 100ml bottles of all the oil brands possible due to steep price tag of these quality oils.<br />That is how I ended up buying this aromar brand oils - I even got to buy 2 get 1 free (3 different scents) for merely a price of one 100ml bottle of a 100% quality oil. Horrid mistake. Upon arrival, unsealing and opening the bottle, the smell was weak, there was no dropper and the oil wasnt oil, more like water consistency. Instant disappointment, more so when the clothes from the dryer came out smelling very faint of any scent on, and to top all the misery off, the scent after the dryer was different, in my explanation due to possibly either the heat which never affected the brand oils, or maybe the result of fake ingredients in aromar bottles and its extreme dilution.<br />I now have three used bottles of highly diluted oils that are absolutely useless. Waste of almost 20 dollars bill. I advise you not to do the same mistake, thought of having 3 different scents fooled me, I could just have 1 perfect scent that would last me for year. 2 overall stars as I can imagine it being sprayed on artificial flowers to somewhat imitate the scents. I've never used it in oil diffuser humidifier nor I ever will.<br />Better get one 10ml bottle of quality oil and it will last you longer than this weak scented water.",2.0,Health_Household
Bought this for my sister. She was extremely happy. Perfect.,5.0,Cell_Phones
They work great for awhile but tips Ben's easily,2.0,Cell_Phones
"Exactly what I needed!! Best price I could find anywhere. Perfect for goat testing (CAE, CL, Johnes, & Pregnancy tests!!).",5.0,Health_Household
My favorite vitamin. Im restricted with my diet...never miss taking..quality vitamin.,5.0,Health_Household
"I could not get these to work. I tried several different batteries in each one and had no luck. These are not made very well. I have used others and found other ones  to be a better quality than these. I was really hoping I would like these because it is a great type of product, it's nice to seal products securely, unfortunately these would not work for me - I must have gotten a bad set.",1.0,Home_Kitchen
Did not get what I thought I was. Probably read things wrong.,4.0,Health_Household
One of the best gifts I've ever given myself,5.0,Electronics
I did notice there was no bad odor after usomg this. I'm assuming this means it killed the bacteria,4.0,Health_Household
Got this for my kid and it does have a very strong citronella scent but it did not prevent him from getting bit by mosquitoes at all! Maybe it’s the kind of thing that works for some people but not others.,2.0,Health_Household
"I think this is one of those things which, in theory, work better than in real life. I love eyeliner, but I've always had problems with cat's eyes - I've tried the tape tricks and other things, but usually just go for simple or smudged.<br />The problem with the detachable stencil is, I wear glasses. So here I am, squinting and hoping that I have this thing somewhere in the right position as I put on my makeup sans glasses. And then there's switching eyes, holding this across your face while also trying to get the liner done and inching it across and... the pictures make it seem a lot easier. Also, the liner seems a little 'watery' for this and smudged some.<br />In other words, too much effort for me. Might work better for someone with perfect vision and a lot more dexterity/patience.",2.0,Beauty_Personal_Care
"I had always considered the Rev-A-Shelf brand to be high quality items.  This was just cheap plastic molded stuff that has the option of being broken/cut into smaller pieces.  I guess I should have expected something like this, but for the price, I expected better plastic?",1.0,Home_Kitchen
Not good to leave on your nail very long.,4.0,Beauty_Personal_Care
"I loved that it was less stressful on my wrist.  Unfortunately, I am returning it.  I don't like the fact that it has to be charged regularly and/or, remember to turn it off when not using it.  Also, I was needing very specific detail and sometimes the roller did not hit the exact spot I needed it to.  Probably more user error than device error.  It has been years and years since I last used a roller ball device like this.",4.0,Electronics
"I do like the foaming hand soap, but the fragrance is awful...  (In The Garden)  At least to me it is.  To me this smells like a cross  between black Licorice and medicine.  yuk.<br />Hey, you might like it though.... Different strokes for different folks! :-)",2.0,Beauty_Personal_Care
BUT!!  I didn't like that I couldn't get the corners.  Also I didn't like that it was way too long especially because I kept hitting the shower doors with the handle. Maybe make it so you can shorten it.,4.0,Health_Household
"I think I'm addicted to Emergency! I take a packet at night and when I'm feeling crummy I'll take two of them, one packet in the AM and one in the PM. Hambone takes them too!<br />Mrs Hambone",5.0,Health_Household
I drop glasses alot and these arewell made and do not break!,5.0,Health_Household
"Definitely not for me, or any of my friends that smelled it. Strong, intrusive scent. Waaay over the top. I prefer something more subtle. This scent slaps you upside the head, I mean nose :-/",2.0,Beauty_Personal_Care
"I was very disappointed in this product.  I did like the color and it applied smoothly and evenly.  Initially I was pleased.  The color was pretty and added some natural  polish and it felt good.  However, once I removed it, my lips were terribly dry.  I tried it for a week to my detriment.  My lips just got drier and drier.  It does last as long as you don't eat or drink.",2.0,Beauty_Personal_Care
"Ok I am not sure how to rate this, this is a whole new type product for me. I have never tried anything that was for your hair AND face, that’s new. I honestly mostly use it on my face, although I do sometimes revive my curls with my water spray bottle, then a few squirts of this to rub through my hair. I do love it so much for my face though!! I have rosacea on my cheeks, and when it flares up, like now, my face actually hurts. It is so hot, it really feels like I am burned! It is very hot, and very painful and a few sprays of this is heavenly on my burning cheeks. I got the idea of sticking it in fridge and it is a savior for my comfort.<br /><br />I can recommend this for a refreshing feeling for your face, and for a revival of my curls.",5.0,Beauty_Personal_Care
"Be ready for snagging, pulling, and a really unpleasant time.<br /><br />I personally have really thick combination type three and four hair. I decided to try and figure this out on my whole head despite the first piece being absolute hell. All I ended up with was snagged hair. I had my hair blown out before using this so it was definitely detangled and prepped properly for heat styling.<br /><br />The retractable pins were an absolute nightmare and I had to return to using the chase method with a comb. I bought this iron so I would not have to do that anymore...welp, I'm just going to stick with the chase method.<br /><br />On top of this, I had my hair separated and was working in really tiny sections. I ended up detracting the pins for the entire use of this iron because they only made snagging more intense. Second, I don't feel as if the steam was necessary or if it was even consistent in any way. Third, for every TINY section of hair I would grab, this iron found ways to pull my other pieces of hair, that were already either smooth or waiting to be ironed...into whatever tiny section I was working with. Thus adding more time and headache.<br /><br />I would not recommend this iron to anyone, the one I have had for a decade does a better job and I'm happy that I took it with me for back-up. I will 100% be returning this thing and the miniature one it came with.",1.0,Beauty_Personal_Care
Doesn’t stay in vent  would recommend,1.0,Cell_Phones
"I used these once, the smell wore out after like a week or so and I just trashed it. I stick to my yankee candle plug-ins.",2.0,Health_Household
"this is a wonderful idea, however the mop head is not heavy enough to clean very well. I tested it against another mop that is quite popular, and the other won hands down as far as cleaning. I'm very disappointed.",1.0,Health_Household
This machine works good and its easy to use... however the water is DISGUSTING!,2.0,Home_Kitchen
"I bought this as a gift for a friend. Although she thought the set was beautiful, she told me that the pump dispenser was missing the piece that attaches to the top.  There is no way to pump the soap out.",2.0,Home_Kitchen
Dead accurate and good instructions,5.0,Cell_Phones
All screens were cracked upon opening package .<br />Unbelievable !,1.0,Cell_Phones
"In the box is one  well-made and super soft cover with a USB charging cable and instructions. This cover works with those cervical neck stretchers on the market. My boyfriend and I have the neck stretchers listed below. Since Amazon is not displaying the links to the correct product all the time, I added the ASIN (product number) to the right of the link so that it can be searched for in the search bar.<br /><br />[[ASIN:B09R3JHKPX ComforTrac Wave Cervical Traction Neck Support]] - B09R3JHKPX - 4<br />stars<br /><br />[[ASIN:B09KQ3R1J1 QLLCZG Store Neck Stretcher for Pain Relief]] - B09KQ3R1J1-  5<br />stars<br /><br />[[ASIN:B09V25BJ8G SoftSense Store Neck Stretcher for Neck Pain Relief]] - B09V25BJ8G - 4.5 stars<br /><br />[[ASIN:B09YLWCWD1 Guffo Cervical Traction Device]] - B09YLWCWD1 - 4 stars - (note that my boyfriend rates this 5 stars)<br /><br />[[ASIN:B0B1ZN5VMS  SoftSense Store Neck and Shoulder Relaxer with Massage Points]] - B0B1ZN5VMS - 4 stars<br /><br />I tried this cover with the above devices and it is practically useless. First of all, the USB cord is very short. Second, there is no A/C wall plug provided, even though most people have extras in their home. Third, the highest heat setting is barely registerable to me.<br /><br />Unless I buy a battery pack that I can plug into (like those cell phone chargers for on the go), I have to plug this in on the floor next to an outlet, which is awkward, inconvenient, and not necessarily comfortable. For me, I had to plug it in under my computer desk.<br /><br />However, it took about 3 to 4 minutes to get warm on the highest setting.  There are high (136-140 F), medium (116 - 125  F), and low ( 100 - 107 F) temps. If this got hotter and had a much longer cord (about 3 times what it has), this would have received 4 stars from me. If it also came with an A/C wall adapter or was supplied with a rechargeable battery pack instead, then this would have gotten 5 stars. In its current implementation, this gets 2 stars from me because it is not only difficult to use due to the short cord and it does not heat up enough to have any impact.",2.0,Health_Household
"LOVE!!! This pencil stays on all day, I put it on my water line.",5.0,Beauty_Personal_Care
Perfect.  Now I can make cheese cakes in my Instant Pot!!,5.0,Home_Kitchen
The perfect addition to my vanity! Looks expensive!,5.0,Home_Kitchen
Horrible!! They mailed me a dead battery.,1.0,Cell_Phones
"I am really surprised by this case!! Before even using it, I ran it under the faucet and dipped it in a cup of water, just to test it out. And after opening the case, their was no water in it. I brought this into the pool, and it survived. I also brought it into the shower so I could catch Pokemon on that that new game, and it also kept my phone protected. I would definitely recommend this case!<br />I received this product at a discount in exchange for my honest and unbiased opinion.",5.0,Cell_Phones
This didn’t do anything for my lips. It’s just a lip gloss in an egg pan. There wasn’t any added benefits to using this. I didn’t gain anything. It just felt like a cheap lip gloss from a kids makeup set.,1.0,Beauty_Personal_Care
Came with broken pump. They resended back new pump for me. It's not helps as I wish but cools down place where is pain and make me at list fall sleep.,4.0,Health_Household
This smells wonderful and give a light mist and moisture to the face between cleansing. I like to carry it in my purse and gym bag for a pick-me-up at work.,5.0,Beauty_Personal_Care
"EDIT:  OK tried it again.  Damp hair, made sure I put enough product on (feels really greasy til it dries) and did my blow dry AGAIN.  AND ….nothing.  No hold, no thicker.  It's like the Emperor's New Clothes.<br />I will say while I saw no thickening, volume or hold, it didn't dry greasy at all once I blow dried my hair.<br />When I ran my fingers through my hair to try and fluff it up, my fingers felt greasy even though my hair didn't look greasy.  IF IT WORKS for people, I'm happy for them.  For me, I would pay NOT to use this again.<br /><br />____________________________________________________________________<br /><br />I had SOME expectation for a product that says it's 3-1 Although what energizer means, not sure.  I expected SOME thickening, SOME volume, got neither and I used TWO big pumps of the product on damp hair then blow dried it using a round brush.  I got NO better results than if I had used NOTHING.<br /><br />PROS:<br />The scent.  I actually like the grape soda scent.<br />It's like a leave-in conditioner in that it does make combing out hair, at least my short hair, even easier.<br />Oh and purple bottle is cute.  But you know what they say about judging a book by it's cover.<br />CONS:<br />I have short fine thin hair.  I wanted something to thicken a bit, add some volume.  I really notice NO difference with this. I use a thickening shampoo and this does nothing more really than add the grape scent that fades anyway.",1.0,Beauty_Personal_Care
Perfect for holding up my laptop.,5.0,Electronics
"Sides come up past the screen in case you drop your phone on it’s face. I’ve taken this case on and off a few times and haven’t had it crack on me like some have complained about, granted I’ve been super gentle knowing others complained. I really enjoy the subtlety of the holo on this case.<br /><br />Update:<br />I was switching out the case, as I often did, but this time I wasn’t paying attention to the case that I had on and was rough with it. It indeed shattered and I got glass fragments in my fingers, but nothing too deep. Dropping one star for the safety aspect of getting shards in my skin. I had dropped my phone dozens of times with this case with no issues, but maybe there should be an official warning for taking on and off.",4.0,Cell_Phones
This turns my hair purplish blue each time I have used it.,1.0,Beauty_Personal_Care
"Could have had better instructions, but I'm loving it!",4.0,Beauty_Personal_Care
perfect colors just what I was looking for,5.0,Home_Kitchen
"Helps my cough, copd. less messy than liquid and i really hate to swallow pills or caps.",5.0,Health_Household
These supplements work so well with the cancer medication I have to take daily. It stops the swelling and pain in my hands.,5.0,Health_Household
Excellent quality! Beautiful in person and my daughter loves it! This is a must!,5.0,Home_Kitchen
I didn't care for this phone case right out of the package. I knew it was square shaped but the shape didn't flatter my phone. I didn't like that the inside was not protective. It didn't' have any kind of soft inner lining or anything. I also didn't like how the phone fit inside the case. It didn't feel sturdy to me. I did like the idea that it came with a stick on ring for the back. But it was hard to open and close easily. The marble was pretty though. This case is just not for me.,1.0,Cell_Phones
Plenty of tools.  Perfect addition to my first aid kit in my truck.,5.0,Beauty_Personal_Care
"One of the big reasons I will always head to Amazon Basics first is that Amazon will stand behind the items. Today, the mouse and keyboard arrived and I was very disappointed to see that the mouse was not in one piece. The keyboard was in great shape but the mouse was broken into three pieces.  Five minutes in chat, mouse is refunded, another is ordered, and I'm happy.<br /><br />These are basic items, just as the name implies. If you are looking for a specific keyboard, or a specific size mouse, don't order these and then complain.  The mouse is compact and the keyboard is not a large one. But they both function the way they are supposed to.  On top of that, you have Amazon behind them, so if there's a problem, hit that chat button and take care of it.  This is the second keyboard and mouse combo I've purchased from them, and I'll do it again. I'm hard on both and these last just as long as other keyboard/mouse combos that are twice as much.",5.0,Electronics
"[[VIDEOID:552730d92212a2c0a38ed65a0a9e1972]] This is the 53rd BP monitor that I have tried and ordered through Amazon either via purchase or the Vine program. Almost every single monitor takes my BP within a few points of each other and this one operates within range of my gold star monitors.  This monitor holds a total of 198 readings if using all two user modes. The LCD Display is small but easy to read. There are two power options of either four AAA batteries (included) or a micro-USB cable (NOT included). There is an average feature after two readings and not three like the manual says. The date and time settings are in 24-hour clock only (military time). The cuff size is small (22-32cm). There is also voice broadcast mode. This has an irregular heartbeat indicator. This monitor is quirky and it would not work the first time (see video). I was ready to throw this out. I then tried my own micro-USB cable and got it to work. I then put the batteries in again and it worked. However, I am not confident in this monitor as there are others that are better.<br /><br />INCLUDED IN THE PACKAGE<br />- One BP unit<br /><br />- One BP User Manual<br /><br />- One small cuff<br /><br />- Four AAA batteries<br /><br />- One cloth case<br /><br />FEATURES<br />- Up to 99 numbers can be stored for each of two users in memory.<br /><br />- Date and time settings are available.<br /><br />- Setting the date and time or selecting the user is a matter of using the set and memory buttons per the instruction manual but memory deletion is quirky.<br /><br />- The LCD Display readout is small <br /><br />- The cuff is small 22 to 32 cm (8.66 to 12.598 inches)<br /><br />- It has a voice broadcast mode.<br /><br />- The user guide is decent.<br /><br />- Accuracy is good and compares with the BP range taken on my two 5-star gold standard monitors.<br /><br />- Switching user modes is a two button process by pressing SET for three seconds (when power is off) and then MEM to switch to the other user.<br /><br />- It displays an average after two readings even though the manual says three readings.<br /><br />NEGATIVES<br />- The unit would not work or turn off at first.<br /><br />- The display and cuff are small.<br /><br />To take my blood pressure, I affixed the cuff around my LEFT arm with my palm turned up. I made sure my arm was at heart level and my feet were flat on the floor. Then I pressed start and after a little bit, I had my reading. I pressed stop to turn off the unit. The systolic and diastolic pressures and pulse are displayed.<br /><br />In summary, this BP monitor is accurate and within range of my two go to monitors but the unit has its drawbacks and I do not trust it. Blood pressure is never the same from moment to moment, so it is expected to get variable readings within a certain range even over several minutes. It is important for a user to learn how to take their BP to get an accurate reading or it may appear that a monitor is not working when, in fact, it is user error. There are many great videos online that can help teach this.<br /><br />The current price of $29.99 ($39.99 minus $10) is outrageous for this monitor, especially since it is so lackluster and has a small display and cuff.<br /><br />For those who are interested, I attached some notes about several of my most favorite 5-star monitors. These monitors I consider outstanding for their features compared to all the others I tested. I listed two 4-star monitors because they have unique features such as Spanish speaking or Bluetooth. Each one of these monitors is accurate and I would highly recommend any of them.<br /><br />[[ASIN:B00KPQB2N Omron Series 5 Upper Arm BP Monitor]] – This is known as the gold standard of BP monitors. It stores 100 readings between 2 users. It does not come with a case and it is battery operated but an AC adapter can be purchased separately. The arm cuff on this monitor will fit most people. (5 stars)<br /><br />[[ASIN:B00UB5EXNE A&D Wrist BP Monitor Model UB-543]] – This is the monitor I use most often in the winter so I do not have to disrobe to expose my arm. It stores 120 readings between 2 users. It is great for portability, comes with a hard case, and is battery operated. In addition, it has C.P. G. (Correct Position Guidance) to ensure the user does not make an error. That only works if it is turned on. Accuracy is spot on, which is atypical of wrist monitors. (5 stars)<br /><br />[[ASIN:B01AFQK85K HealthSmart Upper Arm BP Monitor]] – This is great if a talking monitor in both English and Spanish is needed. It stores 120 readings between 2 users. In addition to battery operation, it comes with an AC adapter, two very flimsy cuffs, and a case. If the cuffs were better, this would be my favorite arm monitor. (4 stars)<br /><br />[[ASIN:B08HK71G16 Teyiyes Digital Upper Arm BP Monitor]] -This is a great monitor with a large cuff, two power sources (4 AAA batteries or A/C cable), and 2 user capacity 90 memory capacity for each. (4.5 stars)<br /><br />[[ASIN:B09TKK15ZC Baymed Upper Arm Blood Pressure Monitor]] - This monitor holds a total of 198 readings if using all two user modes. The LCD Display is medium but easy to read and color coded in green, yellow, and red based on the hypertension level—which is EXCELLENT. There are two power options. It takes four AAA batteries or a USB Type C cable (both are included). There is an average feature after two readings. There are date or time settings in AM/PM (not military time). The cuff size is large. There is an irregular heartbeat indicator. Accuracy is spot on. (5 stars)<br /><br />[[ASIN:B09WGYJRH8 Checkme Arm Cuff Only Upper Arm Blood Pressure Monitor for iOS or Android Model BP2A 4663]] – This is one unique monitor. The monitor and cuff are in one unit and this is most useful if paired with the iOS or Android app (viHealth). The cuff size is large but the display on the cuff is small. Operation is simple. This is rechargeable and comes with the USB Type C cable for charging. There is no average feature or irregular heartbeat indicator on either the unit or app. There is no user designation on the monitor but such a distinction is possible in the app. In fact, the readings can be associated with multiple users (number and amount unknown). The date and time are automated through the Bluetooth pairing with the app. As of June 2022, the app is quirky and does not always connect. The BP unit itself is accurate and simple to use but this is not suitable for everyone. The [[ASIN:B09WDK7P8Y Checkme Arm Cuff Only Upper Arm Blood Pressure Monitor for iOS or Android ModelBP2A 0885]] is the high priced version that comes with a muscle stimulation(TENS) option. (Both are 4 stars)  <br /><br />[[ASIN:B09NN8VS8G Ziqing Upper Arm BP Monitor Model XB-04]] - This monitor holds a total of 198 readings if using all two user modes. The LCD Display is large and easy to read. There are two power options of either four AA batteries (NOT included) or a micro-USB cable (included). There is an average feature after two readings. There are date or time settings in 24-hour clock (military time) only. The cuff size is large and will fit most users. There is also voice broadcast mode and two alarm options. This does not have an irregular heartbeat indicator.  (4.5 stars)",2.0,Health_Household
"These bags are great!!!<br />I’m using them for my trash can on the bathrooms and my master closet. I really don’t need them to be super strong, because they have to hold just paper or small stuff.<br />I feel they are strong and sturdy. Not one of them has ripped on me.<br />Perfect size.<br />The best of all is that they are environment friendly. If you can make small changes you can start by maybe this.<br />No weird scent at all.<br />Easy to cut.<br />Recommended.",5.0,Health_Household
"I like that the GreenLife Multipurpose Nonstick Silicone Sponge and Scrubber Brushes are dishwasher safe. That makes it so much easier to clean the brushes and know that they really are clean!<br /><br />The soft bristle side is very, very soft. It’s almost like petting a plush animal, that’s how soft it feels. I tried using the soft bristle side to clean the crisper tray for my air fryer, and it didn’t clean very well at all. I had to scrub a lot harder than I expected, and I didn’t have a lot of stuck-on food, just some frozen hash brown bits.<br /><br />When I tried to use the scrubber side on the crisper tray, I couldn’t flex the brush enough to work it over the ridges of the tray. The scrubber side of the brush is stiffer and doesn’t bend as much as the soft bristle side does.<br /><br />I also thought the rounded edges would make it easy to get into the corners of the air fryer basket, but again the lack of flexibility on the scrubber side worked against me. The scrapers are virtually useless in small or tight areas, I just couldn’t get them where I needed them.<br /><br />I have the feeling these brushes would work much better on delicate items, like glassware.",2.0,Health_Household
Very cheap and didn;t work well.,1.0,Electronics
Look this for my perfume...sturdy.,5.0,Home_Kitchen
Use when anti fungal drops are not appropriate.,4.0,Health_Household
It was a bit too large and always had a gap around the edge. The edge ended up fracturing like all of the other glass screen protectors. Save your money any buy a few cheap ones. They last just as long.,1.0,Cell_Phones
Charges quick and cable is not easily break. Nice product!,5.0,Electronics
"Do we need this on the farm?  Yes, we do - one of our fun times is to have a “spa” experience - walking around with our facials! Seriously, the skin takes a beating being outdoors every day, so we give it a break with a facial about once a month.  This little bowl and spoon set is perfect - without this, we were using cups, bowls, whatever!  Very happy to find this set for our spa nights!",5.0,Home_Kitchen
I should have read the description better as this is very small and not impressive.  Nicely boxed but would never give it fir a gift.,2.0,Home_Kitchen
"I selected this item in error. I thought it was another scent as I'm not particular fond of lavender. That said, I'm glad that I ended up with it. Of the recent Provence milled soaps that I received, the Aix en Provence Triple Milled Shea Butter Enriched Artisanal French Soap Bar in Lavender isn't my favorite but I still like it quite a lot. That's saying something because I'm not a fan of bar soap in general, but these soaps may get me back to using bar soap. The scent isn't strong so I'm not too distracted by the scent. It does lather nicely and it also rinses off nicely so I don't feel like there is residue. It also doesn't irritate my skin. I've noticed this with the other milled soaps that I'm currently trying it out is that I haven't felt itchy which is a reaction I've had in the past with bar soap. So it lathers up well, rinses off well, makes me feel clean and fresh and not itchy. It is a little pricier than regular bar soap but a little lower in price range as liquid soap so for me, it would be a comparative swap. It is definitely something that I will be considering for future purchase.",4.0,Beauty_Personal_Care
Perfect. Was looking for an alpha hydroxy product. Works great for me.,5.0,Beauty_Personal_Care
Still unsure as to how to use the wing tip end. ☹️,4.0,Beauty_Personal_Care
"I couldn't even open the step 1 by myself, step 2 kept opening. I ended up having to ask for help. The box looks nice and the container it is in looks cool, just hard to open. ok on to the Mascara, it's thick and sticky, feels heavy. I'm not  a fan. I was super disappointed.",1.0,Beauty_Personal_Care
"First time you use is perfect, then it becomes sluggish if it works at all. Even if you clean it.",1.0,Beauty_Personal_Care
I love my Loreal  face primer and really wanted to love this too but it makes my face look plasticky like a Barbie doll.,2.0,Beauty_Personal_Care
This was my favorite perfume for years.  This one smells different and fades fast.,2.0,Beauty_Personal_Care
"I could tell I was more fixed and in few days took my blood pressure snd unfortunately it really went high. Very sad, I need this !",4.0,Health_Household
This is the only compression socks I like. It puts the right pressures in the right spots and they keep my nerve pain completely under control.,5.0,Health_Household
Less messy than using soap and water and washcloth,4.0,Beauty_Personal_Care
"For a twinlabs product, the ingredients in this are questionable at best and pretty bad at worst.<br />What are parabens (endocrine disrupters) doing in a 'health' drink -<br />I mean, if so many manufacturers of body products are claiming paraben free, then why are they having us ingest them in this formula! -  as well as fructose, which the body reads the same as high fructose syrup no matter what the source, and artificial flavors?? that could be anything and definitely chemically derived.<br />There is nothing healthy in this that is worth also poisoning your system to have it.",1.0,Health_Household
the only t-paper I will use; non irritating (  w/aloe),5.0,Health_Household
Weird consistency. Rolls off your hand. Tangled my hair. Using in my dog.,1.0,Beauty_Personal_Care
"We had a power glitch, and the four adults working from home had no interruptions. Perfect!",5.0,Electronics
My favorite chlorella powder. Smells and tastes amazing.,5.0,Health_Household
No frills. Solid case. Phone isn't thick.,5.0,Cell_Phones
"Not sure if this thing works or not.  And I hope I never have to fine out, but better safe than sorry.",5.0,Electronics
"Thought the earphones came with, my goof.",3.0,Cell_Phones
It’s perfect it protects my phone and it’s cute.,5.0,Cell_Phones
Perfect for fine use! Just what we needed! 5 stars all the way!,5.0,Cell_Phones
"I'll just say it how it was said.  ""I didn't know that it was Black, only that it was new brush tip.  Totally Cool!!""<br /><br />My G/F showers in the dark, brushes her teeth in the dark, gets dressed for bed in the dark... just weird!  Well not actually completely dark, but the lights have to be real dim for her.<br /><br />She ate something that gave her a really bad taste and she went to brush her teeth during the day and was shocked.  Where did I get these? When did I replace it? Why didn't I notice?<br /><br />LOL... Three days ago. Amazon. You prep in the dark all the time. Her bathroom is darker than mine. Shower curtain blocks out a lot of light.  Having foamy teeth/mouth with the black brush time just made teeth cleaning more fun for her.<br /><br />So the white tips are all for me!  Even the older unused ones. If Amazon had these in BLUE, she would have been ecstatic! She now is turning on the light to brush her teeth.<br /><br />She has really bright pearly white teeth.  She is a dentists' perfect patient. Takes great care of her teeth.<br /><br />How in three days did she not see the replacement tip wasn't a different color.  Now it is obvious which tooth brush is hers.  I had those blue bands on that the OEM brushes have to identify who's tip is whose.  I eventually purchased a double tooth brush set to identify who's is whose.<br /><br />Now, White is mine, Black is hers as they sit in their chargers side by side.<br /><br />i don't know the longevity of these as they are still in the new stage.  Will try to pay attention and maybe revisit if there is a difference.<br /><br />So far they are perfect!",5.0,Health_Household
"I wonder about this company’s quality control.  First of all they don’t disclose the ingredients and secondly my bottle is definitely old lady Jasmine scent.  I like jasmine in the garden, but it’s too heady inside the house.",1.0,Health_Household
Wonderful!  Cleans my old oak floors  beautifully...and easily. and quickly.,5.0,Beauty_Personal_Care
I used it in making lotion and it was excellent!,4.0,Health_Household
"I received this product today and was very excited to try it out. Within a few minutes of putting it on my nails, I began experiencing a very strong burning sensation. I quickly removed the product and washed my hands twice. It’s been a while now and my fingertips are still very sore. I’m aware that not everyone may have this reaction, but thought I’d let people know that it might happen.",1.0,Beauty_Personal_Care
I was hoping that I could smell these after they had been dropped into the drain... I can’t smell them at all.,2.0,Health_Household
"I had high hopes for this but I was majorly let down. I have bad anxiety and I do take medication for it but even with medication, it can get out of control sometimes. When it does that I like natural alternatives to help with my anxiety and that's what first drew me to this product. From what I could tell, this is an all-natural product and just sounded like it could help when I have an anxiety attack. While I am impressed with how they want you to use this product. They want you to first take a moment to relax and breathe in the aroma of the bottle to help calm yourself first. In theory, this is a great idea, however, the smell of this product is vile and it almost made me sick. It should be minty citrus but it smells more like old moldy fruit, which is gross. Well, I can't lie, after smelling them I was not excited to take the pills but went ahead and took one. I did not let it sit in my mouth very long because the smell is the same as the taste and well, almost make me sick again. Also, you will burp the smell up and that's not pleasant at all. These are gross and just trash. The packaging is awesome, the look of the pills are cool, and is a great concept but the pills themselves are trash and totally do not recommend. They taste and smell horrible, to the point of wanting to make me sick every time I smelled them, and I don't think they did anything to calm me. If anything, they made it worse because all I kept thinking was don't be sick because of the taste that I kept burping up. These are definitely not for me.",1.0,Health_Household
This can insulator is amazing. I use it daily at school for my red bull :) It keeps it cold for several hours! I absolutely love it. It would make a great gift.,5.0,Home_Kitchen
"This duvet set is well made, of a nice cotton blend fabric.  That is the nicest thing I can say for it.  The print was just downright cheap and tacky.  It is not an attractive look on a bed at all, it is loud and tasteless.  I really recommend that you blow that picture up before ordering.....because its quite a price for something this ugly.",1.0,Home_Kitchen
"I've dealt with terrible dry eyes for years now.  I saw this on tik tok so why not... and yes,  it has been everything I'd hoped for.  Finally don't need to carry tissues every second. they give me a should 8hrs reprieve.",5.0,Health_Household
could not move a feather if placed in front of fan,1.0,Home_Kitchen
I have stopped dropping my phone beacuse of this fantastic little helper!!,4.0,Cell_Phones
I’m always tweezing my hair. These are great to have.,5.0,Beauty_Personal_Care
"If this was not labeled as ""Ultra High Power"" I might have given it more stars, but that is just too inaccurate.<br />I like the fact that it is rechargeable. It looks nice, and comes with seven brush heads. That is ostensibly a lot for the money. It is quiet and smooth running. I replaced an Oral B with this, and I actually like the softness of these brush heads and the quietness of this one better.<br />However, the anemic power of this brush counters the benefits for me. After brushing for the full two minutes, my teeth do not feel clean as they have with other brushes. The motor sounds and feels like it has a dying battery, but it is fully charged.<br />After using this for a week, I like it even less. It is just too weak. It makes me subconsciously feel like I need to press harder or move it around more, since the motor has so little power.<br />Update: I tried to tolerate this thing for a few months, but I finally gave up. I threw it in the trash, and bough another Oral B. It's just not worth getting my teeth less clean to save some money. The difference is huge. If you are looking for a similar toothbrush and need to save money, I recommend waiting for a sale and getting whatever Oral B you can afford. If we are going to invest our time every day into brushing our teeth, we might as well make the most of it.",1.0,Health_Household
"Through the years I have only used this type of sponge holder with the suction backing, and<br />Has worked pretty good, but thought I would try this tape backing as I<br />Like this has a place for my brush also instead of using a little plate for my brush<br /> On my granite counter top thats  always wet!!<br /><br />This did not come with any instructions !!, till I figured out how to peel the back off.<br />I cleaned my sink real good, let it dry then put this holder on the back of my sink.<br />Ok, so far it’s sticking good.<br />It’s near my built in soap dispenser , and I hope the soap does get underneath the tape!<br />So far ,so good, and I do like my brush fits In the holder , and my sponges.",4.0,Home_Kitchen
I have very long hair and this brush is amazing,5.0,Beauty_Personal_Care
I really wanted to like this shampoo and absolutely hate it. I don't think it has real argan oil in it because I have actual argan oil that works magic in a day and this shampoo does nothing. My hair was fine and it made my hair so dry! It also makes my scalp itch from dryness which I've never experienced. Get actual argan oil instead and do an argan oil/coconut oil mask once a week instead of buying this crap.,1.0,Beauty_Personal_Care
"I didn't have much luck with the Revlon Colorstay Shape and Grow Brow Marker and Highlighter.  It didn't look very natural to me or on me.  It looked exactly like what it is...a marker. And it looked like I had smeared a marker (accidentally) into my eyebrows.  I wasn't able to blend it in nicely or naturally with my eyebrows.  It looked like part of a Halloween costume.  I wiped it off and reapplied a number of times to try to get it to look right.  I got to a point where it looked OK, so I kept it on and went about my business for awhile with it on but unfortunately, it left me with some skin irritation when I removed it.  (I do have sensitive skin, its likely this happened because of that and not the fault of the marker itself...just my sensitive skin) I am a longtime fan of Revlon cosmetics and WILL remain a fan and continue to purchase Revlon products without hesitation.  But I will not purchase or use the Revlon Colorstay Shape and Glow Eyebrow Marker and Highlighter.",2.0,Beauty_Personal_Care
This is the worst pillow ever!!! It stays flat and never takes any shape. Expensive trash.,1.0,Home_Kitchen
"I read through some of the reviews before writing my own trying to understand why they have received lower ratings. I still don't understand. the sound quality of these ear phones are AMAZING!!! They are prefect and VERY VERY loud! They paired with my iphone with ease and no complications. I love to be in my own little world listening to music, so these ear phones were perfect for me!",5.0,Electronics
"I agree that these are really cute, but doesn't cut the static.  I do also like the concept, but these just don't fulfill the description.  I didn't find them smelling like sheep.  They did come out lop sideded and slightly darker, but not smelly.",2.0,Health_Household
Perfect gift for my video game nerd of a brother!!!,5.0,Home_Kitchen
Purell is a brand I trust to begin with.  When this popped up for me I ordered not one box.. but two!!  I am so happy with the small size that can fit anywhere!<br />I don’t always carry a purse and these are absolutely perfect for sliding in my wallet or a pocket. I will keep this product in a list and re-order again!,5.0,Health_Household
I purchased these hangers for my many tank tops and swim suits/tops.  Theses hangers are just the right size and my clothes stay on the hanger!  I love them!!,5.0,Home_Kitchen
"This Shampoo is fantastic. First of it smells fantastic, which to me is always important. I won't use a product with a bad scent, but no worries there. This has a lovely scent that is soft and mild and lingers just enough. It has oat in it which is great. For some reason this time of the year, winter, my scalp always gets a bit more irritated and itchy than usual. I have noticed using this product helps with that and my skin seems to calm down.<br /><br />I contribute that to the oat in this product which has been known to be calming and is often used in other products to help calm down skin irritations. I have thinner hair and have also noticed that this product does not weigh down my hair either, so this is another plus in my eyes. Using the conditioner leaves me hair nice and soft afterward.<br /><br />I have to say using this shampoo makes my scalp feel nice, no more irritation or itch, my hair is nice and clean, light, not weighed down and feels nice and soft.",5.0,Beauty_Personal_Care
"Fire ants. I made the error of stepping in fire ants while fixing a stretch of fence at the farm. Before I could flee, the devils had chewed up my ankle pretty badly. Five days ago this happened and I still have six ugly, slightly swollen, red, painful bites on one ankle where the top of my socks rest. I've had to treat these as actual wounds and bandage the area to prevent irritation from becoming an infection.<br /><br />I've used this antibiotic ointment on the bites and then put a huge, flexible Band-Aid (the name brand, no generics for this) over the area and then my socks and shoes. This stuff absorbs pretty quickly and isn't too dry or thick or greasy. It's working - these bites are in a precarious location and exactly where my sock and shoe make contact with my ankle every step so healing time is much longer than normal. However, this ointment is fine.",5.0,Health_Household
Love it! Perfect match for my rose gold Apple Watch.,5.0,Cell_Phones
"I really wanted to like this product but it’s literal garbage. The layers separate. At first I thought it was bc I was wearing it too long (3-4hours) but even then, I’ve never had a liner just separate and fall apart. I did an hour test, went for a walk, and sure enough, all 3 layers were separated and the top layer was stuck to me. I threw the rest away. Literally no point to this product other than they donate to a worthy cause.",1.0,Health_Household
This blush provides buildable color. The powder is soft and light. It blends easily but it takes multiple swipes to get noticeable color. The apple rose shade is flattering and looks realistic. Unfortunately it does not last.After two hours it was barely visible. Non irritating though. No applicator is provided.,4.0,Beauty_Personal_Care
Doesn't work on my smart watch.,1.0,Electronics
We keep buying them. No issue here.,5.0,Health_Household
"The toothbrush heads I received have yellow bristles in place of the advertised green. The color doesn’t matter much to me, but I’m curious if the yellow will work the way the green do and give an indication it’s time to change the brush head? Time will tell.<br /><br />While I don’t mind the color, I do mind the fact that these brush heads don’t do the same sort of job brushing as do the name brand, or even other non-name brand replacements I’ve used. They fit on my Sonicare brush okay, but when I use it, it doesn’t vibrate nearly as fast or feel like it’s cleaning my teeth the way it should. While using it, I had to fight the urge to start brushing like I would with a manual toothbrush since I didn’t feel like it was doing much of anything to clean my teeth. My Sonicare seems sort of weak and ineffective with this head attached, and it’s not the Sonicare itself, because when I put the old brush head back on, it worked as expected.",2.0,Health_Household
Best iPhone 7 case I had seen. I love it.,5.0,Cell_Phones
"I had an older pair of these that lasted more than. A year. The wire started fraying by the ear piece, so I ordered a new pair. They worked fine until they died shortly after the return window expired. They are cheap so I ordered a new pair. The “your headphones are on” would blow you away with the volume, but despite turning them all the way up with my phone volume maxed out, they were not loud enough. With a fan on in my garage, I could not hear my audio book while rowing. These are being returned. I learned my lesson and have purchased some Jabras on Prime Day.",1.0,Electronics
I was getting tired of taking pictures and loading them on my computer only to find out they were all blurry.,5.0,Cell_Phones
"Cheap plastic with adhesive back.  Not as sturdy as I expected, so far it’s holding my keys.  We’ll see if it lasts through winter.  Definitely doesn’t look as nice as the picture online",2.0,Home_Kitchen
Perfect for headphones. Great deal. I’m going to use as stocking stuffers.,5.0,Electronics
"My husband is an awful pillow snob! He is constantly buying new pillows! I got this one for myself because I tend to sleep very HOT!! And I just couldn't handle his Down Pillow Hand-me-downs. I AM IN LOVE WITH THIS PILLOW!!! It is cool and so comfortable! And it doesn't flatten or lose it shape! It bounces back so quickly that as I toss and turn all night long I am always comfortably supported! I am a tummy sleeper, so finding the right pillow is really difficult for me. But i am in LOVE!! The worst part is, my pillow snob husband is constantly trying to steal this one from me! Back off, jerk! This one's mine!!",5.0,Home_Kitchen
"I am notorious for destroying headphones. I think they last me an average of 3 months before I have to replace them, regardless of quality. I thought these ones were done for when I dropped one of the earbuds in an old cup noodle, yet they still functioned perfectly. Later, I thought they must be dead after I dropped one of the earbuds in coffee and failed to notice for 5-10 minutes. They remained perfectly functional, somehow. Finally, I dropped my phone while they were plugged in, straight down onto the earphone jack and bent it. They still worked! They finally gave out months later after being violently pulled from my phone by a large dog. As you can see from the photo, the earphone jack came loose from the attachment. In the 2 1/2 years that I tortured these headphones, the sound quality never suffered. RIP. Best headphones I have ever owned. I am buying another pair.",5.0,Electronics
"I have had neck pain for a couple of months. After I started using this pillow my neck pain stopped. The pillow is heavy, seems lumpy and very firm. I did not think it would be comfortable, but it is. I highly recommend it to reduce neck pain.",5.0,Home_Kitchen
"Like standing on rocks! These are horrible. Plus they are so narrow, how do you fit a heel into them?????",1.0,Health_Household
Really gets the stink out of disgusting gear.,5.0,Health_Household
Make sure you research and know how. Did not work for me but they gave me refund no questions asked.,5.0,Beauty_Personal_Care
"Smells really good, and leaves your face feeling soft. But it did show up with some leaked inside the package. It was salvageable but little messy.",4.0,Beauty_Personal_Care
No heavy scents and ash to rinse.,5.0,Health_Household
"Edited to add: after putting in screensaver my phone dropped on its face and my screen cracked!! The screensaver was fine except for a couple chips on the edge but THIS DID NOT protect my screen. I have had multiple screen protectors that have always cracked before my screen . I’m so disappointed my screen cracked as I JUST got it fixed and thought this product would protect it!<br /><br />I have tried a lot of screen protectors and I can easily say this is the EASIEST and best one I have tried. It comes with cleaning cloths both wet and dry, and a dust sticker to help you put it on a clean dust free screen. After cleaning , You put the plastic frame on your phone and peel the plastic off and you basically line up one end of the frame and drop it on your phone - you can’t mess up. ( as long as your phone is dust free) it comes with a second glass cover in case you mess up. This is easy enough for my child to do.<br />If you found this review helpful please click the button below. Thanks",1.0,Cell_Phones
Love this. I use it on my front porch. Never have to worry about it. Great sound. Easy set up. Can take it anywhere.,5.0,Electronics
"Isn't accurate, very disappointed",1.0,Health_Household
I Love the clarity and crispness of the sound.,5.0,Electronics
Tastes horrible though! But that's MSM.,5.0,Health_Household
Among the best big mugs I've bot. Has all the features I've come to appreciate.<br /><br />Much better than expected.,5.0,Home_Kitchen
"Bought this for my kids, and I am IN Love!!!<br />Only the best for my babies and this definitely falls into that category!",5.0,Beauty_Personal_Care
So easy to use. I am happy with this purchase. I totally recommend. Easy to use and clean up.,5.0,Home_Kitchen
"My hair is so long that I just needed some silk hair ties for bedtime, running around the house, or cleaning up. I didn't want to ruin my hair, so these are perfect and do the job nicely.",5.0,Beauty_Personal_Care
"Fantastic!!!!<br />Protects the large screen when I throw it into my purse or picket. Since it opens down, the camera lens is free to take photos....My husband and I Love it,  Love it !!! Looks nice too",5.0,Cell_Phones
"It's the color.  Seriously, gray is not a color you want associated with food in any way.  But if you can get past that, these spoon rests are really excellent quality, and big enough even for my biggest ladle.  If you get tired of looking for a place to put your spoon, get a spoon rest, for heaven's sake!  And these, ugly though they are, are exactly what you need.",4.0,Home_Kitchen
I was very nervous about buying this simply because I had no idea what to expect. Was this going to be a piece of junk? Was it going to fit?<br />Not junk! Fits perfect! Cools very well! The fans are very quiet which makes this even better.,5.0,Electronics
"I was tired of receiving DVD cases that were broken and damaged, so I looked around for affordable replacements.  These arrived packaged well, and I haven't come across a damaged one yet.  I would definitely recommend them!",5.0,Home_Kitchen
"They make some of the best lens in the World. I used on my treated/clean Scuba Mask in Hawaii. When I put it on, it fogged-up , before I was in the water.  Come-on what gives ,for Diving find another brand.",2.0,Health_Household
I didn’t notice no scent. Not so easy to use because it takes minutes persistently with the outside of the pots. I used the liquid with the basket stainless steel of my Instant Pot. Took me more minutes because I used a small dry towel. The powder for sinks and bottom of pans. You have to be persistent when using.,5.0,Health_Household
Not sure why but this cable charges my iPad very slow!!!!,1.0,Electronics
"The scent is not bad but this is one of those frivolous items whose purpose seems to elude me. It comes in a small sliding metal box like a lip balm but no instructions are included. I had to go back to Amazon's website to see exactly how to use this! You peel off and throw away the prettiest part of the sticker (the iridescent part) in favor of a bland green sticker with a bump on it like a pimple. You place the perfume pimple on any part of your body or surface and press it to release the fragrance. It's not a bad scent but it fades away quickly.<br /><br />I watched the video as well and it was hilarious the way it showed the many ""uses"" of this product (showing a food delivery guy sticking the sticker on one of his take-out bags). Ridiculous. I guess it's good for travel if you want a bit of perfume, but the sticker itself is not attractive and the perfume ""burst"" is so small compared to getting a sample size of perfume from Sephora and spritzing yourself with it. Nope.",2.0,Beauty_Personal_Care
This is my third one I bought for a gift. Perfect for my kid,5.0,Electronics
A very loaded device....excellent!!!!,5.0,Electronics
"I’m trying to decide what’s worse: swallowing two or three huge pills or six small ones. Jury’s still out.<br />I was excited about the idea of smaller pills for my glucosamine and chondroitin, but then I received these and realized I have to take six every day. Kind of defeats the purpose, unless you have issues swallowing large pills, in which case, order these. Because otherwise, I have no issue with them. They have worked as well as any other glucosamine supplement I’ve taken, and I’ve tried many different ones to try to combat joint stiffness. Since I’m more or less on a maintenance plan, it’s hard to say if these do anything extra, but they have not given me any stomach issues or any other adverse reactions, and they include turmeric which I usually add separately, so I’m happy with these.",4.0,Health_Household
"I’m a fan of Seventh Generation. I use the laundry detergent, fabric softener, dryer sheets, and the dish soap.<br /><br />I saw this and thought “okay, that’s slightly new”.<br /><br />I say “slightly new” as this … I grew up in the way late 70’s; mostly 80’s, and little into the 90’s – so I’ve been around. I remember the OLD rag in the bathrooms (the one in the dispenser that kept going and we likely used it a billion times before it was changed), and I remember the old bathrooms that had …<br /><br />Powdered Hand Soap<br /><br />It had a dispenser and a “stick” you pushed up – out came the powder.<br /><br />Only, this is in a can. And, trust me – while it ATTEMPTS to be environmentally friendly – it is NOT consumer friendly. It is not family friendly at all.<br /><br />In short, this is a twist off and shake it in your hand. The problem? As one person pointed out – whatever you’re washing off is NOW on the container. And, you have to worry about keeping your hands dry as you re-seal it so no water gets in it.<br /><br />Good luck with kids using it – it’s going to get wild. Easy to spill and definitely easy to overuse. I don’t have a measuring spoon for it, but with the container, it is hard to properly measure it out.<br /><br />The soap is gritty, and pretty good for wiping off soiled hands (grease, dirt). It can feel like you won’t get it rinsed off though.<br /><br />There is a SLIGHT issue with irritation and sensitivity after a few uses. And, I can easily wash my hands upwards to about 10x per day (going to the bathroom, cooking, etc).<br /><br />I’ll go back to my pump soap and my bar soaps.<br /><br />Sorry, Seventh Gen … this is a NO GO for me.<br /><br />This runs about $10 unless you use Subscribe & Save, then at 15% off it’s about $8.50. Not worth it.",2.0,Beauty_Personal_Care
"Light pressure, low profile, disappears in the hair. Nice!",4.0,Beauty_Personal_Care
"Perfect for all my laptop, streaming and Skype needs",5.0,Electronics
"essie polish goes on so smoothly and covers well -- this provided perfect opacity in two thin coats.  I love the color -- it's a very bright plum, much plummier and less pink than it appears to be in the photograph.  I have it on my toes -- makes me happy.",5.0,Beauty_Personal_Care
"I am older and all of my children live in different states - all of them are married and I have some grandkids that I don't get to see any more often than I do my children.  Life keeps them all busy which I understand.  I explained to them I got this picture frame to sit next to my recliner in the living room and asked them to take some pictures when they got the chance and (with the instructions I sent them) to send the ones they liked to my picture frame.  Oh, so cool!  I got to see really up-to-date pictures of my sons and daughter and of my grandkids - not a week later, not even a day later, but that day!  I love that I can look over and see a new picture just like that!  Makes me feel so much more connected to their lives in this time when travel is difficult for me and for them.  Yes, skyping and all that is fine, but those random times when you sit down with a book and just happen to look over and there's a new picture of my grandkids makes me smile and that's worth what this picture frame cost!",5.0,Electronics
"I don't use this as a laptop sleeve. Instead, I got this because I thought I could use it as a backpack organizer. I carry various notebooks, writing, and drawing supplies with me. I'm not an artist by any means, but I like to journal using different media. Having them loose in my backpack didn't make it easy to find things or have everything in one organized location. This sleeve drastically reduced clutter and makes it faster and easier for me to journal.<br /><br />Currently, it holds my journal, a soft writing mat, my Sonnenleder pencil case, a few fountain pens, a whiteboard notebook, and some markers (dry-erase, Sakura, permanent). It's a tight squeeze, with the front pocket, but overall I have no worries of anything being damaged. In fact, I feel everything is more secure in this. I also love that there are pockets to tuck the handles; I use one only just to pull the sleeve out of my backpack.<br /><br />The front pocket sometimes gets caught in my backpack when I take it out. There's a bit of fabric on the cover of the front pocket so as to conceal the zipper; I wish there wasn't as much excess fabric, or at least some way to stick it closer to the sleeve (like some Velcro or something).<br /><br />But now, instead of looking for and taking out a bunch of things from my backpack, I just pull this out and everything is one, easy-to-locate space.",4.0,Electronics
"Great phone, but it's sad that there isn't much support for it.",4.0,Cell_Phones
"They looked terrific.  Unfortunately I am very petite, and they did not adjust to a suitable height for me.  I was very disappointed to have to return them.",5.0,Health_Household
"Great for the linen closet, wonderful smell!",5.0,Home_Kitchen
As advertised. Tastes good. Dissolves completely.<br /><br />Better than expected.,5.0,Health_Household
"I've tried a couple different brands of dry shampoo & it doesn't compare! I always get this brand, its worth it! No residue or gross feeling, makes your hair smell fresh. I recommend it!",5.0,Beauty_Personal_Care
"I absolutely hated the taste of these. They have a minty kind of flavor. Which would be fine except they don't fully dissolve, and I ended up with a sensation that felt like I had mint jelly stuck in my throat. It also had a minty aftertaste that lasted way too long.<br /><br />Also, I felt absolutely no different after taking these. I was tired just like I always am.",1.0,Health_Household
"Excellent mask.  Washes well, adjustable.  I have five of them.",5.0,Beauty_Personal_Care
"Overall this is a good product. I would buy it again. I see many people saying it’s difficult to figure out how to get the handle inserted and tight. I agree. You will find a cap at the handle base “it snaps off.” It snaps on and then you can reattach it and snap it back on. It took me a minute to figure this out.  Look at the base where you insert the screw part of the handle. Snap of the triangular looking cap at the insert base for the handle. Again, It took me a minute to figure this out, but that’s what you have to do. Snap it off it’s not going to break.  As far as the quality of the push broom - It works in driveways, garages etc. It will adequately push leaves fallen onto your driveway, etc.",4.0,Health_Household
"I used it every day. Right after I cleanse my face, I splash this product on my face with a cotton pad. It removes leftover dirt and makeup.",5.0,Beauty_Personal_Care
Best bubble bath ever. I been looking for a nice size fountain and found this. I love it!!!,5.0,Home_Kitchen
"Best streaming stick out there, it works with my alexa",5.0,Electronics
The scent (lavender vanilla and comfort) is disgusting. I have to light a candle every time I clean the floor with these. I wish there was an unscented (or less scented) version!!,1.0,Health_Household
"I’m pretty picky on protein mixes, so take this with a grain of salt. This has a notable “protein powder” flavor. I even tried turning it into a smoothie with fruit and it still didn’t really help. I managed to finish half and threw out the rest. I don’t anticipate using this again.The container was at least twice as big as needed, and for the price there are plenty of more palatable options on the market.",2.0,Health_Household
I took these once and they worked pretty well for helping me sleep but they taste so absolutely disgusting that I would rather be up for a month straight than have that taste in my mouth ever again. From the second I put them in my mouth I was gagging. I almost spit them out but somehow I choked them down and I said to myself never again will I put myself through that. They taste like the water in the bottom of a garbage bag that has been sitting in the sun for a week. Now granted I have never tasted that water but I assume that it tastes like these.,2.0,Health_Household
"I found the pillows only ok in support, but still ran hot for me.  Just not for me, so I returned.",2.0,Home_Kitchen
Doesn’t taste like even a hint of mocha.,2.0,Health_Household
I use as a pull out tray for canned goods on a lower shelf.,5.0,Home_Kitchen
"Unfortunately it didn't work out for me, couldn't even use for my event.",5.0,Home_Kitchen
"These have a cooler light than I expected, and I can't say enough good about them at this point.",5.0,Home_Kitchen
Only complaint is the cable length,5.0,Cell_Phones
Love it !! It’s well made and I love the bird design.  !,5.0,Home_Kitchen
"Multiple orders to fill my salve orders...never a broken one, reuse all the time.",5.0,Beauty_Personal_Care
"One pair perfect - zero wrinkles - hung right up<br />second pair too soft, wrinkled - would need starched etc - so returned second pair. Luckily, I didnt need them after all so it worked out perfectly.",2.0,Home_Kitchen
"good pads, super comfy not like a diaper.  but I had a leak, might have been user error.  The pad shifted and exposed my underwear and they got soiled.  but after some trial and error I found that they work best if you do not manipulate the pad often.",5.0,Health_Household
I always have to get larger screws for it to stay secure.,5.0,Electronics
Excellent just what they wanted,4.0,Home_Kitchen
Cheap with super thin screen protector,1.0,Cell_Phones
Perfect for what I needed and cute. I'm planning to order more.,5.0,Electronics
"I dashed into the bathroom to try this lip liner as soon as it arrived.  My first mistake was to apply more pressure than was needed.<br />This lip liner isn't like the pencil type liners I've used before.  This is like a soft lipstick.  Glides so nicely around my lips without having to push down hard or to go over the same area over and over again.<br />After doing the outline of my lips, I dabbed a bit onto my lips and spread it with my fingers to fully color my lips.  Looked great!!<br />It wasn't like a wet lipstick.  It was like putting on a nice colored dye on my lips without the use of any type of dye.<br />Love the look of it.  The Erin color isn't too dark where I looked like I penciled a dark ugly line around my lips.  (we've all seen women with that!!)<br />This blended so nicely with the lipstick I used with it.<br />Really like that I don't have to sharpen this liner.  Just twist and use.  As nice and easy as it can be.",5.0,Beauty_Personal_Care
Fits my iPhone perfect and it’s not bulky!,5.0,Cell_Phones
Not easy to install looks like yuck when done do not waste your money,1.0,Cell_Phones
"I have dry eyes and around my eyes, especially in the summer when air conditioners/fans blow on me. I tried this product(in conjunction with eye drops) in hope that some of the dryness is relieved, unfortunately the opposite occurred. The more I used this product the worse my eye area got. The applicator was nice though, didn't need my fingers to apply.",2.0,Beauty_Personal_Care
"Well priced, best form of magnesium.  Easy to swallow larger pills, but not Huge.",5.0,Health_Household
"Especially when laying back upon it, this little pillow can really dig into those aching muscles. I was even sore the next morning! In that position it's so intense I could only tolerate in the thick of my low back, which was exactly where I wanted it. Love that I can bring it into the car with the lighter adaptor.",5.0,Health_Household
Get better memory card with it. It fills up fast.,2.0,Cell_Phones
"after struggling to try to figure out why all of my labels were falling off, I noticed that these aren't real Dymo labels! These things are cheap for a reason! Stay well away. These stickers start to fall off immediately, even on a clean/new surface. Spend the extra and get the genuine Dymo labels! Don't waste your money on these!",1.0,Electronics
No big towel needed for hair! This is a 'must have' accessory!,5.0,Beauty_Personal_Care
Great monitor!  Easy to assemble. I absolutely love it,5.0,Electronics
The color in my picture was a much brighter purple.,1.0,Home_Kitchen
"I have used drip systems many times over the years and find them an excellent way to make sure your plants or garden receive regular scheduled watering at the appropriate times of the day.<br /><br />I plant my garden in a mixture of raised beds and large pots. This allows me great control over the soil composition, drainage, sunlight and watering.<br /><br />When I reviewed this listing it appeared to have all the critical components I needed so I figured it was worth testing.<br /><br />I could tell immediately after opening the box the components are as cheaply made as they possibly can be - and I can confirm this after using this set for the last six weeks.<br /><br />The timer is absolute junk.  The face will not stay on nor will the batteries remain in place.  Due to being stubborn I tried gluing the face to the connection points with an outdoor rated glue and electrical taping the batteries.  While I managed to get those issues resolved it will not keep accurate time whatsoever.  This was the first part to go in the trash. I already had a replacement.<br /><br />All of my raised beds and pots are located close together so running the tubing wasn’t any big deal.  Having done it before I knew the tubing layout that worked best last time.<br /><br />After having everything set up I turned it on and it worked as it should. I never run these systems under high water pressure as I’ve learned from previous experience this leads to the tubes uncoupling.<br /><br />During the second watering of the second day this set was in use I experienced the first tube coming free.  This is not uncommon as the tubes have to be fit really snugly into the fittings. I replaced it and it popped free within 10 min.  So I replaced it and added a zip tie.  It held...  The following day I had 2 more come free. Same routine.<br /><br />Over the last 6 weeks I’ve added zip ties to every coupled location and even with those a few have come free!  The tubing is just cheap and stretches even under minimal pressure.<br /><br />I may trash this entire system before this growing season is over.  Currently I’m still trying to make it work but it’s only because I’m stubborn.<br /><br />This is absolutely not a product I would ever recommend.<br /><br />Thanks for reading my review.  I enjoy writing them as I value reading other’s reviews when I’m making a buying decision.  I regularly update my reviews to reflect any changes I may discover and to include helpful tips you may need if you purchase the product.  I will always make every effort to answer any questions I can as it is my pleasure to help.",1.0,Home_Kitchen
I will never  purchase this product again. It tears to easily.,1.0,Health_Household
So far the best handcream I ever tried,5.0,Beauty_Personal_Care
"This is a wonderful product!  I sleep so much better now, I highly recommend this featherbed topper!!",5.0,Home_Kitchen
"Not enough clearance from edge of phone to really provide protection when dropped. And the rubber is pretty hard, not soft, making it awkward to hold. The color is perfect though, matching the phone exactly.",2.0,Cell_Phones
"These are larger than most of the stones you get in these kits so I love it! They arrived in good shape, not broken up or anything. All look amazing and I love them! Great set!",5.0,Health_Household
My daughter loved this gift!!  She loved the whole package!,5.0,Electronics
"Benadryl is great no matter how it's packaged, so let's just get that straight. Having them in small to go packs is great because I can toss one in my purse or keep one in my medical kit that is in my car and I always have it on hand when I need it without having a huge bottle with me. It's great that you can get these in a nice little portable package so you always have it when you need it.",5.0,Health_Household
Helped out w some problems.. thanx!!,5.0,Electronics
"This works perfectly to cure my daughter's gel polish. At first we were concerned that it wasn't working because our nails were sticky when we were done, but a little googling told us that the nails just needed to be wiped with nail prep and polish wipe at the end, and Voila! Perfectly cured nails!<br />She trimmed our nails and scuffed them with a nail board. Wiped with nail prep, put on base coat, cured. Coat one of polish, then cure. Second coat of polish, then cure. Top coat, then cure. Then wipe with the prep and polish wipe again. So far this isn't strictly a review of the UV light, but thought it might be helpful if someone thought it didn't work (as we were concerned at first).<br />NOW, review of the light itself: it works!<br />Automatic start when you put your hand/foot under the light.<br />We appreciate that it is rechargeable instead of battery operated.<br />It seems sturdy, in fact my daughter thinks it's just as sturdy as at our local nail salon.<br />The bottom plate is removeable for cleaning.<br />The only thing she wishes is that it you could put in your own time instead of preset.<br />I am not sure about the price point because I have not  compared it to a less expensive option. All I know is that we are pleased with this product.",5.0,Beauty_Personal_Care
Love this it feels amazing and makes my shoulders feel so much better!,5.0,Health_Household
"I am noticing no side effects, and I am sensitive to food products even with the casings these supplements come in.  No after taste, even following a burp.  No one items is a silver bullet, and I am using this to supplement my change in diet, and more exercises, overall, feeling it is all working well together.",4.0,Health_Household
Just go to settings. There is no need to download an app.,5.0,Electronics
"Good ACV gummies, this product is great! It really helps with keeping my system in the best working condition. Especially my bowls. As far as curbing cravings not sure it did that for me",5.0,Health_Household
"Beautiful, good quality and my daughter absolutely loves it!",5.0,Beauty_Personal_Care
I wanted to like it but it just didn’t work for me. Too stiff and uncomfortable and my phone didn’t seem to stay put in it. A great idea though and may work for others.,1.0,Cell_Phones
"I finally asked my son why he never used it. He didnt want to hurt my feelings since it was a gift. I found out that this item was already used !! Full of small hairs from where the last owner didnt throughly clean it to make it look like new before it was returned and resold to me.  Maybe it would have been a good purchase for my ""future barber"", I'll never know. Now I'm stuck with it. He wont use it. Yuck! So disgusting.",1.0,Beauty_Personal_Care
It isn't the best smelling stuff I have ever used but it isn't the worst either. But it works. I use it on my toe that has eczema on it and nothing has cleared it up. This stuff has made my toe look pretty normal.,5.0,Health_Household
This is a nice backrest if it fits your need; it isn't fit mine so returned.  I expected it to look like the picture and it didn't.  Wasn't deep enough for me..,2.0,Health_Household
"This Facial Cleansing Brush is not what I thought it was. I am not sure if I like it or not. It does not scrub or rotate it does vibrate. I guess after I have used it for a few weeks I will know for sure.<br /><br />The bag comes with a brush with a top and removable brush. There is also a charging station with a USB cord. Under the start button, it does tell you how to turn it on and how to switch mode. Instructions are not included but would have been helpful to tell what the mode is and why it makes a difference.<br /><br />I will not be recommending this Facial Cleansing Brush to family and friends.",2.0,Beauty_Personal_Care
Tiny bottle. Would've saved more just going to the store,2.0,Health_Household
"I’ve used this product a few times now, and it makes me feel a little nauseated. Not sure if it’s the flavoring or another aspect, but I’m having a hard time making myself continue to use it. I was using the orgain collagen powder, and I realize that I hugely prefer it. The orgain powder doesn’t have any taste when I mix it in a hot drink, and it mixes easily.<br /><br />This brand is more clumpy going in and takes a bit more work to mix, and the vanilla taste is way too strong for me. It also doesn’t seem to sit well after I drink it.",2.0,Health_Household
"I have used pop sockets in the past and this is the worst. It’s a lot smaller than I originally thought it would be it doesn’t fit comfortably on your hand but that issue I can chalk up to being my fault for not looking at the dimensions but it is short which is why it’s uncomfortable to hold my phone with<br />My biggest issue is it broke with it the first hour of having it attached to my phone as shown in the picture I attached, I was just watching YouTube in bed and it smacked me in the face. The only positive I have for the product is as a fan of SpongeBob I do like the image.",1.0,Cell_Phones
The DVD’s fall out very easily and are always crooked.,1.0,Electronics
Highly pigmented and nicely packaged this product is a great value for the money. I can't see buying eyeshadow that has a bunch of colors you don't need. I like the singles and I like the price! Also the pigment is great but not so great that it won't blend easily! I will stick with this brand and stuck up!,5.0,Beauty_Personal_Care
Does not smell like coconut lavender at all!! It literally smells like dog food!!,1.0,Health_Household
Exactly what fake trees need. I always hated the look of the bottom of the tree with just a skirt.<br /><br />This hides that it's not full.,5.0,Home_Kitchen
I had to return this item because it did not fit on my macbook pro. i think it was used previously and it was stretched out.,5.0,Electronics
Best tv I’ve ever had. Great quality for a low price.,5.0,Electronics
Fine. Just a note: never was in a washing machine. We made that mistake once. A tangled mess.,5.0,Health_Household
I wasn’t happy with this purchase at all,1.0,Home_Kitchen
The case yellowed after a very short time. Always wait some time before my review. This is a good reason why.,1.0,Cell_Phones
"Nice blanket, soft and perfect for Halloween .",5.0,Home_Kitchen
"I have a venerable old office chair which I am reluctant to get rid of because it has a cloth seat and back, and also no arms! I hate arms on a work chair; arms are for supervisors who do nothing all day. I want my arms free to move without chair arms in the way. However, it is venerable and I need to look into getting a new pneumatic tube. It also needed more back support, which is why I sent for these.<br /><br />I am reasonably satisfied. The one I have in my car has no straps and is always wandering off; I have it secured on the seat with fishing line. This has a horizontal strap which I can buckle so it does not fall off the seat back. However, the vertical straps ARE TOO SHORT. They would have to be at least fifteen inches longer for me to strap this securely and permanently to the back of my chair and not have to re-adjust it every time I sat down. Why are the vertical straps so short?<br /><br />I may try the second one in my car as it is comfortable enough and will fasten on. However, the horizontal strap may be too short.",5.0,Health_Household
"Someone said these are better than Spenco and I'm a little irritated with them. Let me be more precise... If you have flat arches or Plantar Fasciitis - these insoles are not for you. I highly recommend the Spenco Total Support Max. I've been using them without an issue but saw these and decided to give them a shot. These insoles don't have much arch support and I'm not even sure how I feel about the gel cushion. If you're like me and were curious of the differences, here they are....<br /><br />ARCH SUPPORT*:<br />Sofsole - Semi-rigid, very little support<br />Spenco Total Max - Rigid - a lot of support<br />*This is pointed out in the picture I included with the red line indicating the entire length of the arch support. There's a huge difference. With the Spenco the arch support goes under your foot, as it should. Your arch isn't just the very outside of your foot.<br /><br />HEEL CUP:<br />Sofsole - a little depth, has a little cushion bump - don't think it did anything for me<br />Spenco Total Max - very deep - helps keep your heel moulded when foot is on ground<br /><br />FRONT FOOT BALL SUPPORT:<br />Sofsole - has a nice gel cushion, I like it<br />Spenco Total Max - has foam, not as good<br /><br />HEEL CUSHION:<br />Sofsole - gel, however, it is very firm, didn't like it<br />Spenco Total Max - two different supports, I'm not sure if they're coated foam or what, but they're better than the gel<br /><br />I have two degenerated discs in my back that also sometimes causes nerve pain in my right leg. I haven't had the nerve pain in many months. I started wearing these and my back pain got worse and my nerve pain came back. I am stopping wearing these immediately and returning to my Spenco Total Max.<br /><br />If you don't have arch problems and are looking for just a little support, these may help you? I'm not sure. But if you're like me and need major arch support, stay away.",2.0,Health_Household
These were perfect for what I needed,5.0,Electronics
"I've used this mouthwash twice a day for over a week.  It tastes fine and freshens my breath but I haven't really noticed any ""whitening"" occurring.  Maybe it just takes a lot longer, but whatever, I just want mouthwash to kill bacteria germs that cause disease and bad breath and this mouthwash seems to work fine for that.",4.0,Health_Household
To add protein and flavor to my smoothie.  Excellent product!,5.0,Health_Household
Strong chemical smell that fills the room. Not very durable,2.0,Health_Household
"I can feel and see a difference just as soon as I put the product on my face. My face feels smoother and I see diminished wrinkles. I am a 61 year old grandmother and do not have very many wrinkles on my face. I am using the Strivectin for neck tightening too. After application, you can apply your normal daily lotions and serums. In time, the product says it will contour my face. I have no idea if that will actually happen. Just seeing less wrinkles and ones that are not as deep, I am sold. I will be using this day and night.",5.0,Beauty_Personal_Care
I’m very disappointed. I was looking forward to this banana tree but it arrived rutted hope to get my refund,1.0,Home_Kitchen
Best price I've found for what I need.,5.0,Health_Household
"First of all, one of the product images in the description photo shows this is Made in Mexico, but when mine arrived it says Made in China, so I’m not happy about that…not happy at all. I hope this gets corrected so consumers can have accurate information. I pay close attention to where my beauty products are made.<br /><br />Secondly, the blush is just ok. It’s very pretty in the pan with the wavy look with all of the color tones. It’s a little hard to get a precise swipe of just one single color, but it’s doable if you really try. It’s best applied with a good swirl of your brush into all of the colors. It gives a light flush and is fool-proof to use. If you like an ultra pigmented blush, this one isn’t the best choice.<br /><br />Overall, this blush isn’t that great, especially for the price, but it’s fine for something simple and basic. I used to really like Physican’s Formula back in the day, but the products haven’t been my thing lately.<br />I don't recommend this blush overall.",2.0,Beauty_Personal_Care
"To be honest, I'm not sure if this product is worth it.  This shampoo-in stuff is supposed to help extend the life of color.  I tend to have more problems with hair growth and obvious roots, but my color certainly fades some too, so I was hoping this could help restore some life.  I used in the shower as directed, and I'm not sure that I'm really getting much for results.  I think maybe I see some brightening, but it's hard to tell.  In other words, there may be some slight results, but if so, they're so subtle that it's hard for me to say for certain.  Given the subtlety, I can't say with honesty that it's worth the money.  I was somewhat confused as to whether I was properly a cool blonde or a warm blonde (I tried both) and I can say that the results are subtle enough that it doesn't much matter if you choose one or the other.",2.0,Beauty_Personal_Care
Great product!! I Dropped the phone a few times and the screen protector did its job!!,2.0,Cell_Phones
Absolutely love this case!  It's so cute on my Kindle.,5.0,Electronics
hair breaks off in this ridiculous thing. do not buy!!!!! Instead spend your money on a good quality wide tooth comb.,1.0,Beauty_Personal_Care
"Super disappointed to have this on my lap because I work from home by a drafty window. I’m disabled and unable to generate heat on my legs. I thought this would be the solution. For a couple of weeks it was heaven. Then, it stopped heating at all and only gave the warmth of a throw blanket that I can get on sale for a quarter of the price.",1.0,Home_Kitchen
"You can use this highlighter cream on your eyes, your cheeks, your lips or where ever you want to shimmer. You can lessen the color by using less. Build it up by reapplication. I don't care for matte lipsticks - I even have shimmered those up.",5.0,Beauty_Personal_Care
Fits well and works great with my phone and tablet,5.0,Cell_Phones
Fever blister/Cold sore cure!!<br />When you get that lip tingle or if you wake up with a sore that appeared during your sleep.....mega dose with L-lysine and B-complex.....you'll never need the expensive cream for your lips again....REALLY!!!!<br />I mega dose at the first sign and the lip problem disappears.........take regular dose daily with B-complex and you'll keep cold does at bay......,5.0,Health_Household
"I have used many self tanners, and this one falls flat. I applied lotion on my hands/knees/feet but this tanner still got patchy. Definitely buildable but pretty orange on me. I prefer st. Mritz foam which is 1/3 the price. I will not re order this",2.0,Beauty_Personal_Care
"Fantastic buy, lasted a while, and they all smelled great as well!",5.0,Beauty_Personal_Care
Perfect fitting case and it let's me see how beautiful my iphone is!,5.0,Cell_Phones
I didn't like this eyebrow pencil and it's not waterpoof,1.0,Beauty_Personal_Care
Dosent work very well is locked up and can not usa,2.0,Electronics
"The plastic used to make these is very pretty.<br />However, these clips are SO HEAVY, they won't stay in my hair or my daughter's hair. Perhaps if you have super thick or super curly hair, these might work for you. But for us, they slid out of our hair merely turning our heads or walking. So, just know if you have fine hair, don't bother with these clips.",2.0,Beauty_Personal_Care
Returned it kept deleting my games on switch worked good for first day tho,1.0,Electronics
"My only negative comment is that it doesn't hold 128GB.  While I know this, for some reason I always try to use more storage than its capacity (about 119GB).  Still a USB 3.0 is a fast drive,",5.0,Electronics
"My previous review was a mistake. The toothbrush, in fact, operates correctly. I apologise for my mistake. It won't happen again.",4.0,Health_Household
"Have not noticed a difference, but they taste good haha",2.0,Health_Household
This was a waste of my time and money.<br />My roommate bought the original scent from a local store and it worked great that’s why I purchased it and wanted to try a new scent big mistake!  Both have a very faint scent and smelled alike.  Also smelled like a faint scent of the original.  And it did not do what it was supposed to do!!!  Very disappointed don’t buy it!!!,1.0,Health_Household
"remote was left at my door, not downstairs. thank you",5.0,Electronics
"This product has all the buzz words that hit a nerve with people who are struggling with weight loss.<br />It does indeed contain many of the herbal components known to assist metabolism, energy, and weight reduction.<br />For me personally, I didn't care for the hyper feeling it gave me, and therefore stopped taking it.<br />Each person is different, so perhaps it would work well for you, but it's a no-go for me. Besides, I really missed my morning coffee.",4.0,Health_Household
"I work in a sterile setting that makes my sinuses hurt. With regular use of this medicine, my congestion and discomfort have significantly decreased. I'd estimate that at least 80% of the harmful impacts have been lessened.",5.0,Health_Household
I love it!  Works great!  Quick shipping!  Just as described.,5.0,Health_Household
An excellent player. It even makes my old DVDs seem like new.,5.0,Electronics
No issues. Took me about 10 mins to figure out the set up & I am terrible with things like this.,5.0,Electronics
"The product gave me a headache for a day.  I stopped taking it and the headache was gone.  I need to cancel my standing order due to this.  It says cancelling the standing order is fairly simple, but I see no way to a cancel it.  So please take this as my request to cancel it and DO NOT send anymore.<br />Thank you,<br />Paula Hunt",5.0,Health_Household
"What can you say, It gets the job done. No issues",5.0,Health_Household
"This mousse seemed great.<br />The smell was nice, it was lightweight, it dispensed easy.<br />But then after it dried- it left dried flakes on my daughter’s curly hair.<br />The mousse did help with frizz, but it’s not ok to be walking around looking like you have dandruff because of a hair product you used.<br />I didn’t even use that much in her hair.<br />I’m disappointed in this mousse.<br /><br />**If you found this review helpful, please click the ‘Helpful’ button below.",2.0,Beauty_Personal_Care
"I had a lot of trouble getting my firetv box to recognize it. I have no idea why, but after very many many attempts and restarts it worked.",4.0,Electronics
"Not having bad symptoms right now, I decided to try this, as sometimes I do overdo with crafts, etc.  First off, I found the instructions a bit confusing, but finally figured out how to put the day brace on my right hand. It is somewhat awkward to get all the straps and Velcro on the right hand, but finally managed. It fit ok, and even though it covered most of my fingers, I was able to use it for a while. I found that I could not hold a pencil or pen, and use either while wearing the brace.  The brace seemed to be fairly well thought out, but again, I had trouble getting it on and off. I wash my hands a lot, and had to remove the brace to do so, and so, finally, I just abandoned the use of the brace. Maybe for someone with more severe symptoms it would be a help, but I really could not keep it on my hand.  Did not try the night brace.",3.0,Health_Household
I didn’t receive the screws for the stand .,1.0,Electronics
"This Birch Juice moisturizing pads hydrates without feeling sticky on the skin.  It leaves the skin feeling hydrated and soft.  I have combination sensitive skin and this did not cause any redness, irritation or sensitivity.",5.0,Beauty_Personal_Care
They are very cute and looks attractive. My kids friend is allergic to paint smells so I could not use it for my kids birthday party.,2.0,Electronics
This probably will fit only small hands,1.0,Electronics
I love Pink Stuff. Best product ever!!,5.0,Health_Household
We used this device to charge all our device before hurricane Ian it was life saver!  Not sure how we did it without it!,5.0,Cell_Phones
"Adorable old fashion toaster. (Another to me, from me) Christmas present. I wanted something fun and cute for my pretty BLack and White kitchen. The toast was perfect! I was also able to warm toaster pop tarts without burning them. Love the toasting controls.  Love this!",5.0,Home_Kitchen
Perfect for my xlarge table.  Soft as well as durable.,5.0,Beauty_Personal_Care
Excellent product for the price and easily customized to fit my needs.,5.0,Beauty_Personal_Care
"I wanted this to work but it didn't. It didn't make any noise as it was quiet, but it sure increased the warmth of our bed. I don't normally want a cold bed, but I sure don't want a heater. Sent it back.",2.0,Home_Kitchen
"My only complaint is the cords crap out and stop working after a month of use, I will not buy or recommend this product",5.0,Electronics
It’s incredibly thin! I was surprised! I’ve bought this in our grocery store not thin at all!,2.0,Health_Household
"These I DEW CARE Tweeze The Day are the same as my last pair of tweezers. I use tweezers more for removing splinters and picking up small beads than for plucking. They are not made for what I use them for but for plucking, I guess they are okay.<br /><br />These tweezers are a little longer than one pair of my tweezers and tweeze hair good. They would not be multifunctional as far as I can tell. The ""precision"" slant is a little wide to do much more than tweeze hair.<br /><br />I will not be recommending these I DEW CARE Tweeze The Day to family and friends.",2.0,Beauty_Personal_Care
"It works as described.<br />The idea of rotary knobs and a lock/unlock switch on the top was nice - it would let you change the settings without having to look at the controls.<br />But it didn't quite work.<br />It still has a confusing interface, and you still need to look at it.<br />Annoying that when you change modes it resets the other settings so you can't just switch back,",4.0,Health_Household
"I use this charger/mount everyday. I do gig work and having my phone mounted on my vent makes navigation and just seeing it so much easier. The charger works, but it heats up a bit and is slower than a cord. When I want to charge my phone I usually use a cord/cigarette lighter charger. It's just as easy. I also plug in the charger sometimes and use it. This is perfect for what I needed. The phone almost always stays on, and it's super convenient.",5.0,Cell_Phones
Excelent!! Shipped on time!!! I LOVE IT!!!,5.0,Cell_Phones
"There is nothing hydrating about this. It is dry, pasty and resembles clown makeup. Not smooth. Tastes gross. Don't bother.",1.0,Beauty_Personal_Care
Honestly best wax! This have save me soo much thought my journey with braces! ❤️❤️,5.0,Health_Household
I didn't realize this was so tall! My dogs have difficulty jumping on the bed. But that’s my problem. It’s very sturdy. Ended up buying my mom and grandmother one for their beds. They don’t have dogs,5.0,Home_Kitchen
No home should be without this.,5.0,Health_Household
I love this toothpaste. I loved this deal.,5.0,Health_Household
Fast delivery! I LOVE THIS THING!!,5.0,Health_Household
"Lovely smell!  I use this Cielune Oil first thing in the morning & before I go to bed. I have allergies & instead of my nose running all the time, I am stopped up all of the time. So I have become a mouth breather!  Of course with my nose always stuffy, I have sinus congestion. It's a vicious cycle! This Breathe blend really helps with the headaches! I have also used it in my diffuser with great success, & in my bath water. I am going to check out Cielune's other oils & blends. I did receive this oil at a reduced cost for an honest opinion. I will be back for more!! Thank You!!",5.0,Health_Household
Not durable. Broke the first week,1.0,Cell_Phones
"This TRESemmé Hair Mist Texture Mist works great for my very fine thin fragile, and somewhat curly hair. This spray mist is a bit sticky, but I guess that's what gives it its grippiness.<br />Whenever I go out, I always wear wigs, but at home I sport the little bit of hair I have, as it's just more comfortable. This works as a double duty product. It provides a bit of texture and volume to my natural hair, making it look like I have more than I do.<br />It also gives it more grip for keeping my wigs in place. I'm unable to wear a wig cap, only wig grips. This gives them something more to hold on to than just my wimpy looking hair. When I remove my wigs, I can just spray with water, scrunch, and let my hair dry to revive it.<br />This is not the type of spray or mist that you can easily spray onto your hair, as it actually doesn't create a mist. I just spray it into my hands, rub them together, and apply it throughout.<br />Even though it is not technically a mist, I still like this texture, volume, and grip it provides to my natural hair, and would absolutely recommend it!",4.0,Beauty_Personal_Care
Unclogged my sink the first day! I needed three applications over the course of an afternoon/evening. Super easy to use and no scent! I am so grateful I found this product!,5.0,Health_Household
"Who doesn’t love food on the grill? If you’re thinking about this product, then this question obviously applies.<br /><br />Some of us don’t have room to grill; namely those who live in apartments, townhomes, or condos. This is perfect for those areas.<br /><br />To be honest, when it arrived – the box was damage. I decided to try it out. And, it is HUGE for my limited counter space.<br /><br />Did it work?<br /><br />Not that well. For me, it was awkward and clunky. It was also flimsy.<br /><br />For the price? Not a good deal at all.",2.0,Home_Kitchen
Best eye drops I have ever used,5.0,Health_Household
They’re batteries and they work so…no complaints!,5.0,Health_Household
"This thing is amazing. The sound quality is incredible for such a tiny device. I’m buying one for my mom and my son for Christmas. I want to buy one for every room, I love it so much!!!",5.0,Electronics
Found this product T a trift store is amazing,5.0,Beauty_Personal_Care
It fixed my power cord problem. The postage was slightly higher than I thought it should be for as long as it took to get to me.,5.0,Electronics
"Like many hairpieces it isn't the most comfortable and the style can be a bit subjective.  It stays in place, and it feels (because it is) like real hair.  The look is good, but it won't fool anyone who's paying attention.  The biggest issue is that after a month or so, it faded to no longer match my hair.  As it's hair, it can  be died (within reason), but it was a bummer, and sooner or later it will become difficult to keep things in sync.",4.0,Beauty_Personal_Care
"I had two of these phones in the past, one belonged to me and one to my wife. Both ended up dead within a few months. I never had a phone last as little as these and haven't had one since last this little. They were nice enough while they lasted, I really liked the slide out keyboard. But I have heard from phone company representative and obviously from my own experience, and all say that this phone is horrible quality.",1.0,Cell_Phones
But I could see light when I put it on and You feel like batman who can't see . Okay buy not the best product because I still could see out,4.0,Health_Household
Solution is not effective at cleaning lenses...Cloth is not any better than any other MicroFiber Cloth you can buy.<br />Solution looks like a bit of detergent w/ water. Does not really clean...cloth does not work....leaves streaks on my coated lens glasses.<br /><br />Went back to the tried and true drop of dish liquid detergent and a clean napkin to clean glasses...works every time!!!<br /><br />Cannot recommend. Waste of money.,2.0,Health_Household
Excellent product I would buy this again.,5.0,Electronics
"[[VIDEOID:e434d4ad3979f51bd14de50ce4a30bc7]] NOTE - Watch the video to hear all the sounds. Note that my rating on the video is for the unit itself of 3.5 stars. However, my overall rating is 2 stars because the Amazon site says this is rechargeable and it is not.I had it ""charging"" for several hours and when I remove the cable it does not turn on. The one I received is plug in only.<br /><br />-------------<br /><br />This sound machine comes with a total of 28 sounds. It is supposed to be packaged with an A/C adapter per the user manual but that was not in the box. Instead all I received was the unit itself, an owner's pamphlet, and a USB cable.<br /><br />Operation is simple as per my video. I just plugged it into the USB port on my computer and then pressed the light button and the play button to start playing the sounds. There is a button on the back for the timer of 30, 60, and 90 minutes. There are 28 sounds in total but only 27 are listed in the manual. The yawning sound (my least favorite) reminds me of a horror movie and the snoring sound (my favorite) reminds me of a cat's purr. There is also a headphone jack.<br /><br />The ring of light is nice but I cannot figure it out. It seems to cycle through colors but not allow the user to select a desired color.<br /><br />The current price of $19.79 ($21.99 minus 10%) is a lot cheaper than what machines like this go for. As for the unit itself, I rate this 3.5 stars. However, if I account for the fact that I did not receive what is advertised, I actually rated it 2 stars due to the missing A/C adapter, it not being battery operated per the Amazon site, and the awkward design of having to cycle through all the sounds. I do like the space-ship like look of this unit. The  unit is okay but is not my favorite. They also need to put more effort into the instruction pamphlet.",2.0,Health_Household
"Please be aware that this product is NOT on the FDA's list of disinfectants to use against the coronavirus (aka SARS-CoV-2).<br /><br />I came very close to buying this, but decided I'd better check whether this product would be effective against coronavirus. I'm so glad I did because I discovered that it's not on the FDA's disinfectant list.<br /><br />Although the item description did not list the EPA registration number, I was able to find it on one of the customer photos. This product's FDA registration number is: 46781-8-954. Then I searched the FDA list for 46781-8 and discovered it was not on the list. This means it does not contain ingredients that work against coronavirus.<br /><br />I hope other people didn't buy this and expect it to protect them from the virus, only to discover the hard way that it won't. That mistake can be deadly for some people.<br /><br />To see the extensive FDA list, google ""Disinfectants for Use Against SARS-CoV-2"". The top result should be the EPA's list: epa.gov/pesticide-registration/list-n-disinfectants-use-against-sars-cov-2",1.0,Health_Household
Very excellent item ... I recommended to buy it.,5.0,Electronics
"Great set, I am always a nerd for Neewer products when it comes to my DSLR, so I had high expectations for this kit, and they delivered once again. Would recommend!",5.0,Electronics
"For me, the cord could have been longer especially since I tend to have to plug it up to finish what I'm doing. Bad I know but y'all ask.",4.0,Electronics
Wasn’t very good quality so got a new one!!,1.0,Cell_Phones
"I am a makeup artist.  One thing I try to do is explore options for various skin types so I can recommend to people what might work best for them.<br /><br />HOW THIS COMES<br />This comes in a tube with a screw on lid.<br /><br />TEXTURE<br />Honestly, this feels more like a primer than a cream.  It is like a silicone primer that coats the skin making it smoother for makeup application than a lotion that sinks into the skin.<br /><br />VITAMIN C?<br />I didn't see or feel any performance from vitamin C.  Usually there is a glow to my skin after using a product containing it, and this left me with pretty much nothing but well coated skin.<br /><br />THE BOTTOM LINE<br />This cream/lotion is good perhaps as a primer before face makeup, but not much else in my experience.  I just was not that impressed.<br /><br />MY RATING<br />TWO STARS.  You can use it for a primer, but there are others out there specifically for that purpose which will work better.",2.0,Beauty_Personal_Care
"This tray is perfect for my coffee table, great quality....love it!",5.0,Home_Kitchen
"I tried this the first time and I didn't saturate enough product in my hair because I do have longer hair. To be clear I'm Caucasian and have dry scalp which causes flakes and I have a good shampoo to control it but it dries it out so I wanted to find a good deep conditioner to use every couple of weeks.  Using it that first time it didn't do anything. No softness and it felt dried out.  So, I gave it a few days and tried again saturating my hair more this time.  Y'all I lost hair like a clump of it in my hands after combining it through in the shower. Then rinsing more hair came out. I was freaking out. Good thing about it is it doesn't take long to rinse like other conditioner but maybe that's why it's not good.  I brushed my hair and again a lot more came out.  Day after my hair feels patched.  It's drying out my hair worse than my dandruff shampoo!  The smell was awful but I was willing to deal if it worked.  This doesn't work and I'd skip it for real.  With all the bad reviews I'm surprised they just don't pull this off the shelves. I guess they figure on duping people like me.  If it works for you great but obviously the majority who used it...it was badddd.",1.0,Beauty_Personal_Care
"I'm going to be one of the few dissenting opinions on this screen protector.  Here is my little saga with the Armorsuit Shield -<br /><br />When I got my brand new S7 edge I wanted it really protected.  I have never used a screen protector on a phone before - I've also never paid so much for a phone before!!  I had a case and the Armorsuit before I bought the phone!!  I put the screen protector on just after getting the phone all set up and ready to go.<br /><br />The application was really easy.  I love wet application covers (used them for my fitbit)  as they are so much more forgiving than the dry application.  You can really take your time and get good alignment.  This protector is great as far as the size and cut out spaces.  It fits perfectly and leaves the tiniest of margins along the edge to prevent your case from lifting the corners.<br /><br />That's where the love ends.  After several days the screen still looked hazy.  A slight rainbow (the plastic film) was always present on my screen and was particularly annoying when a lot of white was present on the screen (like when reading).  Any tiny bubbles did disappear but it never got clear.<br /><br />After about 2 weeks - YEP- the screen had lifted up and rolled back on itself.  It was a mess!  Lint and crud stuck to it.  I removed the Armorsuit and tried to pick all the crap off, but a good bit remained and the smudges never really came out.  I also noticed that my screen was not as responsive after putting the Armorshield back on again.  I think messing up the adhesive reduced the sensitivity.  It was a real pain - but something I didn't notice when the screen protector was first applied.  I think this was from removing and replacing it.  After a few days I just pulled it off.  As far as this being &#34;reusable&#34;, don't bank on it.  If you take it off for any reason - stuff will stick to the back side and you'll never get it clean again.<br /><br />To save my phone I do want to at least try another protector - but I'll be trying out another brand this time.",2.0,Cell_Phones
The sound is great and they fit well. However after about 10-20 mins on my neck they radiate my neck and make this weird tingling burning sensation on my neck. I had to stop using them. Taking them back,2.0,Electronics
I bought this for my daughter's bedroom for Christmas. It's absolutely perfect.,5.0,Home_Kitchen
Perfect.  Soft and block noise well.,5.0,Health_Household
"Because being around elevated levels of electromagnetic waves creates an elevated need for magnesium, I have found myself trying out more and more magnesium supplements to meet this need as I heal.<br /><br />HOW THESE COME<br />This supplement is a typical size.  It is not difficult to take these.  They go down easily.<br /><br />ANY SIDE EFFECTS?<br />I have not had headaches, stomach upsets, or other problems taking these.<br /><br />WHAT DO THEY DO?<br />I take these prior to bedtime.  They help me relax and help me enter into a deeper sleep than when I do not take them.  They do seem to help me with magnesium deficiencies and I am seeing a difference taking these.  The level of cramps has gone down so far and that is excellent.<br /><br />THE BOTTOM LINE<br />This is a good source of magnesium and seems to be working for me for what I need it for.<br /><br />MY RATING<br />FIVE STARS.  So far, I am seeing results and for that I am glad.  Some magnesium supplements are not helping me with this elevated need for magnesium.  These seem to help and for that reason , I would consider a repurchase.",5.0,Health_Household
"The mounting holes are extremely narrow and long. No screws are included, which makes sense because no screws available on the market will fit and extend from the other side. So, don't get this if you plan to mount it.",1.0,Cell_Phones
"Was always a huge fan of this scent. Have not worn it in years as some people do not care for it.  Thought I had found a perfect product. Great delivery and it does lather up silky smooth, but no scent whatsoever.  I tried having people smell with their eyes closed and noone could smell anything. i thought i had a hint of scent when I first opened it. Won't return because who returns soap once used?",2.0,Beauty_Personal_Care
Absolutely the best drain opener I’ve ever used!!!,5.0,Health_Household
These are different and let me just say different is good. They are excellent nail clippers. I am so happy to find something to trim my nails so easily. I have no trouble at all and it trims them easily and effortlessly each time. I am totally happy with this purchase and have left traditional clippers behind forever.<br />I purchased this product for a reduced price to give an honest and unbiased review.,5.0,Beauty_Personal_Care
I use this to monitor my pharmacy- love it,5.0,Electronics
Withstands the destruction of the angry person I bought it for lol,5.0,Cell_Phones
"The biggest downfall for these dish clothes is they are not absorbent of water. This is quite a problem when you are using them to dry dishes. They seemed to wash up somewhat decent, but the fabric is very cheap. They do not seem like they will last all that long. Although made in a nice color scheme that matches my kitchen I feel like that is the only thing going for it.",2.0,Home_Kitchen
"I suffer from IBS and Celiac and who knows whatever else... I get sick eating certain foods and certain foods cause horrible bloating and gas. This seems to help a lot with foods like pizza or somewhat spicy foods that would often give me bloating and gas! It may just be me but when I take these, I burp up menthol flavor a bit which would seem kind of gross but it's better than the bloating and gas by far and it doesn't last nearly as long! It's weird though, it seems that it stops the bloating and the stuff just gets burped up instead of forming gas and causing bloating. Works really well for me and I will be getting more!!!",5.0,Health_Household
Already cracked after two weeks. I was very careful with my new Apple watch and was disappointed with this screen protector. Luckily it came as a pair. I wouldn't buy it again next time.,2.0,Cell_Phones
"I bought one for my wife, sister and brother. They all seem to work without problems.<br />I don't know fast it charges as we all tend to charge our phones overnight.<br />The oldest has run for about a year without issues.",5.0,Cell_Phones
"I ordered this because my skin gets very irritated during the winter. This moisturizer is light and soothing. It did not cause my face to break out either. This moisturizer is a good choice, especially if you have skin irritated from the cold and low humidity.",5.0,Beauty_Personal_Care
I love it<br />I love windows phones.works perfect,5.0,Cell_Phones
Held my phone. It what I brought it for. I like the belt loop.,2.0,Cell_Phones
"I tried out one earlier. I put one in my mouth, took a sip of water and then swished for a while. I don't think it was for a full two minutes before I spit, though. I will have to work on that. I also use the toothpaste tablets. They are just as easy to use as this was. You do get a peppermint taste but it isn't strong.",4.0,Health_Household
I purchased this thinking that it would be great to hang on my wall in my BoHo master bedroom. Unfortunately when I opened it I realize this was entirely too small and just could not find a place to put it. My fault for not reading the measurements I guess. Not bad for the price. Just not for me.,1.0,Home_Kitchen
"Made me break out.  I find that very strange as I know for a fact, Sisley makes the best creams money can buy.<br />In retrospect, wondering if this was a fake.<br />Will not repurchase anything else from this vendor (Fragrancenet).",2.0,Beauty_Personal_Care
"I wanted to love these, but I find my clothes are pilling which they didn’t do with my previous detergent.",2.0,Health_Household
Works ok but not any better than other cleaning cloths.,4.0,Health_Household
"Used this for my daughter's iPod. It fits perfectly, love it",5.0,Cell_Phones
I absolutely love this cleaner. I’d highly recommend this product!,5.0,Health_Household
"Apple leaf at top comes off easily, regardless of how well installed.",1.0,Cell_Phones
"Couldn't see the ingredients on these when I chose them.  I took a chance and failed.  Would have been better if they were in a carrier oil, of say, MCT or coconut oil.  They contain an emulsifier -> xanthan gum which is not good on your gut biome because it emulsifies the mucosal layer of your gut.  ""Well, it is only a little bit you say"" ... but realize, emulsifiers are in just about everything, they add up, cause intestinal permeability,  and then you are left wondering why you are sick often or have an autoimmune.  So for our family, it would be a pass because of the availability of other like products out there with better ingredients.",2.0,Health_Household
"Worst Logitech product I've ever had.Should have returned it early ,my fault I didn't,problems escalated to failure.Could have been a fluke Always paid for Logitech over unfamiliar brands. Next time maybe not.",1.0,Electronics
"I had an older kindle that just stopping opening.  So, I decided the next step up would do me but I needed a new cover.  This one was colorful and fit perfect!  They come in a million colors Ok, a LOT! and look and feel great!  I'm VERY happy.",5.0,Electronics
"Absolutely love this pop socket! The old stick on one was always in my way, and At different times I wanted it higher or lower then where I actually stuck it at. I also couldn’t wirelessly charge my phone with the pop socket on... then this new pop socket came into my life! Game changer! I like that I can take it on and off, and easily adjust it where I want it. Super easy to use. Expands nicely, without being strenuous. A must buy!",5.0,Cell_Phones
"Very disappointed in this product. The fabric, while cotton, is not luxurious or the least bit sateen feeling. It honestly feels like a super thin, rough cotton shirt fabric. It also gets incredibly  wrinkled when washed and  doesn't seem to be able to be smoothed. So if you are looking for sheets that don't feel the least bit pleasant, then these would be great for you. If you were looking for the cool crisp comfort that you would expect from sateen sheets, then buyer beware.",1.0,Home_Kitchen
"I just don't think I can trust this to hold my phone while I'm doing any kind of activity. I have an Iphone X and when the case is on, it won't fit in this, so I would have to take the case off. It only holds 2 corners slightly in place, so it feels like the phone will fall out. I'm not going to use this and don't recommend it.",2.0,Cell_Phones
"I'm not buy this anymore,it tastes great but when I scooped some out of the bag there was pubic hairs in the bag. So gross,never again.",1.0,Health_Household
Works great even though my screen has a couple of cracks.,5.0,Cell_Phones
How can they make this for such a low price?,5.0,Home_Kitchen
"Low quality, not the same standard as puffs have been for years.",5.0,Beauty_Personal_Care
Not worth purchasing. Very thin like paper,1.0,Home_Kitchen
There is no adhesive that comes with this so you will need to get some. I personally use brush on nail glue.<br /><br />You wait until its tacky than you place the foil on top and pull off. And TA DA!!! FOILED NAILS!!!<br /><br />For the base I used color street and than used the foil to add extra pizzazz.,5.0,Beauty_Personal_Care
Got these because I was tired of my regular headphones slipping off when I would go run.  Haven't had any issues with these.,5.0,Electronics
"You name it and that’s the way my nail did! ‘Get any length and the nails were so soft they’d fold over no mater how much polish I used to try to build them up! While I normally use this as a base coat, in picture attached, I’ e been using it alone for the past week as prior to that I’d either been using very dark colors or ones with lots of glitter so I thought my nails needed a rest!!",5.0,Beauty_Personal_Care
"This moisturizing cream comes in a nice little pump dispenser and is all in all just above average in my eyes. The cream has an herbal kind of scent in my eyes that is not bad. T<br /><br />he cream has a very interesting texture to it, very creamy and it absorbs very quickly into your skin. A little goes a long way so don't use too much of this one, seriously a little pump of it is enough for one side of your face!<br /><br />However it does leave a greasy residue on my skin that I did not care for. That greasy residue does not go away unfortunately which is why I rate this cream the way I do.<br /><br />It is moisturizing and I did not have any reactions to it but I just did not care how my skin felt when I used this. That greasy residue on my skin was just not great.",4.0,Beauty_Personal_Care
This smells amazing!!! I love this scent! The delivery was well packaged. And I will definitely purchase more of this!,5.0,Health_Household
"I love this sleeve!  I originally purchased a leather case, but this sleeve is much lighter!  It's not fuchsia (my favorite color), but purple is close, right? I feel like my Kindle is protected - both during travel and here at home!  The zipper is put in well (I'm a seamstress, I look at things like that!) and it's a bit more ""waterproof"" that the leather cover (but don't get crazy and dunk this sleeve - I'm pretty sure it's not THAT waterproof!).  I also like how I can leave the bottom unzipped just a little and charge it up!  It's padded, but doesn't feel nearly as bulky as the leather cover - and have I mentioned it's lightweight?  All-in-all a good buy!",5.0,Electronics
I thought I would try this and I am very impressed! The smell is amazing and you don't need to keep spraying it! Worth the money!,5.0,Home_Kitchen
Bang for the buck!!! My fiancee loves this. She's very happy and we are very satisfied with the item.,5.0,Beauty_Personal_Care
Broke in two weeks hard to push buttons but they gave me my money back so no complains about the company,1.0,Cell_Phones
Gave me great curls that lasted all day. Would definitely recommend!,5.0,Beauty_Personal_Care
"I've had my original SonicWeb unit since the first summer that WEST NILE was terrorizing the equine industry. I purchased a second one a few years later. Now I cannot find it or its refills anywhere, so apparently it is no longer made. WHAT A SHAME. It has done a wonderful job for us and we have horses, dogs, cats, chickens and have had in the past even cattle here on our place. The area in the half acre around our house has far fewer mosquitoes and flies when using the SonicWeb. I originally bought it because I had read a study done on it by a university in Florida, which showed it to be highly effective. COME BACK SONICWEB!!!!!!!!!!!!!!!!!!!!!!!!!!",5.0,Health_Household
"Wow!!!  That is totally Maggie!!!!  😂. I've never seen that mug before!  Oh my gosh, it is so perfect!  You made my week!  THANK YOU SO MUCH!!!  That was so sweet of you!!!  🐾🐾🐾<br /><br />This is the response of the person I bought the mug for 😊.<br />I loved how secure the packaging was.",5.0,Home_Kitchen
"We already have annoying LED lights on everything. I don't need one more, especially while traveling. I'll place electrical tape over the light.",4.0,Cell_Phones
"Allergies - we all seem to have some these days, don't we?  It seems harder on children, though and half the time is spent fighting them to take medicine they don't want because it tastes bad.  My grandson takes this without complaint and that's one battle we don't have to fight!  I would recommend this if you have a child with allergies.",5.0,Health_Household
"This is my preferred shampoo of all time.  As someone who has chronically oily scalp, this stuff keeps me from having to wash my hair every single day (overwashing is bad for your hair), allowing me to wash it every 48 hours without looking like I dipped my head in a deep fryer.",5.0,Beauty_Personal_Care
"It was too large, thereby, I measured wrong.",5.0,Home_Kitchen
It was a gift and my friend loved it,5.0,Home_Kitchen
Excellent product .  I am finally able to clip my super thick toenails again.,5.0,Beauty_Personal_Care
"Update: Junk! I was so excited when I first received the bags. After some use, forget it. They hold odors from anything you store in them. Not normal. I have to rinse bags out w vinegar to get odors out. They are way too difficult and bulky to add food. The top seal closes and my food falls on floor. I am very disappointed in the quality. Washing these bulky bags is a nightmare. They have to be turned inside out and it's next to impossible to flip them this way. Then vinegar needs to be used on a cloth to wipe down or horrid odors remain from any fruit/vege/or anything else used. I regret helping people by saying they were excellent. However, for other people considering buying, save your money!<br /><br />I took off ONE star because the bags are difficult to load with food. They need to be manufactured to be wider and stay open on top. I made chicken broth and with one hand tried to hold open the bag while spooning huge amounts of chicken into bag from the pot. It turned out to be a frustrating mess. I was tired from cooking and just wanted to get chicken put away. Extra steps were involved, taking longer to spoon small amounts into opening.<br /><br />The positives: was excellent freezing the chicken, held up extremely well, stayed closed, easy to close and well made. I LOVE the bags, started out with medium size but will pay extra for large. Expensive but you are not getting China junk which has to be repurchased three times. It's made by a small business in the USA so your money is supporting both. I hope the company figures out how to widen top for quick loading of either liquid or ingredients. The woman who started the company must have overlooked a few minor details. If they get the details correct, they will jump to TEN STARS!",2.0,Home_Kitchen
This phone can not be connected to Verizon Network even thou it's a Verizon Phone. Wish I would work!!! Took phone to Verizon where they installed the SIM Card needed along with a SD card to get it up and going and after spending over an hour the phone will not pick up Verizon Network.,1.0,Cell_Phones
"You pay for the name with Apple. I prefer my old Fitbit, but this was a gift and what the person wanted.",2.0,Electronics
Very very nice. I can use everything.  Perfect.,5.0,Beauty_Personal_Care
"UPDATE!  I had one of the first reviews for this phone, (maybe the first?) on Amazon and I can no longer recommend this phone for US customers.  No US GSM carrier has sold this phone so Nokia has apparently decided it is not worth supporting in the US.  They have some way of identifying the hardware and the new firmware is not available or downloadable through their software application.  They have not only added features but according to release notes they have added bug fixes.  Great, now I know I have a phone with software bugs that will never be fixed.  My phone is also dropping calls indoors where I have never had problems with previous phones.  I wonder if that is one of the bug fixes.<br /><br />I tried to open a ticket with Nokia customer support, this was my response from May 3rd.<br /><br />Thank you for contacting Nokia.<br /><br />You will be receiving a reply from one of our Customer Care Representatives at the earliest.<br /><br />Have a good day.<br /><br />It's June 9th, haven't heard a thing.  Nice way to treat your customers.<br /><br />I had to replace the phone on my ATT plan ( Nokia Mural ) because the battery life was horrible, it dropped calls, would not receive calls and the menu navigation was awful.<br /><br />I am not interested in a smart phone.  My top priorities are battery life, call quality and ease of use.  I could also care less about a camera in a phone.  I also carry my phone in my pocket so the size and shape of this phone is important.  For the 2 weeks I have owned this phone it has met all of these criteria.  I went 3 days before the first charge and that was after playing with all the phones features like WLAN, bluetooth camera and media player and I still had battery left. The call quality is superb, people talking to me on the other end have also noticed the difference, no dropped callls so far.  The ring volume is EXCELLENT!  The main screen and goto menus are totally customizable so if you don't find this phone easy to use it is your own fault.  The resistive touch makes navigation easy.  The screen is also very clear and the picture quality is excellent. Texting uses the traditional key pad and utilizes the touch feature for special charachters.  This phone is thin and the back is rounded so it carries well in my pocket, sometimes I forget it is there.<br /><br />Now for the extra features.  The camera takes pretty awful pictures but I find that true with most phones.  Flash photography on this thing produces incredibly washed out colors.  I the WLAN feature is great!, the default browser is very poor but it also comes with Opera Mini web browser pre-installed and that works surprisingly well.  This does not surf the web as well as a ""smart"" phone but it is certainly tolerable.  One of my favorite features is the * button can be held down for 3 seconds to turn on the camera flash for a flashlight.  Love it!  So far the software support from Nokia is poor because the phone is so new.  There is no ActiveSync which I think is true for most phone. SUPL location, which uses tower triangulation to find your location, is available but I have not found an app that it works with yet.  The java google maps does not support the touch screen.  It comes with a built in mail app which support gmail.  The is no plugin yet for Apple iSync.  Hopefully there will be better software choices the longer this phone is out.  The music player is relatively good, decent sound and a regular sized headphone jack is awesome.  I also appreciate the ability to charge with both the Nokia barrel charger and micro usb.<br /><br />I own an ipod touch which senses electrical conductivity, this phone differs in that it uses resistive touch which senses pressure.  It is not as sensitive but has the advantage of not exposing a glass surface ( possibly more durable ) and you could still use it with gloves on.  Once you get use to using the touch on this phone it goes smooth.  It seems to work best with your thumb.<br /><br />I would recommend this phone to anyone who likes to use their phone as a phone.",1.0,Cell_Phones
"The little cleaning cloths were fantastic cleaning the screen on my computer!  I was always afraid to clean my screen with anything,  but these little cloths were the answer!  Love then.",5.0,Electronics
"I make my own body scrub, and I really liked how this smelled. But I couldn't use it because it has harden into a solid chunk.",2.0,Beauty_Personal_Care
"I have some serious muscle pain in my back, arms, legs. . . basically everywhere there's muscles, there's pain. Sometimes it gets so uncomfortable I break out my percussion massager and go to town. I honestly only use the slightly padded ball head the others either cause more pain than they relieve or scare me so I won't use them. But a ten minute session can relieve a good deal of discomfort. Just be careful not to over do it. That can cause more pain than it relieves.",4.0,Health_Household
"This is a great idea. Almost everyone does their brows and this makes it easy to get a good line that's not too dark, or too harsh or in a bad place. The problem is it only worked (sort of) the first time. It just doesn't want to put out any color. It's a shame because this could be a real winner.",1.0,Beauty_Personal_Care
It is the most uncomfortable pillow I have ever had. I would not recommend it to anyone.  I bought one for my husband but I plan to send it back.  I left mine on the airplane in hopes some other person might like it.,1.0,Home_Kitchen
"I am not a sound quality expert. I am just a woman that loves to eat so needs to go to the gym everyday. :/<br />So, i need an extra musical motivation for it. These earbuds are REALLY good! The fit is great. They are very confortables and they don’t fall off (that was my fear), the only issue that i got is that when you want to change the song you need to press the earbud and it seems like it is going to go inside your ear... it was weird for a couple of seconds.<br />The sound quality is very alike with my bose ones. But the thing i love the most on these ones is that unlike the bose, these are not huge. So they don’t look weird on your ear.<br />The battery life is great!! Because you charge them with the case. Love it!!! And they are super small. So easy to put on pockets or little purses.<br />Highly recommended!!! These are my new favorites for the gym!! :)",5.0,Electronics
I bought this because the top was advertised as swap-able. It’s not. I’m dissatisfied.,1.0,Cell_Phones
"I was really pleased when I received the flowers, they are exactly like the pictures!! Very good quality, and good price!! I am going to use it for my cousin's baby shower.",5.0,Home_Kitchen
This falls down when you put anything heavier than two mugs on top!!,1.0,Home_Kitchen
"I just moved to a new house and the oven was filthy. So I got this cleaner hoping to clean it. This is the best it could be, if you see the before and after. There’s still major stuff won’t be removed",2.0,Health_Household
"might be a great product, but I will never know.  No instructions on how to install!  Am so mad!  Am sending back!",1.0,Health_Household
worked great for two months than 1 stopped charging completely cheaply made.,2.0,Cell_Phones
Love it.. Really helped my dark spots!,5.0,Beauty_Personal_Care
"The color was deceiving for me, wasn't a good match for my liking.",5.0,Beauty_Personal_Care
use these to shave my face and have zero complaints!,5.0,Beauty_Personal_Care
"This is one product I hope I never have to use, but I'm glad I have it just in case. The bottles came packaged securely with seals intact. These went alongside my bottled water, nonperishable food & first aid kit.",5.0,Health_Household
The glasses were too wide for my face. I returned. Wish they would be made in sizes.,1.0,Health_Household
I love it!! Much much better than expensive cable companies!!!,5.0,Electronics
This was perfect for what I needed it for.,5.0,Home_Kitchen
Going to use them in my smoke detectors.,4.0,Health_Household
"In the past, I got to try a mask from Erno Laszlo. It was wonderful and I loved it. I have sensitive skin, but I figured since I'd had great luck in the past, this set would work great for me, too. It's not the best for my skin, though, unfortunately. It irritated me, leaving my skin with a tingly burn. After only a couple of uses(of face wash and moisturizer), my skin felt odd and stretched when I touched it, somewhat like it was super dry, without the roughness that usually comes with that. I'm in my late 30s, so it might be better for younger skin. It for sure isn't for mine, though. Aside from the product not being a match for me, the packaging is wonderful and it would make a lovely gift for someone that likes it.",2.0,Beauty_Personal_Care
"These are seriously thin - to the point of being see through. I would never subject my guests to these cheap sheets, that's like saying get out of our home as soon as possible. On the positive side, being excessively thin, these are cool on a hot, Texas summer night.<br /><br />I've washed this set once and nothing came apart. We're just using these on the mattress in the sleeper of the big rig truck and not in our home. As truck sheets, if the fall apart, it's not a big deal and throwing the truck sheets away is expected.",2.0,Home_Kitchen
"I loved this product. I worked perfectly in my office and at least a few of my friends bought their own. Unfortunately, it stopped working today. Tried other USB ports for another source of power... Nothing.",2.0,Cell_Phones
"Garnier really knows how to take wonderful care of hair.  I've been using various Garnier products for years and years.  Shampoos, conditioners, leave-in, wave/curl sprays.  I have tried two other Garnier Whole Blends Sulfate Free shampoo + conditioner:  honey, coconut.  Love them. So I was beyond excited to give Hibiscus + Shea a try. Once again, Garnier delivers yet another fabulous shampoo + conditioner!<br /><br />Hibiscus + Shea focuses on curls.  I wash my hair daily. I RARELY skip using conditioner. The consistency of this shampoo is silky and creamy.  I love it.  An amount roughly the size of a nickel is sufficient for my shoulder length, thick hair.  It is so easy to work through my hair and it lathers immediately.  As I rinsed it and ran my fingers through my hair I could already feel how soft, silky and tangle free my hair was.  I decided to skip the conditioner; the shampoo had worked SO well I wanted to see how my hair looked using shampoo only. (Again, I stress that I VERY rarely skip conditioner, so this was practically unheard of for me )  After towel drying my hair, I combed it and let it air dry as I always do.  In the end, my natural curls and waves looked great; they were soft and smooth and free of the usual flyaways.  There was  a bit of a decrease in how wavy/curly my hair normally is but I was still impressed with the result and didn't regret skipping the conditioner.  The following night, I used both the shampoo + conditioner. The consistency of the conditioner is far thicker than the shampoo.  After having it sit on my hair for about 5 minutes, I rinsed the conditioner and did so without issue. As with the shampoo, I could feel how soft and tangle free my hair was during the rinse.  Again, I towel dried my hair and then allowed it to air dry. When dry, my waves and curls were fantastic. No flyaways.  Soft, shiny and a bit of a bounce.  And my hair smelled GREAT!  There is a scent to both the conditioner and shampoo though its very light.  But  its not long lasting, unfortunately. (IDK if its just me but my hair rarely holds a shampoo/conditioner scent for long)<br /><br />Though I havent' tried it, I want to mention this conditioner can be used as a leave in.<br /><br />I'm not the least bit surprised how well this duo worked in my hair.  Garnier knows what they're doing when it comes to hair care. I'm more than satisfied with the results this combo delivered and absolutely recommend it to those with curly/wavy hair.<br /><br />*FYI...this product comes with a sample of Garnier's Miracle Nectar Honey leave in.  I've been using this leave in on and off since last year and it works beautifully!",5.0,Beauty_Personal_Care
"With only one controller, we were always to the point where the kids lost the controller and we couldn't do anything to turn it off even!!!",5.0,Electronics
"I ordered this 'Efflemour Beard Hair Straightener Brush Heat Comb' for my beard that gets pretty unruly some mornings. I have been seeing a lot of advertising on these beard brushes that range widely in price and with varied comments and consumer results. I gave this one a shot, and I have to say that for me and my medium to long beard, it works ""ok"". I do have a  crazy cowlick just under my chin that tends to take a while to straighten, and personally I feel that just a quick wash with hot water does a better job at straightening it out than this straightener. With that said, if I am in a hurry to get it done and get out of the house, this straightener heats up pretty quick and on the second heat setting does a pretty good job and does the trick. I just worry that if I were to use it on a regular basis, that it would not be good for my beard but what do I know haha.<br /><br />Overall I think that my wife and daughters will get more use out of this to straighten their hair than I will to straighten my beard but it is a nice quality device and does the job it was designed to do and a nice value.",4.0,Beauty_Personal_Care
"This is a very stylish looking toothbrush not only in terms of the product design itself, but also the box. Very nicely done, and it makes a real impression.  The brush has a nice feel to it, and the matte finish not only helps hide the water marks and flecks of toothpaste, but also provides for a good, secure grip. There is a single control button that is used to select the various modes.<br /><br />However, while the brush looks and feels great, I'm not nearly as happy with the performance. Even at the slowest speed it's provides a rather aggressive brushing action. This could be due to the brush head itself, which has medium-dense bristles, or it could be due to the actual brushing action. I could not narrow it down since this comes with only one brush head and the heads are not compatible with the Sonicare heads.<br /><br />That latter issue is of significant concern since brush heads need to be replaced every few months. It only comes with one and I can't clearly determine what type of replacement heads I need to get from the listing.  I also don't care for the fact that it uses a USB cable for recharging. I'd rather have a charge stand that I could put it in for storage and recharging.<br /><br />While the look and feel is great, the performance, proprietary heads that are hard to find, and the charger all put this below average compared with other options that are available from brands such as Sonicare or Oral B. Not a brush I would recommend getting.",2.0,Health_Household
"Biotin supplements deliver a direct solution to troubled skin and nails. There's no question about it.<br /><br />This is a biotin-rich, high-quality source. As advertised.",5.0,Health_Household
Consider each of these a single use - if at all. The elastic is loose and only gets looser. The quality is awful. It sounds so great but invest in their better products.,1.0,Beauty_Personal_Care
Gave it a good try - hardly any scent,1.0,Beauty_Personal_Care
"I’ve had a really cheap version of these and the box sat right on my sinuses and the ear phones hurt, because I’m a side sleeper. With these both of those problems have been resolved. The only issue is this slides off my head by the time I wake up.",4.0,Electronics
Delightful. Above typical sturdiness. I like.<br /><br />As pictured.,5.0,Health_Household
Amazing quality and value. I love them. Thank you so much.,5.0,Beauty_Personal_Care
"Just thru mine in the garbage--otherwise, if I lived in the country it would have made a great and deserving target. If you are concerned about the lid, as was apparently the primary concern of the designer (s), then this is the one for you!  I actually believe a con opener should be focused on presenting/accessing the contents of the can,... kinda why I buy food. If you want to experience can content everywhere, as you try to wrestle away the lid, extricate the can from the opener, then this is not the can opener for you! For me, I'll settle for the land fill solution through if it weren't a danger to my tires, I would have gladly run over it. I'm sorry I bought this thing which to me has been over a month's use nothing short of a ill designed POS--try again China!",1.0,Home_Kitchen
"I purchased this case when I got my new Flip4.  I wasn't thrilled with the price.  I've had it on my phone about two days and I keep dropping my phone because this case is extremely slippery.  Not happy with it.  I like that it doesn't cover the actual purple phone, but it is bulky and slippery.  I cannot recommend.  I tried the ""flip"" and dropped it. I did read that it is recommended to keep it closed because if it is dropped and lands on the screen it will probably break even with the preinstalled screen protector.  I love my Flip 4 this case not so much.",2.0,Cell_Phones
"I like Aleve. I prefer it over other pain relievers. And since I get mostly pain in my back and muscles, this is like it was made just for me. Got to say I am doubly pleased with this item and I recommend it over acetaminophen any time. Acetaminophen is hard on your liver and too many over time will damage your liver. I feel like I am doing less damage to my body with this over the counter pain reliever.",5.0,Health_Household
"I haven't use this yet, but it feels cheap and I am afraid that it will rip easily.  I bought this because I like the idea of flat packing.  But the side pockets do not look like the will hold much and they are very stiff.... fingers crossed that once I use it, I will change my mind",2.0,Beauty_Personal_Care
"GREATING FITTING, GREAT ON MY FEET.",5.0,Health_Household
I’m afraid to use it on my face cuz it had a strong chemical smell when I opened it. I put some on the back of my left hand and in a few minutes asked someone tell me which hand looks better. The one without it.,1.0,Beauty_Personal_Care
The main thing I can't stand about this phone is I can't zoom on most things I look at. I'm on Facebook and want to zoom in on something and can't. I can't zoom in on anything. On a website shopping and try to zoom to read something better and you can't. Hate this phone for that reason!!! My Sony and Samsung I could.,2.0,Cell_Phones
Do not Buy. Waste of money. Started shedding immediately but love the color.,2.0,Beauty_Personal_Care
"Super cute, and they match my kitchen.",5.0,Home_Kitchen
"Simple, work as expected, suspended mic reduce unwanted sounds, USC C is a plus",5.0,Electronics
"I got this for my best friend who is a DoorDash delivery person. Her old one was big and bulky and broken, glued back together! I ride with her a lot just so we can see each other! That piece of junk was driving me crazy! So I bought this one! Very streamlined, modern futuristic look and works fantastic! Very happy with this purchase!",5.0,Cell_Phones
I absolutely love the smell of this bergamot oil.,5.0,Health_Household
"Has a little of everything to get you started with action cameras.  What ever your need is, this kit has you covered and a low price.",5.0,Electronics
This product is lovely but the elastic disintegrated in one month and five days.,1.0,Cell_Phones
GREAT!!!! BEST PRODUCT EVER NO PROBLEMS WOULD BUY AGAIN AND AGAIN. LOOK NO FURTHER!!!,5.0,Electronics
Perfect for my granddaughter! She loves it!,5.0,Electronics
"When I was a child I had earaches on occasion.  Actually, I had them more often that I probably should have.  We had an above-ground pool that I spent hours in during the summer and I believe I developed swimmer's ear from it.  My mother did not believe in taking children to the doctor for every complaint and when I told her my ear hurt when I swallowed, she would warm up a small amount of sweet almond oil and drop it in my ear, then take a piece of a cotton ball, stuff that in my ear and tell me to keep my head tilted for a little while so the warm oil had time to work.  Believe it or not, that old-fashioned remedy worked at least for me and my painful ear.  So, I don't suffer them much any more, but I still DO get earaches, I took a small amount of the oil in small glass jar and set it in very warm water to warm the oil, then used an eyedropper to drop some of the oil in my ear.  Just like my mother did, I took a piece of cotton ball and plugged my ear, keeping my head tilted until I felt it move a bit deeper in the ear canal.  You know, it felt the same as when I was a kid!  So, for me, sweet almond oil is my earache remedy and I love it.",5.0,Health_Household
"Some reviews said used. Mine were Apple, new, original packaging, etc. Perfect!",5.0,Electronics
"This wand is the BOMB!!!!!!! It's easy to use and your curls stay in all day. Be carful if it's your first time using it because it gets very hot and if you don't know what your doing,can burn your fingers, it comes with a glove but i don't use it.  Love it, will never use a regular curling iron again.",5.0,Beauty_Personal_Care
"JURY STILL OUT, BUT IT SEEMS TO HAVE HELPED WITH CONSTANT STOMACH ACHES",4.0,Health_Household
"This has to be my wife’s favorite advent calendar ever! Christmas is over, but it is perfect during the holiday season. It includes so many spa goodies! You get bubble bath, shower gels, a bath bomb, candles, body scrubs, lotions, and a keychain. The bottle sizes are perfect for travel and they smell oh so good!",5.0,Beauty_Personal_Care
"Holding my pony tail together well, and no hair pulled yet.",5.0,Home_Kitchen
My Granddaughter’s child Fire tablet.,5.0,Electronics
"Not my favorite scent, but works well for hydration!",5.0,Beauty_Personal_Care
The only thing I liked personally about this product was the smell. This product left my hair flaky with a white ashy type film on my edges.,2.0,Beauty_Personal_Care
I love it durable feel.  It is perfect!,5.0,Cell_Phones
"I am currently using the Sea Minerals hand soap in my kitchen and love the soft sent !!!  I'm used other OM SHE products (basil, grapefruit, peppermint combination) which is a shower gel.  I highly recommend this line.",5.0,Beauty_Personal_Care
"I have used these bags before purchased from Rural King. I have stored wood chips for the smoker in them. I will say that what happens with this type of bag if exposed to continual sun and temperature change is that it gets brittle and tears. So if you are planning to use them for actual sand bags, I would store them after use out of the sun. Otherwise you are going to have a huge mess.",4.0,Electronics
These sheets have so many great reviews but I have washed mine several times and they are still very scratchy and they wrinkle very easily. I can’t recommend these.,1.0,Home_Kitchen
Like gel better cream does not feel as good,2.0,Health_Household
It smells old. Like its been sitting around for a while,1.0,Beauty_Personal_Care
Excellent tablet. I get everything I want with no trouble.,5.0,Electronics
I keep these little throw rugs in front of each door and in front of the dog water bowls. The designs don't matter at all to me since these are just to catch dirt from dog paws and water dribbles. This one is just what we needed. It's thin and the right size for entry rugs in inclement weather. I've tossed this rug in our laundry and had no problems.. I washed it on normal in cold water and dried it on the low heat gentle cycle and none of the backing shows any damage.,5.0,Home_Kitchen
I put some drops on the water and it is excellent....,5.0,Health_Household
"I can always use a whisk. As I increase my cooking skills, I am tackling more recipes with sauces. A whisk is essential for mixing and blending. This whisk is sturdy but not heavy. It is a great addition to my kitchen tools.",5.0,Home_Kitchen
Yet soft enough to use as a tissue in an emergency!,5.0,Health_Household
I thought this is what my husband uses on his teeth before brushing!<br /> My husband uses another brand which is not as thick as this is.<br />This Den Tek is too thick for my husbands teeth.<br /><br />If you have wider spaces in-between your teeth you will like this.,2.0,Health_Household
"If you have ever had a hemorrhoid, then you know how painful and itchy they can be. Preparation H has been a leader in providing relief for those afflicted. (Of course, some people have used Preparation H to reduce their wrinkles). When you have a hemorrhoid, you want relief from pain and itching immediately, not three days later. The magic ingredient that relieves pain, burning and itching and discomfort is pramoxine. This tube has the maximum amount found over the counter.",5.0,Health_Household
"These sheets are nice and soft. Arrived perfect.<br /><br />But.  The first time I went to wash them I found a ton of little fabric pills on the mattress and all over the underside of the sheet.  See pic. It was so weird, I've never seen that happen. Also, there are a couple places where the fabric looks like it was snagged - like a cat was working it over. But I have no cat.<br />Strange sheets.",1.0,Home_Kitchen
Charges the phone in half the time compared to a older wired charger,5.0,Cell_Phones
"It has extra outlets and charging ports. I’m re-doing my apartment post-fire and I have at least one in every room! Bought one for my sister after she stopped scolding me for buying it for her, she plugged it in and lived it! Organized all her wires and chargers.",5.0,Electronics
Does not look cheap. Excellent quality.,5.0,Cell_Phones
I absolutely hated this product. The sound was always off by a few seconds and it kept disconnecting every few minutes. I could hear the things around me and the noise cancellation was awful. the sound quality was grainy and glitched out sometimes. But the earphones were comfortable to wear and fit my ears nicely.,2.0,Electronics
"These broke not long after I got them, so... Not happy.",3.0,Electronics
"I have short, thin, straight hair that I have been trying to give some style and lift.  This, after adding mousse, really works well in giving me shape and lift.  Easy to use, and clean.  My daughter tried it as a hair straightener, and gave it raves.  Comes with a couple of hairclips, a headband, and glove - with a nice drawstring bag to contain them!  Amazing the waves I'm getting!  I love this!",5.0,Beauty_Personal_Care
"My piercer suggested I buy a neck pillow to rest my head while my new ear piercings healed. Not only does it prevent discomfort, it also prevents your new piercings from shifting or delaying healing time.",5.0,Home_Kitchen
"Amazon prime delivery, what's not to love?",5.0,Health_Household
"Wonderful, exactly as I anticipated.",5.0,Home_Kitchen
The best case I've bought so far. Very lightweight.,5.0,Electronics
disappointed the fragrance was minimal. Not a lot of lather.,4.0,Beauty_Personal_Care
These privacy screen protectors are amazing! So easy to install; they go on smoothly and no bubbles! I never understood the hype until I got tired of people lurking around corners and eyeing my phone. This prevents them from seeing what you've got going on! From just about any angle all they're going to see is black. Perfect! You can easily see what you're doing on your phone and it's just as touch sensitive with it on as it is without it. Protects your screen from damage and lurkers! The price point is pretty spectacular for that kind of protection! I found I don't have any fingerprint smudges with these too. They line up perfectly on your phone as they should and are a definite must have imo. Highly recommend!!,5.0,Cell_Phones
Good product have had it for some time and have not issues,1.0,Cell_Phones
"Okay, two nights on a new mattress may not constitute enough time for a credible review, but I'm bursting to let somebody know how so much is different for the better, sleeping on this mattress.  For ten years, I've been???? sleeping on a pillow-top very soft Serta by myself - and I developed the bad habit of sleeping on one side of the bed.  Over the years, my soft cocoon became a trough that I fell into every night.  I slept with a memory foam pillow, which put my neck at a really weird angle, and I wondered why I had constant neck pain and limited function.<br /><br />Along came the Leesa, and, frankly, after years of sleeping in a soft cocoon, I wasn't sure I could tolerate the firmness of this mattress.  Well, the first night, I was amazed at how my head didn't feel uphill from my sleeping level.  With my memory foam pillow, and any position I choose on this bed, I feel perfectly aligned - a brand new feeling for me. I also noticed that I was sleeping in the middle of the bed for the first time in many years.  My foot woke up feeling something strange on the side of the bed and I realized it was the other side of the bed!  Feeling free to select any position is evidently allowing me more relaxation, as I am not waking up as stiff and sore as usual (I'm 80, so this is huge!).<br /><br />I am sleeping more soundly and my wake up times are fewer - and I go right back to sleep!  Can a mattress make this much difference???  I can't attribute my great nights' sleep to anything else!<br /><br />Since both Amazon and the manufacturer offer a trial period, I can only encourage you to give this wonderful mattress a try.  It arrives at your door in a smaller box than you can imagine, and, inside, the mattress is in a perfect roll.  Snip, snip, remove the plastic casing, and it begins to expand, and, in little time, it is a full 10&quot; high mattress.  I opened all the windows in my bedroom and let it air out.<br /><br />Now, there is little or no odor, and it's the most comfortable mattress I've ever slept on!  Give it a try!<br /><br />Four months later:  I am consistently getting a great night's sleep on this fantastic mattress.  It's firm, but not too firm - how do I describe &quot;just right&quot;?  I've recommended this mattress to all family members, as, for the price, I can't imagine anything else coming close in total comfort.  I'm a total Leesa fan!",5.0,Home_Kitchen
"I did try it out on my skin and really didn't feel too much numbing.  So, I just switched and tried it on a bug bite that's been driving me crazy.  It actually helped take away the itch.<br />With that in mind I'll keep this around for smaller problems that I might need a bit of numbing cream on it.<br />Not the best if you need something strong.  But for smaller pains this works okay.",4.0,Health_Household
Excellent product and fast shipping!,5.0,Electronics
"I was very excited after having read the other reviews.<br />This doesn't smell like true Sandalwood.  It leaves my skin dry.<br />I won't bother to return this item.  I'll just give it away at work, maybe someone there will like it.",1.0,Beauty_Personal_Care
"It's bad for making small biscuits, so I used for mopping the floor.",4.0,Health_Household
This camera kick ass!!!!! We love it - once we got it set up (at first we couldn't figure out the wireless setting) we got a real kick out of peeping in on our bedroom - the lights were OUT but it was like broad DAYLIGHT with the image quality of the camera. We had fun talking to each other via the app too! This is my first time trying this brand but we are so impressed with the quality and price that we have told our friends all about it.,5.0,Electronics
Best products I ever used on my very long hair,5.0,Beauty_Personal_Care
"I was so sick of the suction cup hooks falling off my shower walls making whatever it was holding end up on the ground which grossed me out despite cleaning the shower floor constantly. I found these and they actually sick however once they are on, you can’t move them without ruining them. I had to use Goo Gone to get the sticker stuff off my shower wall after changing my mind on placement. So far, it’s sticking well and holds my loofa, facial soap that’s in a mesh bag and razor without any issues. The only thing that bothered me is they sent me the wrong color. I ordered gray and got multi colored…. Twice.",4.0,Home_Kitchen
Perfect for Face-timing and fits on my tripods,5.0,Cell_Phones
I love my label maker! I can organize everything almost! These work great!,5.0,Electronics
These worked well for soup and gumbo. I would buy again.,5.0,Health_Household
"Pros: Beautiful screen. Best for Amazon services & video<br />Cons: Does not allow Google Chrome, Gmail app, Google Now, etc. Has lousy non-standard no-name web browser.<br /><br />Handed it off to a family member...",2.0,Electronics
"Smells absolutely terrible, not sure if it was a bad batch but the smell stays. It hydrates the hair great so I only use it when I’m not going anywhere that day",1.0,Beauty_Personal_Care
"The machine is snappy, reliable, and a true gem to use. I had never owned an iBuyPower product before the Valkyrie but this company is now well on my radar for my next purchase!!",5.0,Electronics
"When I first moved into my current rental house a year ago and set up my modem/router for wi-fi internet connectivity, I spent a day on the phone with my provider screaming at them because it appeared to be up and running, but I was receiving no connectivity.  What was eventually found was that a piece of ehternet cable provided with my hardware was ""dead"" and never worked.  I did not have an extra ethernet cable at that time and had to run out to the provider's closest office to get another cable to get it up and running.  All that time would not have been wasted if I had kept a short ethernet cable on hand for just such a problem - testing for a dead cable.  This is in my ""electronic toolbox"" for next time.",5.0,Electronics
"Worked great for converting the hard drive from my old laptop (now Toast) into a portable hard drive I can use to store & transfer files. It also allowed me to recover some files that I wanted after one of my laptops was damaged. I'm thinking about getting a second one for another hard drive I salvaged from an old laptop. It's quick & easy to change out the HDD, I don't like frequently handling a unprotected Hard Drive.",5.0,Electronics
"Cheap stock, splinterand break very easily.  They do strike well on thier box",2.0,Health_Household
I love this toothpaste it definitely strengthens and brightens my teeth!,5.0,Health_Household
"yep, i fell for the fad. i was so excited to get this product. but lets be real, no pain no gain; no proper heat no proper straightening. it works at best for moderate curls in a dry climate. the fabric side seems to pull out hair.",1.0,Beauty_Personal_Care
Wipe down to prevent spread of germs. No one is sick.,5.0,Health_Household
"While these come in a pouch, they are not great for travel because they are so sticky that I need to wash my hands after touching one. The packaging of these is weird in that there are four per pack. It would be better if they fit more in each pouch. Maybe there is a problem with them sticking together if they put too many in there.<br /><br />I do not assign any extra value to elderberry or goji berry, although many people do. I think the main reason elderberry works is because it has vitamin C, plus other vitamins, minerals, and flavonoids, which every fruit has. For a daily supplement, I would rather save money and buy a larger quantity of inexpensive vitamin C than use an expensive product like this one.<br /><br />If you, or someone in your family, has food self-control issues, then you might end up eating your expensive supplements as if they were candy. These trigger sugar cravings.",1.0,Health_Household
I am always getting compliments on it!!😍,5.0,Cell_Phones
Loved the directions. Coloring was perfect and looks great in my room.,5.0,Home_Kitchen
Great gift I have this to my mom for Christmas and it has help up fantastic! I would buy more from this company if I needed to! I loved the way it looked!,5.0,Home_Kitchen
I may return still. It’s like I added nothing! C’mon!,1.0,Home_Kitchen
"I had to get a replacement screen from the seller as the first one was DOA.  The replacement was perfect, though.  Unfortunately for me, I botched the plug for the SIM card, so now my phone is useless.  However, it has a wonderful and brand new screen.",4.0,Cell_Phones
Well got my chair about 12 days ago and its ok i dont think its worth the money and today i noticed that there’s a hole in the in the seat and the material is all weird looking. I would expect that from a $30-40 chair not at this price. Needless to say i wouldnt buy it again! I can return it but i NEED IT for working at home so is it worth time and effort its a decision i have to make! Otherwise it was actually easy to assemble! But VERY DISAPPOINTED!<br />Would love to see what seller will do have been trying to contact and unable to reach them in an update I don’t know why it didn’t show my previous update but I finally got a hold of seller and was told that they would send me replacement seat. Then suddenly i started getting emails on my private email listing and was advised that i would not get replacement unless i removed my review and continued getting emails of the same kind until i had to report seller to Amazon! Beware of seller! They harassed me to remove my bad review!!!!,1.0,Home_Kitchen
"Talk about fairy dust, it goes everywhere!!! And it looks terrible once you file.",1.0,Beauty_Personal_Care
Looks great!  Just the perfect size for my sons books!,5.0,Home_Kitchen
"Loved until I realized it was messed up around the camera. In addition, the screen protector sucks and it scratches super easy.<br />Update:<br />Terrible. Dropped once and the plastic broke in multiple spots. Save your money. Don’t wast your time.",1.0,Cell_Phones
Absolutely love this phone case ! Very durable!! Would purchase again!,5.0,Cell_Phones
I don't like the taste and it is usually chalky. I will drink it or mix it with oatmeal or cottage cheese. Protein is protein and I will get my protein however I need to.,4.0,Health_Household
"I HAve had better, looked good but just kinda ok",2.0,Home_Kitchen
"I loved these until I opened them. They are really pretty, and very thick and heavy, so they will take up more room if stored (not a bad thing). My major complaint with these is, the strong chemical odor they have is HORRIBLE!  I immediately washed them, but that didn't help at all.  I've had them outside on the patio in the wind, for two days/nights, and they still smell just as bad! I won't use these if the chemical smell doesn't dissipate.  I'm not sure if it's the glue or coating they used when making these, but the odor is terrible and very strong, and I'm sure unhealthy to breathe!  I wish I would have read the reviews before I bought them, because looking at them now, I see others have mentioned the same strong chemical odor.",2.0,Home_Kitchen
"I bought these for a humanitarian project called ""Days for Girls."" Soap was needed in each packet we were putting together. I was happy to find these, but was disappointed when I got them as they were about half the size as ""normal"" travel soap. The description does specify the weight of the soap, but I've never weighed my soap before, so I didn't know any different. I thought ""travel size"" was a standard size.  Unfortunately we couldn't put two bars in the packets to make up for the size because of rules, so I felt bad, I'll know better next time. I just wish the company would say in the description ""smaller than traditional travel soap.""",4.0,Beauty_Personal_Care
I had to change out the band. The buckle was a pain. I must recharge every day.,5.0,Electronics
Best I have ever bought. You need this in your life!!,5.0,Cell_Phones
no real difference for me using it,4.0,Health_Household
They are probably great but my foot reacted to the gluten.,2.0,Beauty_Personal_Care
I read the reviews on this and I thought well you never know until you try it. I should have listened. I can see why you can't shave your head bald forget about being close-I never expected that. This thing wouldn't even cut at all. It shaved a little at first then would barely cut. So there is my husband with bits and pieces shaved and I couldn't finish. We pulled out the heavy duty dog shaver-don't know why we didn't think of this before-that worked like a charm.,1.0,Beauty_Personal_Care
I loved it until I realized the fingerprint didn't work,2.0,Cell_Phones
This set has every tool imaginable!! I love it!,5.0,Beauty_Personal_Care
"I normally will put several empty bags in the bottom of the waste containers, so when one bag is full, then there is always a replacement bag for the next person who needs to empty the waste container.",5.0,Health_Household
"My husband purchased one of these for me as a Christmas gift...and I absolutely love it! So...to enable my Mother to view all her digital photos of her grandbabies and great-grandbabies...I purchased her one! Very easy to set up...to load pictures onto it and my mother absolutely LOVES it! Highly recommend this item. When I initially set up my frame at Christmas, I did have contact their Tech Support with a few questions and they responded quickly, efficiently and answered my questions on the first contact! Love my frame!!",5.0,Electronics
"Cane has no durability, The base split after a few months. It feels like rubber or plastic. Look for something else that has a stronger base. I ordered another model and it works well except the light doesn’t work. I may return it.",2.0,Health_Household
It's not deep enough to protect my screen,2.0,Cell_Phones
"The quality is great BUT I sent mine back because the inside part that touch your hair is like a thick towel, it was too much for me and I felt it would dry my hair out - I sleep with silk scarfs - this was too thick",2.0,Beauty_Personal_Care
Wish the price remain low for the poorest of poor that want to burn a good candle as these. Wish they’d never run out of stock which forces us to another product not as good & possibly same cost but inferior,5.0,Home_Kitchen
"It’s pretty, it protects, it is a subtle case that works to the hilt. Always liked otter but it was ugly. They got this one right!",5.0,Cell_Phones
"The first time I made my own yogurt and decided I wanted to strain it to make it thicker, I used coffee filters per the recommendation in the recipe.  What a lot of waste!  So much of the yogurt stuck to the filters when straining was done, I wasted a lot.  This product is easy to use and easy to deliver the finished product with hardly any waste.  Very happy with my purchase!",5.0,Home_Kitchen
"I wish I had seen a review of this product before I bought it. I have used sally hansen products before, and have been relatively pleased. I chose this product because is says ""good for delicate skin and sensitive areas"" and also because of the natural ingredients that are good for sensitive skin. Boy, was I wrong. I read and followed all directions carefully. I first used these on my upper lip. Now, I don't really have a lot of hair there, just peach fuzz and 2 or 3 darker hairs near the corners of my mouth. So I cut them smaller just to get that tiny dark patch. I was pleased at first, the hair was gone, my skin looked and felt smooth. So I also used a few for my eyebrows, I was once again pleased with the initial results. When I woke up the following morning, I was HORRIFIED. I had little white and red bumps on the places I used the strips. Including the corners of my mouth. How embarrassing.. So I now had little pimples on both sides of my mouth, and on both of my eye brows. I was careful not to be too harsh, so they did not get worse, and especially because I have slightly sensitive skin. After a few days they were not getting any better. It took 9 days for them to go away. And they weren't even completely gone, at that point. Very unpleasant experience and definitely not satisfied.",1.0,Beauty_Personal_Care
With our old router we were always having problems and losing the signal to the Internet. We have not had any problems since we plugged in this router,5.0,Electronics
I used this to connect my home network comms rack to my home network a/v rack. I am seeing sustained high speeds with no data dropping.,5.0,Electronics
"I know several people with long thick wavy hair who swear by this thing. I have very curly fine hair that a stylist can blow out in minutes to be sleek and shiny, but I cannot on my own. This just didn't work for me. Left my hair frizzy and poufy instead of sleep and straight. It certainly wasn't less effort than a brush and blow dryer. Returned.",2.0,Beauty_Personal_Care
I am really impressed by these headphones!! Cute little storage and they work pretty darn good for what I use them for. ( watching movies in bed :). ) For the sale price I veiled them for .... I’m very happy. The rose color is very pretty too!,5.0,Electronics
"Sleep Friendly Ha ! Flashing brightly let ya know phone is charged,  annoying!! Plus phone is warm , told her I'll use it for a TARGET !!",1.0,Cell_Phones
"My desktop was being laggy on the internet and I've tried EVERYTHING but a new internet card. I previously had a cat 5 cable running from my router from across the house and the cords still in perfect shape so I suspect it was my internet card on the computer and grabbed this tp link wireless thing. I plugged it in and ran it's driver and really quickly my computer showed a ""Wi-Fi 2"" option and said TP Link on that so I chose that option and now my internet is running much more smoothly! I think it's silly that a wireless thing is running better than a cat 5 cable connection but it absolutely is! I have gigabit internet and this thing gets the internet to my computer at the same speeds as the cable did which is really good! Very happy with this! It's smaller too so doesn't take up much space.",5.0,Electronics
[[VIDEOID:48d64f7f5d12e208c35841c33860bb3d]] This is a perfect adaptor for your MIDI keyboard and if you have a MIDI keyboard or digital piano that has MIDI (USB) port - you need to have this handy.  Let me tell you why.<br /><br />I have a Yamaha digital piano with a MIDI USB-B port.  Most printers and MIDI equipments utilizes USB-B.  I have a USB-B to USB-C (and USB-B to USB-A) that I use to connect the keyboard to my iPhone and iPad.  The problem with this cable is that it will only pass the MIDI signal without the power.  Not ideal since your iPad/iPhone may run out of juice while playing.  So I searched for an adaptor that has two ports on one side and one USB-C on the other end.  Took the plunge on this one and oh holy moly!  It works!  Perfect!<br /><br />Cable is braided and very flexible.  Though not gold-plated like my other cables - Quality is very good and workmanship is superb.<br /><br />If you have a MIDI instrument and you maybe linking it to a tablet or phone - buy this adaptor!  Bluetooth and wireless are useless in this arena since delay and other interference will destroy your music/audio recording.<br /><br />Highly recommended!,5.0,Cell_Phones
Pros:<br />I like the color of my hair after use<br />My hair felt softer after use<br />Organic<br /><br />Cons:<br />Cannot think of any!!!,5.0,Beauty_Personal_Care
I love it. Excellent!! Easy to understand Alexa.,5.0,Electronics
I love my case!! Thanks I'll will definitely order again!! 😊,5.0,Cell_Phones
"These do not taste good and they contain chicory root, which causes bloating and gas. There are better products for less money. The Quest bars are better.",1.0,Health_Household
Not my favorite. Doesn't hold well,4.0,Beauty_Personal_Care
"I would like to switch from aluminum deodorant to a more natural option, and I had high hopes for Lume. I’ve tried it twice and it doesn’t work for me. By the end of the work day, I have bad BO.",1.0,Beauty_Personal_Care
"Once upon a time Rubbermaid had stiff plastic containers with red lids that were very difficult to remove.<br />Another company (I think, although I don't remember for sure - it could have been Rubbermaid) had flexible covers / lids for the stiffer plastic containers. They cannot be found in stores.<br /><br />So I bought an 18-piece set of these Rubbermaid Brilliance. The sets contain tiny containers that I cannot wash very easily and I don't usually have anything that holds that little.<br /><br />These have lids that have vent holes that are closed when the clasps are closed.<br /><br />Washing the lids can be a problem with food getting between the seal and the lid and between the lid and the clasps.<br />That clasp can be removed by prying up one side when it is off the container and the clasp is down but not locked. One end of the clasp has a slot whereas the other end has only a hole. Reassembly is the reverse - put the hole in the clasp over the nub in the container, close the clasp but don't lock it onto a container, and press the slotted end down over the other nub until it clicks into place. [ I swear someone must have read my review of the Hamilton Beach Coffee Brewstation from 2012 when I wrote that was how I removed the coffee maker's lid - by cutting a slot in one side of the lid's hinge. ]",5.0,Home_Kitchen
I was under the impression it was tempered glass but it is flexible plastic.,2.0,Electronics
"PROS<br /><br />1. Even though this device is manufactured by a Chinese company, the manual is well written in good English with mostly correct grammar and punctuation (which I have rarely found to be the case with items manufactured in China). It is very detailed and contains all crucial instructions.<br />2. A convenient carrying case is included, which can be hooked on a belt loop.<br />3. It comes with what the manual calls a ""hanging rope,"" which is typically called a lanyard. It can be attached to the device and then hung around one's neck for easy access.<br />4. There is a well-lit, digital readout which shows the pulse rate and oxygen saturation percentage in large, red numbers.<br />5. Two AAA batteries are included, which are necessary to operate the device.<br />6. The price is quite affordable. Pulse oximeters vary wildly in cost, and this device is on the lowest end of that range.<br /><br />CONS<br /><br />1. The face of the device comes with a peel-off, protective film over it. I found it very difficult to detect. The only reason I even knew it was there was because it was scuffed. I was afraid the device was damaged until I suddenly recalled that my kitchen timers and my sports watch all came with a protective film over their face.<br />2. The identifying labels for the readout numbers, which tell you which number is the pulse rate and which number is the oxygen saturation percentage, are quite small. For a person with poor eyesight, it could lead to accidentally reading the numbers upside down and getting a false impression. For example, a reading of 98 when read upside down is 86, which is dangerously low.<br /><br />GENERAL INFORMAION ON PULSE OXIMETERS<br /><br />A pulse oximeter is a medical device that measures the saturation of oxygen in the blood and the pulse rate. Every time you go to a doctor’s office, they will place a pulse oximeter on your pointer finger at the same time they take your temperature and blood pressure. The normal range is 95-100%. If your reading drops to 92% or lower, the medical term for this is hypoxemia. Doctors take that condition quite seriously and might send you to the hospital for an overnight observation stay during which they would put you on supplementary oxygen. This is because the whole body needs oxygen to survive, and the brain and heart are especially vulnerable to damage from low oxygen levels.<br /><br />APPLICATION OF PULSE OXIMETERS FOR COVID-19 (C19)<br /><br />C19 can bring on a type of pneumonia which causes the lungs’ air sacs to fill with fluid or pus. In the early stages of this dangerous infection, the patient might not yet be experiencing difficulty breathing (such as panting or gasping), yet their blood oxygen levels are dangerously low. Patients can sometimes grow accustomed to gradually decreasing oxygen levels as the disease progresses, and, unfortunately, not go to the hospital until they are at the point of collapse. In such situations, their prognosis is much more precarious. A pulse oximeter, used routinely, can provide an early warning of this type of C19 danger, but it is crucial to utilize this device to take a reading both while walking around and while sitting. Doctors have found that some C19 patients may have a normal reading while sitting, but when walking around, their reading can drop to extremely dangerous levels.<br /><br />CAVEATS FOR USE OF A PULSE OXIMETER<br /><br />People who live at high altitudes might have typical, healthy readings in the low 90s. Thus, if you live at a high altitude, it is a good idea to take a baseline reading while you know you are healthy, so you can establish what is normal for you.<br /><br />If your hands are cold when you use the device, it can cause you to get an inaccurate result.<br /><br />Nail polish or fake nails can cause you to get an inaccurate result.<br /><br />Be careful that you aren’t reading the device upside down, such that a 9 can look like a 6. (Which, as stated above, is a potential issue with this device, in particular.)",4.0,Health_Household
"Had I not tried other massage balls in the past, I might have rated the 4 or 5 stars. However, I am disappointed in this set even though it works as designed. Others like this  [[ASIN:B092VC4GW1 one]] have a removable ball and this set does not have a removable ball.<br />In the giftable box are two small therapy balls with a base. The included instructions are written in broken English.<br /><br />Due to the small size, this is easy to handle and is perfect for when I want to apply small and targeted hot or cold therapy to my neck, wrists, etc.<br /><br />To use cold, I have to put the entire unit (base and all)  in the freezer for up to two hours. It got very cold in my freezer after only 30 minutes. I then roll it around the area needed.<br /><br />To use hot and despite what the instructions say, I soak the ball in warm water for a few minutes.  What I do is place the ""room temperature"" ball with base in a Pyrex measuring cup and pour 185 degree water over it and let it soak for 10 minutes. The ball gets warm enough to use and stays that way for at least 10 minutes.<br /><br />I tried this both ways and it works exceptionally well for small areas. However, the major problem is that the ball is not removable from the base. Therefore, it is hard to dry out and it is important not to switch balls and use the one I used for warmth in the freezer because it will be frozen in its base if it is still wet inside.<br /><br />In summary, I rate this set 2 stars because the ball is NOT removable from the base and that is a BIG negative to me, especially for the hot implementation where the water from the base goes all over my body as I roll it around the area. The current price of $22.99 comes to $11.50 per ball.",2.0,Health_Household
"I really wanted this to work. The description provided had my hopes up, but alas, those hopes were dashed once again. Tried everything. Started with Method 1 which is simply utilizing the WPA button on most routers and within 2 mins, pushing the corresponding WPA button on the extender. I bet I tried that option 30 times. I tried pausing my security firewall, I made sure my device was discoverable. Nope. In the instructions, it states, ""if this does not work, try Method 1. What? Wait. That WAS Method 1!<br /><br />So, Method 2 involved connection through an online website. Everything looked good until, when I was supposed to get the ""SUCCESS! YOUR CONNECTED!"" I got the ""page can't be found-reload?""<br /><br />Returning it tomorrow.",1.0,Electronics
Not really a good bargin wont buy again tho,5.0,Health_Household
It only plays about every other disk. I wish I had sent it back the first time it happened. too late now I guess.,1.0,Electronics
"This super cute make-up case was perfect for my theatrical needs. All of the actors in the greenroom asked about it! It held just what I needed and the removable dividers came in handy! The only negative marks I'd say for this item was that the make-up mirror was not the best, but for the price, who am I to complain?",5.0,Beauty_Personal_Care
So easy!!  Great!! Fits perfect...no bubbles!!!,5.0,Cell_Phones
"I love these wipes, because they get off easily my waterproof makeup.",5.0,Beauty_Personal_Care
"I needed something to add length and volume to my hair for a play, and this was perfect. I was able to clip it on my ponytail and then pile it and my real hair into the desired hair style. It worked great!",5.0,Beauty_Personal_Care
I would not purchase this product again. I was expecting more I guess when I compare it to the many other kinds of carpet shampoo I have used over the years. It was suppose to be Tropical Bloom Scent but it didn't leave my bedrooms with a very fresh and clean smell. It seemed to bring out the dog odor even more. It did improve the looks of my carpet as far as them looking clean but the smell after cleaning them is important to me as well. I wish I wouldn't have purchased this much but now I know that it isn't something I will use in the future. Good Luck if you purchase this product and it gives you the results you need or are looking for. I will stick with Hoover or Bissell Products instead. Cost a little more but are worth it.,2.0,Health_Household
Started falling off in moderate Washington state weather due to sun/warming in the car. Suction cup is marginal at best.,1.0,Cell_Phones
I love this phone case. It is adorable and perfect for my  needs.,5.0,Cell_Phones
Just what I was looking for.... perfect product,5.0,Cell_Phones
It looked good and was functional but began to come apart within 3 or 4 weeks. Never dropped or banged. Pieces started to fall off on my table! This cover is junk! Do not buy!,1.0,Cell_Phones
I don't like the little single heads on my toothbrushes. Just my experience.,5.0,Health_Household
"Tough to not break easy, and soft to the bottom. Just right!",5.0,Health_Household
"This wouldn't protect your phone from anything except maybe fingerprints, very disappointed. Don't waist your money. I had to revise review my daughter told me that is all they are supposed to do and that I would probably want the glass ones",4.0,Cell_Phones
Unable to attach charging cable so you have to remove it from the case to charge. Completely pointless. Dropped it and the whole thing came apart. The closing clasp busted off and the top cover completely came off from the case. Don't waste your money,1.0,Electronics
Turns out they don’t fit my vacuum.,2.0,Home_Kitchen
Does exactly what it should do. ill buy again.,5.0,Cell_Phones
This is my fourth one! Excellent product!,5.0,Cell_Phones
"wanted so much to love it...because i bought the vanilla oil (from Rite Aid)...but the product has that been-sitting-in-plastic smell...probably has been sitting on a shelf too long...the scrubby sensation felt good, but I had to immediately use soap to wash off the yukky smell.",2.0,Beauty_Personal_Care
"When my Aromasong dead sea salts bucket arrived, it was upside down in the box. That wouldn't have mattered if the tie they use to tie the bag of salt (that you empty into the bucket when you first get it) had been stronger. As it was, though, it broke and I lost about a quarter of the product when it spilled onto the floor. Other than that, I'm enjoying this bath salt.",4.0,Beauty_Personal_Care
I switched my old fire stick to my bedroom TV and put my new 4K fire stick to my new 4K TV. I think it is totally amazing ! And I no longer need my chromecast with my new 4k firestick! I have not explored all its capabilities yet but plan too soon!,5.0,Electronics
"This does an excellent job of giving me a nice fine grind that is even and fine enough for my espresso machine. I don't use it to travel with so I can't speak to that but it's nice to get a good espresso when I want one instead of ""making do"". It's easy to use and that's all I've used it for. I have other grinders that don't give as fine a grind but this never fails.",5.0,Home_Kitchen
"Sorry but the aroma is too syntactic like too fake, your other oils are just wonderful but not this one.",2.0,Health_Household
Fast & no need to take forever syncing.,5.0,Cell_Phones
These cups are exactly what I was looking for to use for our office Christmas party! They are sturdy and super clear. Very nicely made. Just perfect!!,5.0,Health_Household
These are theBEST SHEETS EVER! NO PILLING WILL ORDER MORE COLORS,5.0,Home_Kitchen
"When my husband got this I thought &#34;not another unnecessary gadget.&#34; Was I wrong. Well I lost my keys this morning and frantically asked my husband if he'd seen them, he reminded me that the phone (tile app) would locate keys. Low and behold keys found! Yes I recommend this product to anyone who loses their keys and phone in the morning just before work. A life and time saver!",5.0,Electronics
Excellent product.I wish I had found this years ago.,5.0,Beauty_Personal_Care
I use this when my skin itches as per label. I keep it on my bedstand for that purpose; because it's at night when my skin will itch. I can solve this problem instantly. I can attest to it's effectiveness.,5.0,Beauty_Personal_Care
Grandsons don't like medicine so this absolutely works.,5.0,Health_Household
"I never used hair coloring or 'hide-the-gray' dyes a lot of men use. But in the interest of science and to freak out the family I tried this coloring.<br /><br />I had no help using this coloring. It was me in the shower at 5am. I wanted to surprise the family at breakfast!<br /><br />First I noticed there are like 47 gazillion warnings and instructions. Was I going to burn my scalp off? How bad could it be? If was that bad I could always shave my head and blame it on a bad hair cut. Normally my hair is medium brown with some gray highlights.<br /><br />I mixed the color into the developer and rubbed it all in my hair. My hair isn't thick or long so I didn't have to pay special attention to my roots. The instructions so say to leave on for 25 minutes or so. I didn't make it that long.<br /><br />Holy Hell! This stuff tingles and burns. I made it maybe 12 minutes and I had to get it off. I couldn't handle it. Call me a wimp I don't care. I rinsed and rinsed. The tingling didn't go away for about an hour.<br /><br />Did the dye job work? Yes. Almost too good. Talk about light blonde. What was I thinking? I dried off and went back to bed.<br /><br />I woke up and got ready like normal. When I went out for breakfast with the family all hell broke loose. First, the dogs went nuts. Then my wife screamed. She thought I had some kind of medical problem during the night and went to inspect the bed. The kids laughed and laughed. For 2 days the wife wouldn't talk to me. She was pissed I didn't consult her because she would have talked me out of it. Secretly I kind of liked the silence.<br /><br />The color lasted about a month. Luckily my hair is short and grows fast. All-in-all, the coloring did work.",4.0,Beauty_Personal_Care
Bottle both leaked in mailing pouch!,5.0,Health_Household
"I bought this for hair loss due to aging.  My hair was thinning at an alarming rate.  Since starting these pills, it has slowed drastically.  I have rheumatoid arthritis and the joint pain has eased somewhat after one week, my skin has softened, and my focus has improved.<br /><br />I will keep you posted as my journey with Dr. Emil continues.",5.0,Health_Household
"After I wrote an unfavorable review of a pair of Ms-01 I bought and returned in July I received an email from Mr Aaron Fournier, President of Think, asking me to try these ts-02 and write whatever review I felt appropriate. Thank you Mr Fournier you do show a lot of confidence in your product and you were more than fair if not generous. I wished I shared your confidence. I have been using these ts-02s for about a week, including one night I inadvertently left my ipod on all night only to wake up the next day to find them still dishing out the sound. I think they have been &#34;burned in&#34; by now.<br />I still don't like these either.I am admittedly no audiophile but I listened to several of my favorite  songs and a classical piece, all in lossless uncompressed format. One was electronic music one was acoustic guitar and voice and the third was Beethoven's Fifth. In the electronic music all the sounds seemed to blur together being unable to distinguish individual elements. One the acoustic guitar piece it just didn't sound like an acoustic guitar. I am sorry I can't use the technical audiology terms but it just didn't sound real. The Beethoven was of course with a full orchestra. Again the violins and horns didn't sound &#34;real&#34;. Bottom line - I appreciate the effort Mr Fournier, but I'm sticking with my Klipsch S4. To me they sound &#34;clearer&#34; and more &#34;real&#34;. You should try them,Mr Fournier.",2.0,Electronics
This was like using nothing at all! It was nothing like Kenra Root Booster! I’m sticking with my Kenra brand!,1.0,Beauty_Personal_Care
I love this stuff! It smells wonderful!!<br />Thank you so much!,5.0,Beauty_Personal_Care
"I received this item from Smart Weigh Scales in exchange for my review.<br /><br />I am large but well under the maximum weight limit for this scale. It would not weigh me. The numbers on the display would change constantly ranging from ridiculously under what I weighed at my last doctor's visit to close to a correct weight, then it would shut off. I tried on several surfaces, each time after moving stepping on and off to recalibrate the scale. I wrote to the company twice. The first time they suggested a level surface. The second email was sent a week ago and has not been answered.<br /><br />I wanted this to work. I truly like the look and design of this scale but the one I was sent would not work and customer support was nonexistent even for someone they asked to review their product. I was very disappointed in both the scale itself and the company Smart Weigh Scales.",1.0,Health_Household
I was worried that these would smell funky but they smell amazing!! I feel they have a better scrub feeling than even brand! I found my new favorite wipe brand!,5.0,Health_Household
I didn't notice a change. Made my skin softer it seemed but who cares if I still have dimples lol oh well I should've known better when most reviewers were given free stuff.,2.0,Beauty_Personal_Care
"I absolutely LOVE these! I need glasses that fit my wide set eyes and these are absolutely perfect! They don't seem like they are super sturdy bcz my pair came a lil bent, but it isn't affecting the way it looks on my face! These are truly ""oversized "" but not goofy looking! I cant stand nd when I buy glasses that say oversized and they are small frames. I'm so pleased esp for only $7 after coupon! I want the other color too!!<br /><br />Update: I made a second purchase and I LOVE this pair as well..The only bad thing is that this new pair doesnt close like at all. BUT even so for the $6 I paid and how cute they are on I can manage..not a huge deal to me, but might really bother someone else. I think they are so beautiful!",5.0,Health_Household
"Excellent case.  Have dropped my phone MANY times, without an issue.",5.0,Cell_Phones
"I have this case on my iPhone XS Max, and it has turned yellow and just looks awful. Although the protection is excellent (and I have had other Otterbox cases in the past that I have been very satisfied with), I would never buy another one of *these* cases because they look hideous -- especially for the price paid to protect a premium device. My Otterbox case looks AS IF it's been subjected to hours of nicotine exposure (yes, THAT disgusting kind of yellowing that you see in smoker's homes on walls, etc). Otterbox, you should REPLACE yellowed phone cases. For FREE. We've paid enough for them to start with. Definitely NOT happy with this purchase. Even my daughter's SPECK transparent (clear) case hasn't yellowed like this, and it was half the cost!",1.0,Cell_Phones
Dissolves fast and the flavor reminds me of children's chewable vitamins,4.0,Health_Household
More solidly built than I expected.<br /><br />Quite excellent.,5.0,Cell_Phones
Actually I am not ready to wear. I will provide review when I reach that stage of continuous wear.,4.0,Health_Household
"Material way too thin, tears easily, get the blue nitrile much better",1.0,Beauty_Personal_Care
"This is nice to have! I’ve got a lot of computers in my home and some of them only have one or two usb ports. This usb hub has more ports than I need but I’ll put them to use, I’m sure! Works like it should, thankfully. And for the price, I’m definitely going to be ordering more for my other computers. Highly recommend!!",5.0,Electronics
"Fantastic!!! We bought cheaper noise cancelling headphones before, but I guess you get what you pay for. Those are so much better and the listening quality during our last flight was great. I will buy a second one when they are back on sale.",5.0,Electronics
Perfect....just what I needed to run my Bose system and headphones off TV,5.0,Electronics
I received it within two days and I placed in on my machine without any problems. Love it.,5.0,Electronics
"I'm not a huge audiophile, but I do like this mic and think it works well for what it is. The cord that comes with it is really durable and doesn't seem like it'll tear anytime soon unless you're overly rough with it. The mic itself swivels all the way around, and the base has a material at the bottom to grip on whatever surface it's on. It's not the best grip, but it's something.",4.0,Electronics
"I messed up the installation of the first protector, evidently there was some moisture I missed getting and it looked horrible when installed.  SO, I started over and was fastidious with the second protector installation.  It looked great....until it sealed almost completely on.  That's when I noticed a flaw in the protector itself that caused a bubble right at the bottom of the tablet.  Other than that, it looks great.  Caveat Emptor!",4.0,Electronics
The dishes are sturdier than paper plates. Utensils are not apt to break and the knives can actually cut things.,4.0,Health_Household
"THIS PRODUCT IS THICK LIKE A DRY PASTE!  IT TAKES ANY CURL STRAIGHT OUT OF THE HAIR; AND, LITERALLY MAKES MY HAIR ABLE TO STAND ON END!  NOTHING AT ALL LIKE I FIND WORKABLE!",1.0,Beauty_Personal_Care
Very nice lens but either the tripod was completely pointless or my phone was just too heavy for it to work like it should!,2.0,Cell_Phones
Just read the description!  I did not and was caught off guard when I got them and they had no stand LOL!  I was putting them on arms anyway so no big deal.,4.0,Electronics
It's a perfect fit for my phone.,5.0,Cell_Phones
"So the picture on these cameras is AWFUL. The app is extremely slow to load and it's a crappy app- you can't record video or get video clips even without paying for a subscription. So without paying a monthly fee, literally all you can get is the ability to se a live stream. And even that is awful due to the SLOW loading app and horrible quality image.<br /><br />In comparison- you can grab a Wyze at a fraction of the price and they record in amazing detail. Plus their app loads instantly, records video clips and puts them into the app (for free) AND you can put a micro sd card into them so you can record events without subscribing to their service. You can access these files from the app even- it's extremely convenient!<br /><br />Even for what I pay in taxes on these Arlo cameras, I'm extremely disappointed because they're taxed at such a high rate that I could have outright bought Wyze cams and I'd have had much more usable cameras. As is I've ditched the Arlo doorbell camera and put a Wyze one in it's place. I also ordered an outdoor Wyze rechargeable camera to replace this crappy Arlo spotlight model. You couldn't pay me enough to take another Arlo camera, they're horrible!",1.0,Electronics
Expensive for such a little bottle. Save ur money and get it somewhere else.,1.0,Beauty_Personal_Care
"I've used some of Dr. Jen's toothpaste, so I decided to try this floss. I missed the silk part, or I would have skipped it. It's a thicker floss than I'm used to, so it's not my favorite. I have some teeth that are close together, so this isn't the best for those. Otherwise, it's soft floss, at least on my gums, and works well. It has a slight scent, but I haven't noticed a flavor to it.",4.0,Health_Household
"Worked fine for four months.  One day I weighed myself and the readings between body fat and muscle were completely haywire.  I assure you that I did not lose 25 pounds of fat and gain 25 pounds of muscle within one day!  I have switched our the batteries, reset the app, nothing works to fix it.  Unfortunately the extended warranty was not available in my area.  I guess I will just use it as a dumb scale now, but sure is a lot to pay for an aesthetically pleasing dumb scale!",1.0,Health_Household
Excellent!  Just what I wanted!,5.0,Home_Kitchen
"I bought a flat iron similar to this one a while ago. I loved it so much, I bought three or four of them! However, over the years, they're getting pretty worn down and I haven't been able to find anything similar. Mine was pink by rem ing ton and it had detachable comb on it to keep my hair tangle free as I ironed it. I saw this and got so excited because it looked so similar! However, it made my hair super poofy and the combs were hard to take off with my acrylics. It actually kept tangling my hair in the combs and I just could not get my hair silky. My hair is not too hard to tame, it's just wavy. :/",2.0,Beauty_Personal_Care
It's my new favorite thing! Leaves my skin looking and feeling fantastic.,5.0,Beauty_Personal_Care
"Pros: clear tubes, cool look, comfortable to wear<br /><br />Cons: falls apart easily, you will lose pieces of the headset, people complained about terrible background noise in car and in public.",2.0,Electronics
"I have has this case for about a month now and I love the look of it. I get so many compliments! My problem is that I can't get it off!! Also, it is thick around the edges so some chargers do not fit, and my headphones do not fit. If you know how to remove the case help me out please!!",3.0,Cell_Phones
best cuticle crèam I've have ever tried.,5.0,Beauty_Personal_Care
"I'm always interested in trying new skincare innovations, products and brands.  I've  tried similar foot peeling boots when we visited Japan.  It took me some time to be willing to try the peels but found that as long as I followed the instructions carefully and waited patiently for the skin to peel, they worked very well.<br /><br />Wash feel thoroughly and wear the boots for the allotted time.  I am careful not to go over.  Then I wash my feet and wait for the peel to take effect. It usually takes about a week for the skin to start flaking and coming off.  I try not to speed it along so the skin is able to heal below. After the peel is complete, my feet are fresh -- no flaking and not dry.<br /><br />I have sensitive skin and experienced no sensitivity, redness or irritation using this product.",5.0,Beauty_Personal_Care
I've been using these a few weeks now. They definitely make a difference in my back pain. I'm able to wear tennis shoes to work but I have terrible back pain. These have helped my pain not be so intense.,5.0,Health_Household
Absolutely perfect. Just what I ordered,5.0,Home_Kitchen
great replacement for my remote! I thought the picture frame was ruined as my dog did a number on the remote. Worked immediately! Fantastic!,5.0,Electronics
Excellent product my son loves it,5.0,Home_Kitchen
Excellent quality.  Exactly what we wanted.,5.0,Home_Kitchen
The brush on these is not as wide as the ones my orthodontist gave me but they work to get stubborn food out and I keep a bunch in my purse.,4.0,Health_Household
Does not move much air.Not a value.,1.0,Home_Kitchen
The camera covers keep falling off. They are pretty useless. I haven’t changed my cover or dropped my phone or anything and they just pop off. Screen covers are good.,2.0,Cell_Phones
"My daughter absolutely loved this case and it is very pretty. However, she dropped it once and the corner of her screen shattered",2.0,Cell_Phones
This gives me horrible heartburn all day. I can’t.,3.0,Health_Household
I was worried they would not work as well but they exceeded my expectations completely,5.0,Health_Household
"This thing is a worthless piece of junk. I'm upgrading my entire network from wireless G to wireless N. While the Netgear WNDR3700 I bought is an amazing piece of machinery over my aging Linksys I replaced, this adapter would not even work in Windows 7. Windows' driver did not work and trying to install Netgear's software would freeze up half-way through every time. Don't waste your money on this thing. I'm returning mine.",1.0,Electronics
"Absolutely, value for money! These are great quality. I love them.",5.0,Home_Kitchen
Gives you that extra power when and where you need it.  Charges by AC adaptor (not included) or by the sun.  Nothing is easier,5.0,Cell_Phones
These sheets are the bee's knees for sure. They are super soft and fit my bed perfectly. I love sleeping on them and totally want to get others now. I am so happy with these.,5.0,Home_Kitchen
use this for my in house wall mounted  Rack. perfect item,5.0,Electronics
My husband says it is the best nail clipper.,5.0,Beauty_Personal_Care
"So tired of cords just hanging all over my nightstand and my puppy trying to chew them or needing to unplug my phone to check a message in the middle of the night only for it to slither down to the floor and then I'm rooting around for it. This makes everything so convenient. I did have to buy a new phone case. I think mine didn't work with it because it had a magnet on the back that it used to stick into a phone wallet. But I just got my new case and it has zero problems charging. I dont have a watch to charge, but I appreciated it had the spot for wireless headphones to charge as well. Im kind of a discombobulated person and if its not super easy I forget to charge things, etc so this makes my life very easy.",5.0,Cell_Phones
"I absolutely love the protector cases, great asset for the air tags!",5.0,Electronics
I re-wrote this review twice because I suppose my words were too sensitive the last time to the powers that be. Watery and has a strong flowery smell. That is all.,2.0,Beauty_Personal_Care
"Amazon is where I get my tide. It works, packaged nicely, and always available.",5.0,Health_Household
Perfect rememberance of my orange boy.,5.0,Home_Kitchen
It is pretty but it doesn’t stick to my new phone case. It keeps fallen off. I had a cheap one on before and it never came off.  I can’t use it so I guess I wasted money. Does anyone have suggestions for me?,4.0,Cell_Phones
These cases are amazing and have protected my phone from many falls/,5.0,Cell_Phones
"This girl!!!<br /><br />I swear if I have a house fire, this will be the first thing that I grab! Such a nice quality!<br /><br />Cheers!",5.0,Home_Kitchen
I need something stronger than this for my insomba,1.0,Health_Household
Excellent product. Helps with my bp.,5.0,Health_Household
"Bar Keepers Friend is truly a miracle worker! We recently moved into our first home and the windows had awful hard water stains. I am a big fan of clean/clear windows so I had to do something. I first tried the vinegar and water approach but that did nothing so I grabbed the Bar Keepers Friend plus a wet sponge and had at them. They are now crystal clear!!! I also use it to keep my white kitchen sink gleaming and totally stain/scuff free. Perfect for removing hard water stains from the bottom of glasses, stains in coffee cups, scrubbing pots and so much more......I cant say enough good things about this item and the price cant be beat for all that it does. Thanks so much Bar Keepers Friend!!",5.0,Health_Household
"This set is absolutely great - makes clean-up a breeze, and gets good, even cooking heat for all  cooking!  Love the design and the handles.  We get a lot of questions when folks see them because they fit perfectly with our rustic decor!  Love these pans and lids!",5.0,Home_Kitchen
"I love Physicians Formula  however, this product left my hands orange and was very dark. Amazon was so nice to give me credit for it.<br />I reordered another Physicians Formula foundation and hope that it is more true to description.",2.0,Beauty_Personal_Care
Smells something like burnt rubber or plastic.,2.0,Beauty_Personal_Care
Excellent delivery. I love the product.,5.0,Health_Household
The only thing wrong with this chapstick is it taste god-awful. It's disgusting tasting so if your going to talk a lot while you're wearing it put some gum in your mouth! Lol,4.0,Beauty_Personal_Care
I really wanted to love this case and I do love the look of it but it is very slick in your hand and I almost dropped it multiple times. Sent it back for a different style.,2.0,Cell_Phones
Why do mug manufacturers feel compelled to make their logo a prominent feature on their products.  Wish I could just have a nice mug clean of company advertising.,1.0,Home_Kitchen
It is practical does the job done. I am using it in my car and this adapter helped me to get rid of cable mess.,5.0,Cell_Phones
Fantastic fragrance and wonderful value here. Seller shipped SUPER fast!!!  Very happy customer.,5.0,Health_Household
Works best with my phone. Other holder was bulky.,5.0,Cell_Phones
"I bought the brown clear black option and I am so happy that they work as described!!! My hair is super straight and below my shoulders but not thick, just normal hair and I tried another brand but literally all but one broke on me. This is similar in style and size which is why I picked it but I wasn’t expecting much tbh. But when i took them out of the packaging, I became hopeful. The top part of the clip is thick so I knew it wouldn’t break easily. And when I put it in my hair, it felt snug and like it would stay put. I tested it in my hair for almost 24 hours (fell asleep with it still in my hair) and while it did come a little loose when I slept, it stayed put enough that i could have kept it the way it was and not readjust it. I have worn them off and on for almost a week now and except for when I fell asleep with it in my hair, not once did it slip. I don’t wear my clip straight across, I wrap my hair the same way as in the videos but I insert my clip vertically as I just like how it looks that way and these clips stay put. For the price, the quality and how many you get, this was a great deal to me and I liked how well they hold up that I am going to buy the transparent ones now.",5.0,Beauty_Personal_Care
"Excellent product, great scent, does the job, gentle enough for my sensitive skin.",5.0,Beauty_Personal_Care
So soft my cats always laying on it,5.0,Home_Kitchen
Love the bright colors!!<br />Perfect size for birthday grab bags or small presents!!,5.0,Health_Household
I love the case but the lanyard that comes with it is cheaply made and broke off a week after I got it.,4.0,Cell_Phones
Very poor tension spring which does not hold hair tight enough to curl.,4.0,Beauty_Personal_Care
So so ! I think it does it jobs but not impressive!,5.0,Electronics
only negative its not super easy to remove,5.0,Beauty_Personal_Care
"I have been taking Goodgut support prebiotics for a short time,<br />But i have notice my Gastritis is not bothering me as much!<br />I Just take one capsule aday on a empty stomach as it says.<br />That said I have taken Two sometimes. One In the morning and another one about 12am with out a problem.",4.0,Health_Household
Since I have been using this product there has been a noticeable difference in hair loss post washing my hair and combing it.,5.0,Beauty_Personal_Care
OUTSTANDING PRODUCT !!!<br />It works well......I now take it every day.,5.0,Health_Household
"Bought this while I was living in Boston for 3 months for work. Walking around all day always caused my phone to die before noon. This has been a lifesaver. It charges my phone quick and has plenty of juice left for another charge. I've never been in a position where this has let me down, and I don't think I ever will be.",5.0,Cell_Phones
Nice product. Arrived in perfect shape. I recommend.,5.0,Home_Kitchen
I purchased the first buds and those went back! They were so HORRIBLE! These are hands down the best earbuds I have ever owned! I am so glad I gave them another shot!!! Worth the price!,5.0,Electronics
Not an average charger. It’s charges my iPhone 12 fast and reminds me of a $30 Apple charger. Can’t beat $10! Saving this sellers account to get more in the future. I tend to lose them or my daughter steals them,5.0,Electronics
This alleviated the pain drastically in my wrists and thumb,4.0,Health_Household
"I absolutely love how this conditioner  made my hair feel. My hair was damaged due to bleaching and it became so dried and course. After the first use of this conditioner, it was so effortless combing my hair! After a few weeks of using the Garnier conditioner, it was like my hair was never damaged. Wish I could give this a higher star rating! I have been recommending this to everyone!",5.0,Beauty_Personal_Care
"Also, for many years I've used Energizer and never had a 'leaker' - but Duracell -- I'll Never buy again.  I've just had too many leakers with those that ruined too many of my battery things.",5.0,Health_Household
Use it when my hands are in pain.,5.0,Health_Household
It works. No crease. Enough said,5.0,Beauty_Personal_Care
"My knees and ankles hurt so much some nights that I can't sleep; however, when I put China Gel on them I fall right to sleep.  My husband swears by it also!",5.0,Health_Household
Tried in several locations and did not work. I simply moved my router to solve my problem😊,1.0,Electronics
i got this heater to heat up my medium sized room and let me telllll you!!! This keeps my room super warm not overly hot since it tends to be cold even with the house heater on. And it keeps me soo toasty warm and it does amazing!!! It is totally worth the buy.,5.0,Home_Kitchen
Very happy with my purchase! Perfect for elevating my sprained ankle!,5.0,Health_Household
This doesn’t fit iPhone 7 Plus. It fits my iPhone 6,2.0,Cell_Phones
BEST TOILET PAPER THE MONEY CAN BUY !!!,5.0,Health_Household
I prefer the regular non lip Aquaphor. It is much more moisturizing and can be used on lips and face to help prevent wrinkles. I have used it for many years and it’s by far the best!,2.0,Beauty_Personal_Care
These are going to be perfect for me.,5.0,Beauty_Personal_Care
Jabra makes wonderful Bluetooth devices! The only problem with this one is that the ear wire is too hard and unbendable. That makes it painful to wear.... for me.,4.0,Cell_Phones
But they all love Biore pore strips on their nose to remove the oil and grime from their noses and then show everyone how yucky their nose pores were. They even put it on facebook. They are all crazy.,4.0,Beauty_Personal_Care
"And I have found that oils like this one work wonders on my facial skin.  This cranberry seed oil is wonderful!  After a shower and in the morning when I wash my face, I add a few drop of this oil to my face, smooth it in and it sinks in very quickly.  My skin feels so soft after putting this oil on my face.  I have also used it on my hands as I have dry patches that are hard to get rid of just by using hand lotion.  Cranberry seed oil is some amazing stuff!",5.0,Beauty_Personal_Care
"I love trying new hair products and was super excited to try L'emarie Wheat Germ and Coconut Oil Hair conditioner. And it did NOT disappoint. I had no clue prior to using this that wheat germ was good for hair. It contains vitamins A, E and F which nourish and repair hair while moisturizing and believe me, my hair sure needed it! L'emarie is also packed with coconut oil which helps strengthen hair as well as macadamia oil  which replenishes hair and softens it.<br /><br />L'emarie has a wonderful scent to it.  After washing my hair, I applied L'emarie and relaxed in the bathtub for a few minutes while it sat on my hair.  I was able to run my fingers through my wet hair easily...no tangles! It rinsed out of my hair very well and did not leave my hair feeling waxy, oily or greasy.  My hair air-dried and the first thing I noticed was that my naturally wavy hair was indeed wavy...but I had NO fly-aways like I normally do.  My hair looked, felt and smelled clean after using L'emarie.  I love how soft and shiny L'emarie made my hair as well.<br /><br />As much as I love to try new hair products, I love to find a product that I like and will continue to use and L'emarie is DEFINITELY one of those products!  I will be ordering L'emarie Leave-In conditioner repair to help keep my hair soft and nourished and keep those nasty fly-aways away!<br /><br />Fantastic conditioner. I love my hair after using L'emarie!",5.0,Beauty_Personal_Care
I bought this product to thin my extra thick hair between haircuts.  This has extended my haircut for a few weeks longer in the hot summer.  My stylist couldn't figure out how it stayed so contained.  It is my secret weapon now!,5.0,Beauty_Personal_Care
"i have always dealt with anxiety, depression, panic attacks, as well as diagnosed with adult adhd. I refuse to go on prescription medicine because of the negative effects, and have been looking for something to help combat the way i was feeling.<br /><br />before i started taking st johns positive thoughts, i had general anxiety, depression, became tired and sleepy throughout the day, had foggy brain, was overwhelmed very easily and had panic attacks every once in awhile.<br /><br />from the first time i took this, i noticed a difference. i thought it might have been a fluke, but when i missed a day, i knew i needed to keep taking st johns positive thoughts. I have more energy through out the day (I don't feel like I am going to fall asleep while at work!), no more anxious thoughts, no more panic attacks, am always in a happy, upbeat mood, can handle a stressful work load and the foggy brain is not as bad as it used to be. I am an overall nicer, happier person while taking this.<br /><br />the recommended dosage is ~ 3 pills a day, but i found that 2 work for me. i take one in the morning before breakfast, and one in the afternoon after lunch. i know when i start to get sleepy and the anxiety creeps in that it is time to take my second pill! another reviewer noted that he/she cannot take this after 5 pm, and i would have to agree. this keeps me up at night if i take it too late, which is past 4 pm (i try to go to bed around 10-11).<br /><br />overall, i give this product 5 stars and would recommend it to anyone who struggles with depression/anxiety. It has been life-changing for me, and I cannot say enough how much this has helped - i will be taking this for the rest of my life!!",5.0,Health_Household
I absolutely love this pillow. I have suffered from neck and shoulder pain for most of my life and have tried all kinds of pillows to aid in my sleep. This inflatable cervical adjustable pillow is fantastic. With a touch of a button I can adjust the volume and get the optimum sleep support that I need. Material is super soft and cushiony but it gives me the support I need. I wish it wasn't made in China (prefer to buy American) but this pillow is definitely one of the best I have ever tried.,5.0,Home_Kitchen
"For some reason, I didn't realize there was a conditioner bar when I ordered the shampoo bar but that was quickly remedied.  My hair was softer after using the shampoo bar but... the combination of the shampoo bar plus the conditioner bar was just was my hair needed.... it didn't even frizz in the rain yesterday afternoon!  I quickly learned how to use the bars in the shower and I doubt I'll ever go back to bottle shampoo and conditioner.",5.0,Beauty_Personal_Care
"I have been using the Day & Night Dry Wipes, Soft Extra Thick Daily Facial Cleansing Cloths so I can use my favorite cleansers and toners.  I love having a full-size cloth instead of using those little cotton rounds. they are lint-free, sanitary, and best of all... Disposable.",5.0,Beauty_Personal_Care
I ordered the wrong thing I am sending this back.,5.0,Electronics
"Perfect for what I needed, simple.",5.0,Home_Kitchen
Much better than Tylenol. I will never go back to Tylenol again,5.0,Health_Household
"Fantastic! Perfect length, color, blackout is perfect!!!! I highly recommend! Soft feel, thick!",5.0,Home_Kitchen
I am so impressed with this cup. When I first opened it I was concerned because it was lighter than most insulated cups that I have used in the past and I was worried that it would sweat and not keep my drink cold! Thankfully That is not the case. It keeps my drinks cold for hours and ice in my cup all night long! The look is beautiful. I could not be more pleased with this item!,5.0,Home_Kitchen
This is not light blocking. At best it filters.,1.0,Home_Kitchen
It doesn’t fit on either of my 2 hairdryers.,1.0,Beauty_Personal_Care
"I could not review these for a long time because I had put them into the closet and they had fallen in the back of the cleaning supplies and gotten ""lost."" I did finally find them a few weeks ago. A few days ago the dog vomited on the carpet and I decided to try one. I followed the instructions to the letter and left the pad on over an hour. When I peeked at it, it not only had not removed the stain, but it had changed the bright yellow color of the vomit to a sickly green. I left the pad there and allowed it to dry, but there was still a stain. I had better luck with the spray bottle of cleaner that the carpet cleaning folks left. I will try this out again on another kind of stain, but I can't say it's good for dog vomit.",2.0,Health_Household
Perfect for me to take on my road trips.,5.0,Electronics
Pretty picture but very flimsy. I don't think it will hold up long.,2.0,Cell_Phones
"I think this is awesome. Unfortunately, I accidentally ordered the wrong size.I changed colors in my cart, and did not realize that I changed sizes too. Whoops. Will give the first one as Christmas present and order a new one for me.:)",5.0,Cell_Phones
"I was kind of disappointed with this blanket, it is super soft but it looks like something a grandmother would crochet for you and you would only pull it out when she visits.",2.0,Home_Kitchen
Not as long as I was hoping for,2.0,Health_Household
"We bought this item to replace our wonderful Logitech Squeezebox radio, which has been having connection problems lately, and Logitech seems to have given up supporting it. The sound quality of this new Grace radio is terrible by comparison — tinny and muffled, and totally lacks the richness and depth of the Logitech. Why Grace decided to use such cheap components is a mystery, because I'm sure that a speaker and amplifier to match the Logitech Squeezebox would not be expensive. Very disappointing indeed.",1.0,Electronics
Good flavor. It does the job my kids like it.,5.0,Health_Household
I bought this and a bottle of scotch as a closest to the pin contest gift for a golf tournament. It was perfect! Such a nice presentation box! Glasses look high-quality. Stones look high-quality. Presentation box was ideal. So great – especially for the price!,5.0,Home_Kitchen
"[[VIDEOID:5fc1400c4c2e39f51b02c82fb3fd58ad]]I have never had any kind of earbud type headphone stay in my ear before, until now. I'm amazed!<br /><br />I have very small ears and my ear canals are half the size of normal adult ear canals so I have never had a set of earbuds or similar headphone that worked for me and I honestly had my doubts that these work work either. The only reason that I decided to try them is because I thought since they were designed to loop up and over my ear that I might have better luck. I turns out that I didn't have to loop them and they stayed in.<br /><br />When these arrived they had a larger cover on them and I tried them and they fell right out and I tried really hard and was disappointed until I noticed the other covers that were included. I took off the big ones and put on the smallest ones (this required a little effort on my part) and when I put them in, presto, they fit! Not only did these fit, they stayed in.<br /><br />I have been wearing these to the gym and they don't come out while I'm on the elliptical or when I'm lifting weights. I would not necessarily consider these noise cancelling but they are very close. There is an aerobics class that is always going on when I'm working out and it is quite noticeable but when I put these in I can't hear them at all.<br /><br />My only complaints with these is that when they arrived they had a clip so that I could clip the cord onto my clothing and it immediately fell off and I haven't seen it since so that's a bummer. Also, after a little while these do start to hurt my ears a little (I'm at the gym for about 1-1/2hr 3/wk) but again that may be the fault of my tiny ears. The volume control on the cord works great and is nice because it allows me to turn them down easily if I hear an announcement on the loudspeaker.<br /><br />Overall, nice headphones, good price and most importantly they STAY IN!!!!!!<br /><br />I received this complimentary product for my honest and unbiased review.",4.0,Electronics
Not double rolls compared to any other double roll I have seen.,2.0,Health_Household
"It was a beautiful case, loved the colors and looked sturdy ,but only issue was it didn’t close properly on my phone. If I take fit I’m sure it would have been perfect.",1.0,Cell_Phones
This is the best Apple Watch I have ever had,5.0,Electronics
"I wouldn't normally disclose this because it can be terribly embarrassing, but I feel its necessary for my review of this product.  I have OCD-Obsessive Compulsive Disorder.  Its not a self diagnosis or the result of a Google search, I was diagnosed with having OCD nearly 20 years ago by my family physician.  My OCD comes with some bizarre compulsions. One compulsion  I have is that I cannot stand to have any type of lotion touching my skin.  I cannot stand the way it feels just sitting on my skin.  If its a lotion that dries quickly or a lotion that goes on dry, such as certain sunscreens, then I""m fine.  If I can feel lotion after a few minutes, I wipe it off, end of story.  And I never touch that lotion again. (Yes, I realize how freaky I am...OCD can be extremely annoying! lol)<br /><br />When I was 15, I took notice of my mother's skin. Very smooth and soft and practically wrinkle free.  I wanted my skin to be the same when I reached her age (early 40's) so right then and there, I began to use moisturizing cream on my face daily.  Decades later, I continue to.  In addition to  keeping my skin soft and preventing wrinkles, I also use moisturizers because I have extremely fair and sensitive skin.  In the winter, it doesn't take long before my skin is bright red, itching and burning if I don't keep it moisturized.<br /><br />As soon as I took the GreenIVe container out of the box upon its arrival, the first thing I noticed was the word 'BUTTER' in huge letters on the label.  Uh oh.  Butter=greasy feeling of lotion sitting on my skin.  And you know what that means for my OCD.  I began to dread trying GreenIVe shea butter before I even dipped my finger in the container.  I got a VERY small dollop of shea butter on my finger and began to spread it on my cheeks, my chin, my forehead and my neck area.  I immediately felt as though I had smeared Crisco shortening all over my face but I did NOT wipe it off. How I wanted to!  But this was the first time I was trying this product and I had to give it a fair shake before banishing it forever because I didn't like the way it felt on my skin.  So I applied a thin layer and waited for a few minutes. And a few minutes was all it took because the greasy feeling to go away and the shea butter to be absorbed into my skin.  I was NOT left with a greasy-Crisco feeling. I did not have that dreaded feeling of lotion sitting on my  skin.  My skin was now dry but it was SOFT.  Incredibly SOFT!!!  I happen to have a small patch of skin on my forehead that frequently itches and drives me bonkers.  I did apply a small dab of shea butter to that spot and it no longer itches AT ALL.  I have a small scab on the top of my hand from a small cut I got a few days ago.  And you know how scabs are...they itch but if you scratch it off, you start the healing process all over again .  My scab and the area around it itch but instead of scratching, I applied a TINY dab of shea butter.  The itching has stopped completely.<br /><br />I could NOT be happier that i have found a new product to use to moisturize my skin , keep my skin soft AND stop it from itching.  Even better is the fact that GreenIVe is 100% all natural! NO additives...NO fillers...NO coloring added...NO scent added. This is 100% raw Africian shea butter and if it can keep my dry, itchy skin soft and healthy, there's no doubt it can do the same for everyone. I did a little research and found this product works on ALL skin types.  And believe me , it DOES work!  You want to use GreenIVe shea butter to keep your skin as healthy as possible.  It works and its ALL natural.",5.0,Beauty_Personal_Care
Size is very small more like toddler size,1.0,Health_Household
"Should have read the other reviews.  small and more brown, looks like rabbit food.",2.0,Home_Kitchen
"I love my foodsaver and have recommended this product to many of my friends. However, I bought this set a few months ago, and after only two uses, the top of the large rectangular container cracked and will no longer hold the vacuum seal. There is no way to contact the seller for a replacement lit that I can see.",1.0,Home_Kitchen
Pros:<br />-Best touchscreen available<br />-Strong battery life<br />-Solid build<br />-Access to Apple app ecosystem<br /><br />Cons:<br />-Mediocre value versus alternatives<br />-Amazon/Apple pricing policy (reduced price $50 days after purchase and will not credit; will see if they lest this truth through),2.0,Electronics
"I love a fuzzy, soft, cozy throw and so do my dogs. This one is soft and the grey blue color is very soft and pretty. However, this arrived with a horrific stench right out of the package. It's hard to define exactly - a cross between old, spoiled meat and wet dog fur and mildew. The smell is so strong that my husband noticed it down the hall as I was opening the box. I'm not joking.<br /><br />I have washed this three times now with scented Gain detergent and hot water and it STILL STINKS. It came from the factory smelling like rotten meat and mold and that scent will not come out. I am throwing the entire thing away and running a full sanitize cycle on my washing machine now. Just avoid.",1.0,Home_Kitchen
Terrible lighter! It worked really good for about a second.  I’m returning it to Amazon,1.0,Health_Household
very nice case.  I get many complimants on my phone case.  Love it!!!,5.0,Cell_Phones
I need a very bright mirror and this is absolutely the best!,5.0,Beauty_Personal_Care
"Adorable, sturdy jewelry shelves!  Perfect for my daughters rooms!",5.0,Home_Kitchen
"I brought this soap because my sister is sensitive to smell, and accomplished that, but it broke her out in skin irritation.",5.0,Beauty_Personal_Care
"This went on very chalky and did not spread well at all. This particular shade is very light in color and the first time I applied it I removed it immediately. I tried it another time over a moisturizer and it was still thick but spread a little easier. However, it emphasized skin imperfections and wrinkles that were not visible without foundation. I am sorry, but I do not like this makeup at all for me. I prefer a lighter, more natural look.",1.0,Beauty_Personal_Care
"This set surprised me a bit, the pictures don’t really do it justice. They are a perfect weight, beautiful and functional! Well worth the price. My favorite piece is the spaghetti spoon it is big and more flat, which I prefer over the other type of spaghetti spoon you can really wrap the pasta around it. The tiny holes at each end are perfect fir hanging if you so choose. Win!!",5.0,Home_Kitchen
"I really really wanted to like these. I got them to keep a spare set of earbuds in my car for when I forget to take my airpod pros with me or when I don't want to risk losing those. I wasn't expecting or needing the sound quality to be as high; I would've been perfectly happy with the sound and noise cancellation of these if I didn't have other issues.<br /><br />Regardless of which tips I use, I could not get the earbuds to sit comfortably in my ears. They always felt like they were going to come out, and I found that if a laughed/crinkled my eyes, they would actually come out. I also wasn't crazy about how touching the round part turned them on/off. When I'd be fiddlng with them trying to get the fit right, I'd be constantly turning them off and on. I prefer the design of touching the stem to turn on/off where it's a mre deliberate act.<br /><br />Other than that, bluetooth pairing was straightforward as was charging and seeing how much charge was left in the case. As far as I can tell, there's no way to know how much each individual bud is charged which is disappointing. I looked everywhere for a label of left vs right when out of the case and couldn't find anything until I saw in the maual that they're supposed to be labeled and I looked again. The R and L are super tiny and hard to read such that they're not usable in most lighting situations.<br /><br />Overall, these were a bust for me. I'd opt for my wired earbuds as a backup pair over these.",2.0,Electronics
Softest blanket ever! I think I love it more than the kids haha,5.0,Home_Kitchen
Guess my teen years never left. Love the sparkles.,5.0,Cell_Phones
My daughters favorite clips!! Very good quality ajd so pretty!,5.0,Beauty_Personal_Care
"I just wish it was obviously written somewhere that it isn't microwaveable. And the food does transfer between the compartments. The photos I've attached were taken AFTER I dropped it on the floor at waist-level. It didn't crack from the fall and the lid stayed on almost completely. One of the latches became loose, but no food fell on the ground.",5.0,Home_Kitchen
I've real other reviews on this product and feel that it's gotten too much negative feedback. If you're using shampoo then the consistency of this product is similar. My hair was ruined after my attempt to bleach it and this has helped immensely! It helps detangle my hair and leaves it so soft and manageable. Just try it out and make up your own mind about this product. Definitely worth trying it!,5.0,Beauty_Personal_Care
Will update if something goes wrong,5.0,Beauty_Personal_Care
Excellent product recommended by my dermatologist I recommend highly,5.0,Beauty_Personal_Care
My screen protector cracked! It glares and looks lol my phone has a cracked magnifying glass over the screen.,2.0,Cell_Phones
this goddess statue is absolutely beautiful.  Just what I was looking for!,5.0,Home_Kitchen
There's a weird chemically aftertaste to these. They get stuck to the roof of your mouth and are seriously hard to dislodge. When stuck they take too long for comfort to dissolve. The taste going in isn't horrible but it's not something I'd write home about. They also have a weird texture. Maybe it's easier to get some caffeine than drinking an energy drink but to be honest I'd rather drink an energy drink.,2.0,Health_Household
"Works and does what its suppose to, which is charge. No issues so far.",5.0,Cell_Phones
I love this is perfect for mini cheesecakes it’s so cute,5.0,Home_Kitchen
I’m a woman with sensitive skin and I absolutely love this razor.,5.0,Beauty_Personal_Care
Best one I ever bought for my truck,5.0,Cell_Phones
"The color was way lighter than expected, the coverage was like a light, chalky and unflattering finish.  Super disappointed in the product.  This is not the seller’s fault it’s just a bad product.  I will never wear this.",2.0,Beauty_Personal_Care
"I should have the biggest bruise right now on my thigh! I fell so hard, the kind of fall that bruises purple and yellow the next day. Instead I rubbed this lotion all over the impact area and then iced my thigh. The next day the area was tender,  but there was no discoloration at all. Like it never happened. I’m convinced for my lifetime about the healing powers of arnica!",5.0,Health_Household
I had it only a week and it stopped working,1.0,Health_Household
the best for me and grand kids too,5.0,Health_Household
Just ok. I was really cute when I first bought it for my daughter. Looks pretty worn and dingy after only a few weeks.,2.0,Cell_Phones
"This is similar to matte liquid lipstick, but it feels sticky and never fully dries down. If it isn’t going to dry, I’d just prefer to use a typical lipstick rather than a liquid version. The color was fine and I like the shape of the applicator. But I don’t like how the lipstick felt and I didn’t like how it wore.",2.0,Beauty_Personal_Care
"I do use this on mattress when I travel and stay over for a few days.<br />But, I also like to use this a home as well.  The suction is powerful and doesn't tear up my couch.<br />My couch has a little shag to it, not a lot.  And this cleans and without damaging it.<br />Before I would run a rug scrubber attachment on my couch with mixed results.<br />With this, I'm loving it.  Great for fabric couches!!!<br /><br />Trust you found this review honest and helpful:-)",5.0,Home_Kitchen
"I go hiking pretty regularly and today I ended up taking a small tumble scraping my leg up. Was really happy to have this first aid kit waiting for me in the car! Haha it includes pretty much anything you'd need to patch yourself up when it comes to minor cuts and bruises. The pack is super cute and compact, well organized inside so I could easily find what I needed. I keep this in my trunk at all times!!",5.0,Health_Household
"I’m a fan of Mr. clean sponges from yrs ago, then they got ridiculously pricey.<br />These are the exact same thing, but Less then a 1/4 of the price, if not less.<br /><br />These do not come in fancy wrappers.(Yay)<br />Wet one you want to use, do not twist it, just squeeze like a regular sponge,<br /> but it’s not like a regular sponge.<br /><br />All my appliance in my kitchen are stainless except my big white textured Fridge.<br />My little and big grandkids are here all the time,  These sponges are very easy<br />To use, and takes off dirty finger prints on freezer and fridge door.<br />Light switches, finger prints on all the doors, inside and out, car interior ,<br />Kids car seats, and toys, You do use any poison sprays,<br />Use in the bathrooms, bathtubs, and probably another 100 items you<br />Will find uses for this.<br /><br />I’m so happy for the price. These are not huge but I have seen smaller ones  and for<br />more Money.<br />These do not last like a regular sponge does, and it’s not supposed too.<br />They sort of just de-solve. Every time I do use these I rinse them off till<br />The next time.<br /> I have never put these types of sponges in the dishwasher.<br /><br />Don’t pass these up For the price, and they are magic. Any type of smudge ,<br />Dirt it’s gone when using this, and I don’t see where the paint on the walls or<br />Baseboards have come off using these.<br /><br />5 stars.",5.0,Health_Household
Didn't irritate my sensitive skin & removed my makeup with ease.,5.0,Beauty_Personal_Care
"Gentle product for makeup remover, excellent EWG rating too.",5.0,Beauty_Personal_Care
Just what I needed for our extended camping trips. I can get several full phone charges plus charging the USB lanterns for the kids.,5.0,Cell_Phones
"I was concerned this brush dryer would be too large around for my shortish hair, but it’s perfect!!!  Love Love Love this new tool!  I still had to use my dryer and a small brush for my bangs, but this did a Great job with my shirt Bob!!!",5.0,Beauty_Personal_Care
My favorite Doterra oil. Used all through pregnancy and all the time.,5.0,Health_Household
Es magnifico...!!! Me encanta y me ayuda mucho...!,5.0,Home_Kitchen
"I was surprised to find that I like the glass file. It gets along with my nails, and not all files do. The lever fingernail clippers are sharp, have a wide handle, and have a slight curve on the cutting edge, but they also have a plastic casing. I assume it's to catch the cut nail, but it's a little awkward to get over the nail and then get the cut nails out. The straight-line toenail clippers have a spring that isn't too strong and the handle is easy for me to grasp despite my arthritis. However, I can't get these clippers to cut through even my thinnest nails. I've had this trouble before with similar clippers, so maybe it's just a style that doesn't work for me.",4.0,Beauty_Personal_Care
"Product as stated, no issues, will purchase again when needed.",5.0,Beauty_Personal_Care
"I want to love this because my grandmother wore it, and I've always loved Yardley. But, the scent of this Yardley is so light, I can hardly tell I've put it on, and it doesn't last. Big shame. I'll try & use up the bottle, but I'm disappointed with the purchase.",2.0,Beauty_Personal_Care
I don’t like these multivitamins. The flavor is horrible and I don’t think the ingredients are very good.,2.0,Health_Household
I absolutely love it!  Don’t know how I did without it!!!,5.0,Home_Kitchen
"The sound is great, I use this for watching TV or listening to music.  It's nice to have one ear ""open"" to hear stuff.  But I have small ears, and oh my, the holder hurts so much!!!  So, I'm going to try to sort of ""make"" another type of ear hook thing...if I can't figure it out, I'm going to have to stop using these.  :(",4.0,Electronics
Perfect. Far nicer then the cover I purchased at the Verizon Store.,5.0,Cell_Phones
"For an apartment with only one door and one window that opens this set is great.  But most places need a few more.  For a dorm room this is fine.  I've only seen dorm rooms that had one door and usually the dorm rooms windows are several stories up so it would probably be pretty hard for someone to enter that way.  Unless it's on the ground floor.<br /><br />The door stop alarm is extremely LOUD.  And it will not stop SCREAMING until it is physically switched off.  This is the first of this type I have ever tried out.  A few years ago I bought about 10 door stop alarms of another brand and they were also very loud.  However, once the pressure plate was released back up they would stop screaming.  I guess it's good that it continues to scream until you stop it.  Especially in a dorm type living situation.  Someone would eventually come to see what was the matter.  It takes one 9 volt battery.<br /><br />The window alarm is extremely simple to install and the double sided sticky tape that comes with it is very strong.  I have several of these window alarms attached to various windows at my home.  They aren't the loudest but they should get the job done of scaring off an unwanted intruder.  It takes 4 LR44 button batteries.<br /><br />The personal key chain alarm is o.k.  It's got a loud scream that makes my ears ring.  It takes a good tug to pull out the pin to activate it.  The small LED light is better than no light at all but don't expect a bright beam.  It  will help you find your keys if you dropped them in the dark.  I think along with a sincere scream for help and the personal alarm screaming as well, I would think most aggressors would give up and try for an easier target.......at least I would hope so.  It takes 3 LR44 button batteries.",4.0,Electronics
I bought this Boombox without researching the product and made a mistake and I can use it but I won't go with an off brand again! Thanks!,2.0,Electronics
"Finally!!!!  I have found a product to completely clean out my shower drain.<br />Yes, I highly recommend it.",5.0,Health_Household
Perfect size for my hair. Gets hot really fast. I love it!,5.0,Beauty_Personal_Care
"This isn't that great a lotion.  It doesn't moisturize well and the texture is weird.  It's runny for a lotion but starts to feel waxy as you rub it into your skin.  The scent is very neutral so if you're someone who likes to smell good after you moisturize, this one isn't for you.  However, I'll give it to them.  The tube is a decent size and the cap snaps closed tightly after use.",2.0,Beauty_Personal_Care
Fits my phone and does not add a lot of bulk.  Perfect.,5.0,Cell_Phones
My granddaughter never told me if she liked it or not,3.0,Beauty_Personal_Care
Color is great!  The quality of the product is low!  Actually broke off a piece on the back of frame trying to open the back to place picture in it!,2.0,Home_Kitchen
I’ve tried others. I always come back to these.,5.0,Health_Household
liked the blow dryer and lightweight for me,4.0,Beauty_Personal_Care
"Got it during sale. No regrets! Free from "" no more storage"".",5.0,Electronics
Better than my own hair.  PERFECT.,5.0,Beauty_Personal_Care
"I absolutely LOVE this line of rainbow kitchenwares and have multiple different items from within the collection.  Unfortunately, these aren’t as high quality as the others.<br /><br />The lid for the pepper shaker was dented on arrival.  The box it came in was in perfect shape so it was obviously like that before shipping.  The lids of both are really difficult to line the threads up on so twisting them shut is a pain.  Thankfully, you won’t have to fill them often because they are huge.<br /><br />The spoon rest is useable but also not the best.  The tip of the handle doesn’t quite meet the countertop to keep the entire piece in one spot.  Instead, it sort of teeter-totters back and forth and spins anytime you touch it.  It gets the job done but it is a bit of an annoyance.<br /><br />The Magical Kitchen has such beautiful, high quality items within the line but these fall flat in comparison.  I’ve already donated the salt and pepper shakers and am looking for a replacement for the spoon rest.  I’d suggest skipping these but don’t hold that against the rest of the line.",2.0,Home_Kitchen
Added the perfect touch to my tree. Very easy to assemble & disassemble.,5.0,Home_Kitchen
Refund not necessary. Thank You for always being so ..... Awesome<br />I bought a silly small size 🙄,5.0,Health_Household
I always order it for my husband when he upgrades his iPhone,5.0,Cell_Phones
Don't waste your money! Doesn't charge anything.,1.0,Cell_Phones
"This product is more than satisfactory.  I worried, after reading a review that said the phone slides out of the holster, but there is absolutely no way that can happen.  It is, actually, so snug, that I have to use two hands to force it out.",5.0,Cell_Phones
"Wish I noticed a difference, but nothing. I have high cortisol. Took this very faithful til gone & nothing.",1.0,Health_Household
Perfect for pouring wine at my tastings,4.0,Home_Kitchen
Gave full coverage when applying my face mask!!! Absolutely LOVE,5.0,Beauty_Personal_Care
Good but does not fit well into my wife car Fiat 500.,4.0,Cell_Phones
"So, for the price this is duvet cover is alright. But, I would not buy it again because the back side (solid pale blue) pills like crazy.<br />I’m not sure if this is just for the duvet set  option I got (blue and white gingham/plaid).  The top side, (where the blue plaid design is) doesn’t pill at all and has remained soft and smooth, but what’s the use of that when the back side is what touches your body when you’re under your blanket.<br />I will say I was a little worried that the fabric would rip whenever I went to open the duvet because of how strong the snaps are.  There doesn’t seem to be any interfacing where the snaps are to reinforce it, so that the fabric won’t rip.  The snaps are pretty strong for the fabric, so I would advise that you take hold of the fabric close to where the snap is when you go to open it.<br />Also, definitely NOT wrinkle free",2.0,Home_Kitchen
"I don't know what I was thinking except the color red was attractive. The red silicone started peeling off after the first dishwasher run, and the base fills up with dishwater so not sanitary. The  silicone grabs at the foods and food clings to it more than my metal whisks.",1.0,Home_Kitchen
Lightweight for the hair. Doesn't feel greasy. Nice scent.,5.0,Beauty_Personal_Care
This worked great for a couple weeks. Then it just stopped charging my devices. Contacted customer support to be issued a replacement. Said it would be mailed but I never received it. Would just like a refund at this point.,1.0,Cell_Phones
I thought these were Apple when I bought them for some reason so I was disappointed but then used them and they are just as good at a fraction of the cost!!! With how often my kids leave theirs places - this is amazing! Order them!,5.0,Cell_Phones
It took me a long time to find the perfect dash camera. I’m so happy that I found it!<br />This camera is so easy to install. I’m not very good with technology but this camera is super easy to install and configure.<br />Definitely worth buying!!!,5.0,Electronics
"We have a large white table with black chairs, so this runner is perfect for that extra touch in our dining room.  Our plates are white, our napkins are black - it all goes together beautifully.  Amazing that we found a black and white check runner!  Lends a casual feeling to our farmhouse dining!",5.0,Home_Kitchen
Can’t really tell...but can’t hurt.,5.0,Health_Household
Amazing!! I love it I only wish it came with instructions on what each tool is for but sturdy everything looks great I love it and will be buying these as gifts in the future!!,5.0,Beauty_Personal_Care
Other fast drying top coats make my nails chip in one day. Not this!  I love it.,5.0,Beauty_Personal_Care
"I did not like this watch case. I appreciated that it was hard to get on so it would be a good fit. However, I had great difficulty using the touchscreen at all with it on. I tried it out on several occasions, and it just isn’t worth it. I would return it for a refund, but I threw away the packaging.",2.0,Cell_Phones
I wanted to return it so badly but I have opened & used one out of the box. I had this purchase previously from another site & I presumed the his will also be good. This one was One dollar cheaper & that is what I got as a result😒,2.0,Health_Household
Hardly any real peppermint or tea tree oil in this. Bogus product that smells good and that's about all. After all how can 1 product do 3 completely different things?,1.0,Beauty_Personal_Care
Works great without destroying my edges.  in minutes it get my wig off.,5.0,Beauty_Personal_Care
not profitable with my existing meds,5.0,Health_Household
taste was terrible.  So terrible I threw them away,5.0,Health_Household
"I'm not sure if the product I received was just a bad batch or something but this is probably the worst conditioner I've ever tried.  Like a few other reviewers have noted, this conditioner actually felt like it damaged my hair and I had to use several other conditioners afterwards to get it feeling semi-normal again.  I like the way it smells but that is the only good thing I can say about this product.",1.0,Beauty_Personal_Care
"Upon ordering this product, I shared it with my techy husband who immediately informed me it would not be possible for this to work the way it is shown. He helped me install it of course and was just as impressed with the quality as I was. We are happy to include it on the dash of my vehicle and I love having it in the line of sight while driving as I often use my phone for a gps. Normally I have to hold my phone which of course is not safe, so it's a great relief that I do not have to hold it any longer and is easy to look at. The top of my dashboard is slightly slanted towards the windshield as most cars are so this sits nicely on it. I like that it is small enough that when my phone is not on it, it does not obstruct my view on the road when looking to the passenger side of the road. It also fits nicely in with the black dash so it doesn't stick out as much visually. Definitely cool! I have received this product free of charge in return for a review.",5.0,Cell_Phones
Best liquid eye liner I’ve ever tried,5.0,Beauty_Personal_Care
Just cotton not stiff like it says,4.0,Home_Kitchen
Perfect! I added my EO and am rolling on.,5.0,Beauty_Personal_Care
Not much red currant. Awful scent,4.0,Health_Household
"I haven’t dropped my iPod touch yet, and that’s probably because this provides a tactile grip around the edges. If I do eventually drop it, I hope that this will provide enough of a bumper to prevent damage and it should.",5.0,Electronics
it goes on easy and is perfect fit.,5.0,Cell_Phones
Look seller you don’t have to post my review I have word of mouth works a lot better it’s called freedom of speech written or oral . I will make sure I address as many people that I can about your product. Not good!!!!!!!!.,1.0,Health_Household
Arrived promptly. An excellent upgrade from my previous Kindle.,5.0,Electronics
"This battery is just amazing, it charges my I Phone and keeps it going for hours.  I even bought my wife and daughter one!!!",5.0,Cell_Phones
"Unknown, as this product was stolen from my house before I could install it.",5.0,Electronics
Shipping was fast just as fast as these chargers . Now the whole house has their own chargers I’ll see how long until I’ll have to order more due to them losing them!!,5.0,Electronics
"This is my favorite hair color, unfortunately I think I probably got the last two bottles of it and will have to switch to Manic Panic instead.",5.0,Beauty_Personal_Care
I sprayed this stuff in my hair on a Friday and went to style it and it was immediately sticky like super glue! It took washing my hair four times to get this junk out of it! Horrible!,1.0,Beauty_Personal_Care
Got it for my boyfriend he said they were fantastic but his battery was long dead before he got through the whole course,4.0,Electronics
I especially like the citrus scent. I find it energizing in the mornings.,5.0,Beauty_Personal_Care
This is by far the best cinnamon oil I have ever smelled.,5.0,Health_Household
"Unlike every single other forced air heater, you can't use this as a fan!!  It's a heater ONLY.  If you set the thermostat lower than the room's temperature, it simply turns off rather than switch to fan only.<br /><br />The top buttons are horribly made, they feel like they are guaranteed to break.<br /><br />The remote control is big and QUITE ugly.<br /><br />There are two large clear stickers with writings on them, removing them removes some of the ""texture"" and leaves a seriously sticky surface on the heater.<br /><br />Came back and added an second star, it heats the place pretty well! :)",2.0,Home_Kitchen
These photo frames are totally what I wanted. They fit my pictures perfectly and look amazing hanging on my wall. Such beautiful frames that I know will continue to look beautiful for a long time to come.,5.0,Home_Kitchen
"So glad I picked these up, we had an issue with our echo show that someone was hacked and someone was watching through our camera. Super scary and I just kept it unplugged for a while. I got these and tested these out by having Alexa take my photo, and boom! All black, nothing showing on the camera at all! I recommend these for everyone with a camera, smart TV, computer, echo show, whatever... These are it!!!!",5.0,Electronics
I am no longer a fan of gold bond powder in any form. It has Zero holding power. Put it on and it just falls off. When they used talc it was perfect. Even the spray cans no longer spray. I switched to caldescene.,1.0,Beauty_Personal_Care
My son loves all of this brands products,5.0,Beauty_Personal_Care
Finally a lightning cable that works thats not made by Apple!!! All the competitors that try or claim to replicate Apple's propriatory and expensive  OEM cable are stealing your money. This one works.,5.0,Electronics
"I dropped it twice and it didn't break.<br /><br />I saw in the description for this product that it's ideal for schools and offices, I'm using it for home, we have two kindles, three phones and one table to charge on a pretty regular basis and this charge station is keeping us from having a spaghettied across the counter mess of cables and devices.<br /><br />While the Charge station is pretty nifty, it comes fully assembled, it's not as lighweight as it looks, much sturdier and drop proof, but it's the industrial sized power source that made the shipping box so heavy.  I almost feel ashamed using this fine piece of hardware on our crappy homemade wiring (we didn't do the wiring and I suspect an Electrician didn't either - hence our plethora of fire alarms and two fire extinguishers - never can be too prepared!).<br /><br />All in all, a nice addition to our house.",5.0,Electronics
"This blanket is soft and warm and easy to wash.<br /><br />I have two like this, but I have never found one in this color. It's beautiful and matches my bedding.",5.0,Home_Kitchen
I love the idea and the size. However it is almost impossible for me to secure this thing. It always falls out in minutes of me plopping my curls.,3.0,Beauty_Personal_Care
Connected the old wires and if fired right up.,5.0,Electronics
"It's probably my fault, but I thought I was getting the same sized package as I get from Costco. The product itself is great. We've always used a different brand but I find I like the less thick, fluffy toilet paper.",4.0,Health_Household
"I've been a long-time maker of my own hand cremes, etc. and love using all-natural products. I've never found a pre-made lotion that worked as well as my blend with shea butter, but this stuff is amazing! My hands are super soft and no longer dry, even with the many hand washings we're all going through every day right now! I've used it twice on my feet, and they're way softer,too, but priorities mean I save this for my poor hands right now!!",5.0,Beauty_Personal_Care
"Just like we thought, another perfect item from amazon! thank you",5.0,Health_Household
"The year is wrong. The January 9, 2023 National Championship was actually the 2022 championship.",1.0,Home_Kitchen
This is the authentic product..no problem with sticking. Repeatedly..,5.0,Cell_Phones
"Nice, but does not work with mag safe tech.",2.0,Cell_Phones
I gave this case to my bff for his phone and he absolutely loves it! Great purchase!,5.0,Cell_Phones
"I love trying new face masks, I like all kinds, I’m pretty much a big fan of anything that makes my face feel soft. I do have a go to overnight face mask, it’s a very light thin mask, and this mask is a lot thicker/creamy so I was excited to try this one.<br />I have to admit that the smell didn’t bother me when I was putting the mask on, but it did start to bother me when I was falling asleep. This mask has kind of that clay mask feel when it’s been on your face for a while, which normally I find enjoyable, but this one felt a little bit annoying, I would say it made my skin feel itchy but I was definitely aware it was there and not in the best way.<br />As far as results, I don’t feel like it actually did very much. After I washed my face my skin felt no different than when I put it on, I honestly get better results for my daily moisturizer. All in all this was kind of a wash for me.",3.0,Beauty_Personal_Care
"Worked for a while, but I was constantly recharging. So I decided to buy the Olympus brand for better performance.",2.0,Electronics
Perfect phone case for the fancy guy or gal. Sturdy and sleek.,5.0,Cell_Phones
"Good product, but it is not easy to apply to phone.",4.0,Cell_Phones
OMG!!!<br />Best subwoofer out there!,5.0,Electronics
"These are convenient gloves to have on the go/travel with. They are in a very small packet around the size of a rubbing alcohol wipe. They come in handy for messy situations but are bulky on my small hands. They are not good for things that require precise handling, but they do get the job done of protecting hands from messes.",4.0,Health_Household
Perfect fit! I just ordered a second one.,5.0,Electronics
Cute case.  Stand breaks easily!,2.0,Cell_Phones
Bought this for my niece. She loves it!! Fun and stylish!,5.0,Cell_Phones
I always use this to cover up those dark spots. Perfect!,5.0,Beauty_Personal_Care
We have four iPhones in our immediate family. This doesn’t charge any of them. It starts with a blinking light as soon as it’s plugged into an outlet…never stops. Pretty sure that isn’t supposed to happen.,1.0,Cell_Phones
"I was able to drop expensive cable.  This offers everthing I need and something else I notice...I don't watch as much TV as I used to.  I can watch what I want to watch, when I want to watch it, and it seems like I need less time on the TV.  Our cable used to be on all day long.  Is there some kind of subliminal messages they put out?  Have no idea why I don't need to watch as much TV???",5.0,Electronics
My husband says this cream helps his aches and pains.  I keep some here all the time.,5.0,Health_Household
I never have to go worry about running out.,4.0,Beauty_Personal_Care
"This stuff is weird. I swear I get random wiffs of cat pee when I use this body wash.  And after using it a few times over the course of the week, I started noticing little patches all over my body. I know these spots. HIVES🙀 People were saying this stuff is okay for sensitive skin.. just be aware that it wasn't for me.<br />Not great",4.0,Beauty_Personal_Care
"This product offers nice damage control for split ends or over-dry hair, and because you only need a little, it doesn’t really add weight. If you have dry, processed, or damaged hair, this is one of several things you can add to your regimen, applying only to the ends.",5.0,Beauty_Personal_Care
Ok case for the price but the case is to hard to remove from phone.<br />If your like me I like to cram my case and phone daily. But since the case is too hard to remove I’ve given up taking the case off,1.0,Cell_Phones
"One day I will learn to avoid dish towels that I have not actually handled in person. These are not the sort of dish towels that I need or want. I expect a kitchen towel to actually absorb water and be soft after going through the laundry. These are pretty and they look cute, but they do not dry your hands worth a flip. Nor do they soak up spilled liquids on the kitchen counters, which means that these towels are essentially useless for mess clean up. Honestly, I have relegated them to my truck as dust rags for the inside of it.",2.0,Home_Kitchen
I use this with each shower and follow it up with the Monster & Son oil or beard balms I have. I am absolutely obsessed with their beard line- it's the best I've tried and I've tried MANY.<br /><br />This leave my beard feeling nice and clean but doesn't dry it out which is nice. Definitely a great beard wash!,5.0,Beauty_Personal_Care
"I love these. They fit great and look fantastic. I will be using these for my Halloween costume. I might make them a bit spikier. At any rate, they are really fun and I like them. I recommend.",5.0,Beauty_Personal_Care
I've bought Diztronic TPU cases for each of my last few phones and have always been happy...this case is no different...Very nice...,5.0,Cell_Phones
"I've always been a fan of dove soap and I have to say this is their best soap yet. I accidentally bought this item, but I have to say it was the best mistake I've made in product buying. I'm big on exfoliation and have always used loofahs and pads of all sorts. Though I will always have my loofah obsession for that real scrub, I have been able to use this soap instead for most days of the week and it really does exfoliate your body leaving it soft, moisturized and smooth. Besides the fact that is does what it says, it also smells absolutely amazing!!! My favorite soap ever.",5.0,Beauty_Personal_Care
"I took pictures of the mega roll I bought at CVS and the ""mega roll"" I bought here on Amazon. The one I bought through Amazon is clearly smaller and falsely advertised as it's just a regular/standard size. I don't like the misleading labeling. I feel gypped. For regular sized toilet paper it's overpriced for sure.",1.0,Health_Household
I like this more than my original because it's longer. Perfect replacement.,5.0,Electronics
"Excellent product, fast shipping, great price! Highly recommended!!",5.0,Cell_Phones
"I order Kiss nails all the time, these are amazing, possibly my new favorites! I've gotten so many questions if they are my natural nails!!",5.0,Beauty_Personal_Care
"I ordered this after getting a refurb with a bunch of dead pixels. In the time I had the refurb I was thoroughly impressed with it...well except for the dead pixels. I didnt not want to wait for refurb to come back in stock so I ordered new  the next day, no REGERTS,lol",4.0,Electronics
iI ordered this product by a friend recommend . I've used it for six months with minimal if any change to my overall skin appearance or feel . I wish i didn't waste my money,2.0,Beauty_Personal_Care
Took this for about five days and my stone slid out. I've had problems with this stone off and on since January.  This really worked for me.,5.0,Health_Household
I love this case I just put it on my iPad and fits perfectly makes my iPad looks amazing I have pop it phone case as well I bought a while ago the colors match perfectly happy customer,5.0,Electronics
"Unfortunately, I have Lupus. I am having monthly rash type outbreaks and my face looks like a severe sunburn. It’s painful and itchy. This mask is worth gold to me when I have these outbreaks. The fabric side is so amazingly soft against my sensitive skin. I’m so glad I found this cooling mask.",4.0,Beauty_Personal_Care
This is a beautiful piece of glass art work. It's absolutely gorgeous! It has some heft to it and is stable. This looks great on my office desk! This would make a great gift!,5.0,Home_Kitchen
it’s perfect for protection & showing off the phone color . i dropped my phone & it didn’t even mess up the case . nor did my phone crack . easy to hold . not slippery . & very slim . definitely would recommend .,5.0,Cell_Phones
"The minute hand doesn't work anymore,it just sits at the bottom of the clock.  Other than that it is cute",1.0,Home_Kitchen
"Doesn't go on smooth, clumpy, chips off very easy.",1.0,Beauty_Personal_Care
The thin glass probably wont survive on the stove therefore I won't put it on my stove... I only use this beautiful tea pot when I make sun tea or full moon tea.  And it work perfectly that way,1.0,Home_Kitchen
My husband says they are the best he has used,5.0,Beauty_Personal_Care
"I am always looking for something to support my memory, and medicinal mushrooms look to have a lot of promise. These are easy to take. I have not experienced and adverse effects.",5.0,Health_Household
Great tweezers for the price!!! My new favorite! Better than tweezerman!,5.0,Beauty_Personal_Care
"This is the second vacuum robot that I have had the pleasure of reviewing.<br />We attempted to have this robot do both the carpet and linoleum floors, but we have very thick shag carpet, and it did not do a great job of navigating or cleaning the carpet. I don't have an issue doing the carpeted areas with a regular vacuum, I wasn't expecting the Jet Bot to handle that area.<br />On the linoleum, it works great! Picked up all the pet hair/food/dust and returned home to the base with no issues. Like the other I tried, my pets don't particularly like it, but they don't interfere.<br />One of the things I did not like in this model is the need for dust bags for disposal. They are an added cost, and can be difficult to locate. Other brands offer bagless bases that feel more eco-forward. I would choose bagless going forward if possible.<br />~~I hope you found this REAL review helpful to you!~~",4.0,Home_Kitchen
The BEST brush ever!!!! I will definitely be ordering more!!,5.0,Beauty_Personal_Care
"This is great!  I really like this Collage serum.  I like serums/oils with Vitamin C.  This is a little more creamy than the oils I have been using and a little teeny bit is all you need!  I always test products on a scar on my hand that is quite ugly.  If it soaks into the scar and makes it less noticeable - then that's MY product!  So, this will be my new serum to try out & get these laughlines under control. Thanks for the wonderful serum.",5.0,Beauty_Personal_Care
No kitchen should be without them,4.0,Home_Kitchen
"Worked perfect for a very short time, then began charging slower and slower. Now essentially doesn't charge at all.",2.0,Cell_Phones
The cape is great! The sissor s DO NOT CUT!! WASTE IF MONEY!!!,1.0,Beauty_Personal_Care
I agree with all the reviewers that this soap is really watered down.  Wish I had read the reviews before buying.  DO NOT RECOMMEND!<br />I will have to order something else and dispose of this.,1.0,Beauty_Personal_Care
The width of the paper is about 1.5inches smaller than the cottonelle toilet paper I buy from the supermarket. I've never seen such narrow toilet paper. They did that to save but it's not what I wanted. I will not be buying it again from Amazon,2.0,Health_Household
I have other L.A. Girl Pro Concealer products and have had no issues but this came watery. It literally squirted water when I squeezed the tube. Honestly at first I didn't think it was a big deal. I get that the product may have been sitting on the shelf for a while and the product separated...so I shook the s#!* out of it. Squeezed the tube again and a little water came out but now with the cream concealer! Yay right? Sadly not. I applied it to my face and proceeded to blend with my beauty blender and the concealer disappeared into my blender but left noticeable flecks all over. I waited a few days before using it again and still the same outcome. I'm not big on returning things so I just took it as a loss.,1.0,Beauty_Personal_Care
"I am in love with this, so good",1.0,Electronics
"Very soft, picks up powder and distributes it. The ribbon is not the best handle but it works",5.0,Beauty_Personal_Care
Perfect for what I need to film videos.,5.0,Cell_Phones
"While I like the softness and thickness of it...I don’t like the huge cheesy pearl buttons that don’t really stay fastened.  Also, it’s really ugly and I wouldn’t like to be caught off guard in it.<br /><br />Normally I’d wear it because I love the feel of it and I’m home a lot, so it sounded like what I needed.  It’s just somehow uncomfortable and very unflattering.  The lavender color is very pretty though.",1.0,Home_Kitchen
I love this case.  Its the best iPad case I have ever owned.,5.0,Electronics
"My husband was looking for a good probiotic to take.  He took this daily and is almost finished with the package.  Let's see what happened..<br /><br />WHAT ARE THESE LIKE?<br />This is taken on capsule a day.  They are in a blister pack which is labeled with a day of the week on each one.  They are not hard to swallow.<br /><br />HOW DID THEY PERFORM?<br />My husband has remarked that these were not great.  He is not seeing any difference at all. He saw a difference using Dr Ohirra's probiotic, so he knows what to expect.<br /><br />ONE WARNING<br />These have sugar in them, which if you do not want to have sugar, pass on these.<br /><br />THE BOTTOM LINE<br />Easy to take, marked in a daily manner, these capsules did not seem to have any positive effect on my husband who has taken the entire box over the recommended period of time.<br /><br />MY RATING<br />TWO STARS for this.  My husband has mentioned quite a few times that this is not nearly as good as other probiotics he has taken and the sugar content is a big drawback of these.",2.0,Health_Household
"I love coconut, and reviews said this makes hair really soft. It smells like very sweet vanilla, like a bakery candle. It's nice, but I don't smell coconut. You smell it most when dispensing into your hand, but it doesn't fill the shower. In fact, it fades quickly as it mixes with water and after the shower. It's light brown in color...as if tinted with vanilla. It's very thick, but you need at least as much as usual. It feels very heavy, almost greasy, so I spent an extra long time rinsing it thoroughly. It didn't dry greasy, but my roots still felt heavy and flat. There was no noticeable softness, smoothness, or shine to my hair. I get much better results from much cheaper brands. I didn't enjoy the experience or the results. I was so confident based on the description and reviews I was going to enjoy this conditioner in some way, I also ordered leave-in conditioner and the shampoo and conditioner set. Maybe they will work better together, or maybe these products are meant for a different type of hair even though it says it's suitable for all (I have fine-average, straight Asian hair). I'm still going to give this a go because it claims it supports thicker and fuller hair. While heavier and flatter is my experience so far, I'm willing to see if there are long-term benefits. The bottle wasn't sealed but was in a poly bag.",2.0,Beauty_Personal_Care
Perfect uv lamp for my resin pendants,5.0,Beauty_Personal_Care
This wall charger got very warm when it had been used only for a few days at assisted living. I trashed it. I have NEVER had a wall charger heat up in the past.,1.0,Cell_Phones
"I used this first with one of my children. He had a sore throat, so we gave it a try. He didn't really care for it, but it wasn't until I used it with my sore throat that I fully understood why. It burned horribly, so it was pretty much torture on an already sore throat. I felt like the worst mother for spraying it in his mouth. I tried it again when I didn't have a sore throat, and while there's a tiny bit of a burn to it, it's not bad. I didn't care for the taste, but it's bearable if it helps. Unfortunately, I wanted it for sore throats, and it burned too much for that. It's not for us.",3.0,Health_Household
Quality isn’t great.. not worth it in my opinion. I returned item,2.0,Electronics
"the jasmine-like scent is unique and long-lasting (this may be a negative if you dont want a strong floral scent following you); the conditioner softens well and not sticky; overall, with its relatively green credentials and unique scent, this received a ""thumbs-up"" in the household.  ""Curl-defining"" is difficult to quantify and unsure of its long-term effectiveness.",4.0,Beauty_Personal_Care
"I do like this cup because it made a beautiful Mother's Day gift. However, I also bought one for myself, and as a product that I would use, I'm not as much of a fan. First off, there's no handle, so you have to wait until your beverage has cooled off significantly before you even think of transferring the cup. Second, it is *heavy* porcelain, so you must make sure there is no wetness on your hands or the cup, or it's going to slip right out of your hands and break. It also comes with a lid that is just as heavy and fragile, and I'm not quite sure what the lid is for. Is it to keep steam from escaping? I just don't use it. What I do love about this cup is the generous tea strainer. It's huge! I will definitely be using that for my other mugs. As for this mug, I'm not a huge fan. Also, I was a little annoyed with the seller because I had ordered the mug and the tea as a gift for the aforementioned Mother's Day, and they both came on separate days, despite my selecting the free Two-Day shipping. I reported it to Amazon, and they were apologetic (which I appreciate), but I was still annoyed that a gift arrived to the recipient in two parts!",2.0,Home_Kitchen
Absolutely worked as needed. Great price point. Works just like tylenol.,5.0,Health_Household
Perfect size.  Just what I wanted,5.0,Cell_Phones
was bigger then though took back no issues,5.0,Home_Kitchen
"They look nice, but one broke while I was washing it.",4.0,Home_Kitchen
"The Paper White was for my father who has never owned a Kindle. I also wanted to check it out because I love my Kindle Touch except for not having a lighted screen.<br /><br />The Paper White is not what they are showing in the pictures. The lighting is not even and it is not as clean/crisp as advertised. The contrast is not as good as advertised either. With the light off the background is as gray as on my Kindle Touch.<br /><br />I do not like that they removed the home screen button. You need to open the tool bar and precisely tap the little house icon to get to the home screen.<br /><br />Despite missing audio features and appearing smaller it actually weighs as much as the Kindle Touch and I perceived the weight as a little heavier because of the way it's balanced. I found it a little harder to hold with one hand.<br /><br />As of now, I would recommend the basic Kindle and a book light unless you must have a touch screen. It's still a Kindle and I like the new minutes to the end feature which is why I'm giving two stars instead of one.<br /><br />My father is going to return the paper white and wait to see if they can fix the lighting issues for the next version.",2.0,Electronics
Keeps us from hunting the one lonely remote control,5.0,Electronics
That it did not fit on my arm right,5.0,Cell_Phones
"I'd never heard of the Moon Chopper until I came across it on Amazon. Heck, I never heard of a mezzaluna chopper before either!  I was intrigued when I saw the Moon Chopper and ordered it.  A few days after it arrived, we ordered a takeout pizza. When I placed the order, I asked them to not cut the pie into slices. That was my first experience using the Moon Chopper.  It works SO much better than our pizza cutter...the pizza cutter that must be used like a saw just to cut pizza slices. Back and forth over and over again until it finally cuts.  The Moon Chopper went right through the pizza on the first try and cut nice, even slices. Even the crust cut nice and easy!  The gooey mozzarella cheese didn't get all tangled as it does with the pizza cutter, the Moon Chopper went right through it. I was impressed.  Next, I  my first salad using the Moon. I first cut into a new head of lettuce. I half expected to have to use some force to get the Moon Chopper through it.  Nope.  I could have been cutting butter. Seriously. It went right through the lettuce head with complete ease, no force necessary at all.  I love to cut my salad lettuce into small squares and did so quickly with the Moon.  And it handled the cucumber with the same ease. Right through it, no force needed and i had nice, even slices.  I was happy to see it cut through the roma tomato without causing it to explode or squirt out the juices as knives often do. But, the REAL test came when I chopped up an onion into diced pieces for an omelet. I LOVE onions.  If my stomach would allow it, I'd eat them every single day.  But boy, do they ever affect my eyes terribly.  Soon (and I mean VERY soon) after I start to cut an onion, my eyes burn, water and tear.  Terribly. Many times I don't use the correct amount of onion in a recipe because I can't get through cutting the amount the recipe calls for-my eyes get THAT bad. I've tried wearing sunglasses while cutting, dunking the onion in milk-nothing works. Those days are over!  Thanks to the Moon Chopper I can cut, slice and dice the amount of onion I need because its SO easy to use and I'm able to cut quickly before my eyes get super affected.<br /><br />The chopper is a nice size and doesn't take up much room on the kitchen counter where we're keeping it. It comes with a nice stand that keeps the blade covered when not in use. Its surprisingly lightweight.  I really was skeptical as to how well it would cut through the lettuce.  As mentioned, it cut the lettuce and everything else I've used it on with complete ease.  The handle is comfortable to hold as well.  I know my hand will be just fine when Thanksgiving rolls around and I'm cutting a ton of potatoes, onion, celery and carrots for potato filling!  Now that summer is here, that means its time for fresh tomatoes right off the vine-my favorite. I eat one Beefsteak a day all summer long so my Moon Chopper will get quite the daily workout!  I'm also looking forward to cutting watermelon. I usually use scooper on watermelon but now I'll be able to cut it into slices and pieces with complete ease and at a fast speed.  The Moon Chopper is dishwasher safe.  Mine is broken so I wash dishes by hand. The Moon Chopper cleans/dries with no problem.<br /><br />I LOVE the Moon Chopper! It is a time saver and does a fabulous job. Definitely a MUST-HAVE for my kitchen.  I cannot recommend this enough. It truly is wonderful and the price cannot be beat!",5.0,Home_Kitchen
This item is a Christmas gift. I cannot give review because I haven't used it & don't intend to do so.,1.0,Home_Kitchen
"I had been looking for ""connector "" for a while.  Just what I warned!",5.0,Cell_Phones
Was broken right out of the box,5.0,Electronics
"No fault of the vendor, just isn't what I wanted.  I should have researched the product more before placing the order.",1.0,Cell_Phones
"Durable,  fits I phone perfect.",5.0,Cell_Phones
"Perfect fit, fast delivery, great price. I highly recommend this product.",5.0,Cell_Phones
"...and it's the most difficult to find in stores. Seems Amazon is the only place I can get my fix of Icy Blast Irish Spring.<br />I've asked several of our stores if they can get it - same answer - ""Our warehouse doesn't carry it.""<br />Been using it for years. I may have to stop showering if I can't get my favorite scent.",5.0,Beauty_Personal_Care
"This monitor is excellent.  The colors are crisp and the lines are perfect.  I'm not sure that curved is really helping with my setup since I only have one, but if I added two more it would be really cool!  Definitely better than two smaller monitors!",5.0,Electronics
"The top of these rugs are great, but they are advertised as non slip but there is no grip on the bottom of them so they will slide out from under you easily.",1.0,Home_Kitchen
"Perfect for heavy needs, no leaks.",5.0,Health_Household
It did not screw together very well.  The light kept shutting off,1.0,Home_Kitchen
"I've had a RAID-5 array running with four of these Spinpoint F3 (HD103SJ) drives running since 2010. Over the past four years, I've had to replace SIX of these drives. That's right, I've owned a total of NINE of these, and I've replaced ALL of the original four.<br /><br />Last year, I decided to stop wasting money on these and decided to just pay a little more for a different drive (WD Black), and today I'm running with three of the Samsung drives and one WD Black. Guess what? Two days ago, one of the remaining Samsung F3s started reporting a SMART failure. I ordered a replacement, and just today - TWO days after that Samsung F3 drive reported the SMART failure, a second Samsung F3 started reporting SMART failures, too.<br /><br />So today, I've got three Spinpoint F3 drives left, two of which are about to die. That means in four years, I will have had 8 out of 9 of these drives die. None of them have lasted more than 1 1/2 years.<br /><br />Just as a side note, I have another WD Black operating as my boot drive, a Caviar Green drive as a secondary data drive, and yet another WD Black as a final data drive (yes, my computer is a monstrosity). So of all of the drives in the system, ALL of them have held up for 2-4 years so far and the ONLY drives that have failed are these Spinpoint F3s.<br /><br />Also, I've bought the drives from a variety of sources - NewEgg, Amazon, and MicroCenter, at different times, so it's not just like I happened to buy a bunch from a bad batch.<br /><br />BOTTOM LINE: Don't waste your money. The high-star reviews are likely from new owners. Take it from someone who has tried these drives again and again for four years - they're junk.",1.0,Electronics
"This is a very comprehensive eyeglass repair kit. It covers a wide range of screws, and provides multiple sizes of replacement silicone nose pads. It comes with a workable set of screwdrivers and a pair of tweezers. The tool quality is not great, but they are good enough to get the job done. They are not, however, a set of tools that would stand up to any degree of heavy use. If you have a set of good precision screwdrivers you'll want to use those rather than the ones that come with the set.<br /><br />The only significant issue I have with the set is the case. The latch broke the first time I opened the case. The dividers in the case are not well set, and doesn't provide secure arrangement of the screws (which are tiny and a major pain to pick up if dropped). Given the volume of screws and the fact that they are so tiny, this needs a better designed case that is more durable and less prone to spilling the contents. If you get this, open the case with as much care as possible to avoid the screws jumping out of their compartments, and put a rubber band around it to keep it closed when it's stored.<br /><br />Given the importance of the case in keeping things organized, the included case is not at all ideal. Still, the set is very handy to have if you wear glasses since it's highly likely the glasses will need new pads or a replacement hinge screw, and this covers a lot of different sizes. Four stars (one star down due to the case).",4.0,Health_Household
I bought it for a floor mat but is very flimsy like a thin towel. I can only use it to wipe my dog’s feet when she comes in on a rainy<br />day.,1.0,Home_Kitchen
Microphone is worthless but they are super comfortable.,2.0,Cell_Phones
Love it!  Love it!  Love it!  Love it!,5.0,Cell_Phones
"This foundation goes on like paste. It was just too thick and yellow for me, so I tossed it.",1.0,Beauty_Personal_Care
I haven't used this consistently but I do feel  like I've noticed a difference in my hyperpigmentation. I'm trying to be more consistent in my use and hope to see my skin clear completely.,5.0,Beauty_Personal_Care
"This coffee spoon rest is perfect for my little spoon that I use to stir my coffee.  I have an entire area just for making up my coffee so I always keep my spoon there, but after the use throughout the day, it does start to get messy and now with this little spoon rest, it's less messy and I just rinse everything off at the end of the day.  Not to mention it is really cute!  Fits perfectly where I need it to.  I am so happy I was able to find this!",5.0,Home_Kitchen
"I loved this little popcorn popper -- in the beginning! I have given it a 1-star rating because I can't replace the little silicone cup that somehow came up missing. I'd buy the little insert, if I could find it, but I will NOT pay $10+ on another one!<br /><br />Back to popping on the stove for me since this does NOT make four cups. It barely makes TWO!",1.0,Home_Kitchen
"I bought a different brand before and I saw this one was cheaper by couple of dollars so I decided to go with it. the install was easy but it gets really foggy/oily and show a lot of finger prints and need constant cleaning, almost after every use I have to clean it. looks bad but I I'll use it for now. for sure wont buy again.",2.0,Cell_Phones
"This has been the sturdiest and most protective case I got for my new phone. Unfortunately, it doesn’t work with my wireless charger. I’m still on the hunt for something that’s slender and sturdy and that I can use with my wireless charger.",5.0,Cell_Phones
"I like it and I like the feel of it, but the color is darker than I expected. I'll probably still wear it, just add a bit of lighter gloss to it to dull the color a bit.",4.0,Beauty_Personal_Care
Well I guess this true you get what you pay for I paid for nothing I got nothing. no where did they give you the size this thing fiit in the palm of your hand  so tIny.,1.0,Home_Kitchen
"I was very impressed with the quality of these cookie cutters.  I have an Etsy shop where I sell sugar cookies, so I use a LOT of different cookie cutters.  I'm always keeping an eye out for unique cookie cutters to add to my collection and when I saw these on Amazon I just had to have them. My three year old daughter is really into Batman (although she's never seen the cartoon or movie, lol) and I knew she would get a kick out of these cutters.  For the price, I wasn't expecting much.  Typically the cheaper cookie cutters are very flimsy and aren't worth a dime. Both of these cutters arrived in their perfect shape.  I believe they arrived in a manila envelope lined with bubble wrap, and I kept my fingers crossed when I took them out because I was expecting them to be misshaped.  They were perfect!  I have not made cookies with them yet, but we have made jell-o jigglers MANY times and they work perfectly.  I have no doubt that they will work just as well with cookie dough. They are very sturdy. If you're considering buying batman shaped cookie cutters, do yourself a favor and pick these ones!  Typically cookie cutters that are of iconic characters or symbols are fairly expensive, that is why I was worried about the quality of these, but I was very wrong. This is a great deal!<br /><br />I received this product for free or for a discount in exchange for a fair and honest review.  All opinions stated here are my own true thoughts about this product. I take reviewing products very seriously, as I always read other reviews before purchasing any products myself. I rely on honest reviews heavily when making purchases on Amazon. I would also like to note that I only choose to receive products at a discounted price in exchange for my unbiased review if they are products I was already interested in and thinking about purchasing.",5.0,Home_Kitchen
Love this product. I keep ordering. Best value.,5.0,Health_Household
"I'm amazed that this was a best selling item as it didn't work on my hair at all. It fried my hair when used on the &#34;half way&#34; temperature and didn't curl it at all. Not a good flat iron for a beginner. Very disappointing purchase in so many ways. My hair looked better BEFORE I used it as there is absolutely no bounce after using this ...even if you are trying to create volume. When I went to just give up and straighten my hair it also didn't even straighten. Snags a lot. Terrible product for me. I have medium thickness, relatively long hair. Definitely a no.",1.0,Beauty_Personal_Care
I just needed a battery replacement for my wrist watch. This is perfect.,5.0,Health_Household
Just don’t like material looks so cheap .,1.0,Health_Household
"First drop from my lap in my car to the concrete it cracked! Easy to install easy to crack.... not worth it, next time I'll get otterbox for real protection....",1.0,Cell_Phones
"Update: The spa stopped working after 5 uses. It just won't turn on anymore, and I've tried everything. I used it on a concrete floor, so it wasn't like the air intake was blocked or anything. Bummer. Just FYI, there is a 24-month limited warranty against defects in material (exchange the foot spa at the store where you purchased it along with proof of purchase).<br /><br />The foot spa is very noisy when on and only keeps the water warm for 10-20 minutes.The foot spa is a plastic container that is 13.5&#34; wide x 17&#34; long x 6.75&#34; deep. The cord is about 79&#34; long. You must fill the spa with heated water at the temperature that you desire. The spa will not heat the water up, but merely uses heating to slow the loss of heat from the water. They expect that you won't use it longer than 10 minutes, and the water does go from &#34;warm&#34; to &#34;getting cool&#34; in the 10-20 minute range. While the bubbles massage your feet and feel nice, after 20 minutes, my feet are tire of the bubbles anyway so I quit. The bubbles come from the darker strip along the bottom of the spa, and whatever makes the bubbles is very noisy. It's hard to hear a normal-level conversation over the noise. There is a maximum fill line. They say the spa takes 2 quarters, but it was more like a gallon if you fill it to the max fill line. I usually use 3 quarts. You can add bath oils as they suggest wiping the spa clean after use, 'especially if you use bath oils.'<br /><br />The spa also has a plastic foot massager that's attached to the center of the spa, plus a fine-grain pumice stone that can be stored on this center area. The 5 piece pedicure set was a bag, a large nail clipper, 2 toe spacers, and a nail brush. The nail brush had soft-ish bristles and works fine for cleaning under my nails, but the rest of the set didn't look very sturdy. The clippers were fairly sharp.",1.0,Beauty_Personal_Care
These things work well.  My only complaint is they are too sticky.  When i pickup my phone the pad comes with it and I have to peel it off my phone. After a few weeks it now works as anti slip and is no longer acting like double sided tape.,4.0,Cell_Phones
I love the artwork but it comes just rolled up instead of stretch framed or what’s known as “ wrapped frame” on wood! Bummer!!!!,5.0,Home_Kitchen
I always like the delica beads I purchase here.,5.0,Electronics
"My skin has become more sensitive with the transition from cold, dry air to warmer weather. This cleanser is gentle and leaves my skin feeling cleansed but not stripped. It didn't cause any redness, sensitivity or irritation.",4.0,Beauty_Personal_Care
I know the artist who created this design. She did not give her permission for her art to be used.  Please do not purchase this case.,1.0,Cell_Phones
"I would give it 5 star but because it’s clear, I can see it getting stuck to the phone which just annoys me.",4.0,Cell_Phones
"Nice hand can opener for $8.99. It is a little heavy for this type of opener,<br />This is a bit different then what i was using.<br /> Does not take the lid off as smooth as I’m use too, that can be used again when your not empting everything out of the can..<br />This is easy to used, and the sharp blade opened the can easy..although the lip that gets the lid up did not work good for me,<br />Or it was the can i was using!<br />I like that I can open a gal water bottle with this, it has a bottle opener,, and comes with two extra blades.<br /><br />But this does not come with any directions on how to put the new blades in when you need them,<br /> and No direction on The extras also,<br />Well, looking at this I now see you just have to use a Philips screw driver to put the new blades in.<br />I’m older, and not real handy without directions..<br /><br />That said, this can opener opens a can easy..<br />Now that I think about it, why does this come with two extra blades! Does that Mean these blades get Dull Fast?",4.0,Home_Kitchen
"This is a very convenient way to take calcium, because every other tablet supplement I've ever purchased for calcium has been a very big pill that was extremely hard to swallow. In contrast, these pills are of medium length and quite slender.  As a result, even though in general I have a terrible time swallowing pills, I have had no problem with these tablets.<br /><br />On the negative side, these tablets contain calcium carbonate rather than calcium citrate, which is much more bioavailable. In addition, whenever I take calcium in a pill form instead of a powder, I am hit with a lot of excess ingredients, which is an uncomfortable downside to the convenience of taking pills. None of these excess ingredients in this particular pill are absolutely horrible, but the titanium dioxide in particular is not very desirable.",4.0,Health_Household
Down is the best pillow I can’t sleep without them.,5.0,Home_Kitchen
"Like some others here, I've been a Spigen case person for my past 4 (plus) phones. I was willing to trade the bulkiness for a case that had a built-in kickstand and felt like I wouldn't drop my phone.<br /><br />This new case (I ordered the blue) is just slippery. My hands are clean and dry. The case is ~24 hours old. No matter how hard you grip it, your fingers slide. I know, you're probably thinking that this was always how they were designed. It was not. I've held both my Spigen iPhone 12 Pro case and 13 Pro case in the same hand and the 13 Pro is definitely slippery. I've also tested my theory against my Xr and the outcome is the same; the new case material is different you cannot get a good grip on the case.<br /><br />It looks like this will be the first phone I have in quite some time where it's not in a Spigen case. Had they not made the case slippery feeling I wouldn't even be writing this review. But, they did so here we are.",2.0,Cell_Phones
"BEWARE when you buying this soap-sometimes they will send you a bottle containing a COUNTERFEIT product!!! I use this soap ALL THE TIME and definitely can tell the difference-the real soap is pure white, smells nice&pleasant, lathers well and keeps your hands soft and moisturized. While the Fake garbage they pour into these bottles is yellow, smells rotten and really dries out the skin. Its a real SHAME that Amazon does this to us during the pandemic when we have to wash our hands frequently and use lot and lots of soap. Very disappointed with Amazon 😕👎🏻",5.0,Beauty_Personal_Care
"I needed a good handle for my tumbler and this one works great. It is nice and heavy duty, stays on my cup with no problems and I can remove it when I need to. I like that I can change the handle with different ones so I can match with what I am wearing or whatever I want. I also like that I can carry my drink with me and still be able to carry other things too because it is hard to carry many other things and carry a tumbler at the same time. Great handle and will last a long while.<br /><br />I also want to mention that both rings fit my cup very tightly the further you push it up on the cup and when pouring something out of my cup, the cup itself doesn't slip out. Just make sure the handle is pushed up on the cup and you won't have any problems. If it isn't fitting snugly to your cup, then your cup is probably too small for the handle. Just an FYI.",5.0,Home_Kitchen
my husband had severe ringing in his ears.  started using this and it's almost completely gone!,5.0,Health_Household
Extremely strong smell!! It’s unbearable . Sneezing all day.,1.0,Beauty_Personal_Care
My husband loves this! The heat is amazing.,4.0,Health_Household
Image is blurry -- a bit low resolution for its size and price.,4.0,Home_Kitchen
"3 years ago my husband had a really bad car accident and broke two bones in his back. After his surgery he has been in pain. He says the pain level is about an 8 everyday. He has tried injections, medications, physical therapy, TENS unit, heat therapy, and cold therapy. Nothing works. I was browsing and decided to try it. I ordered the black mat and pillow which were cheaper. I thought it's only $20, so why not try it. I had already read reviews about leaving on a thin shirt. As soon as he got home from work the day it arrived, I had him to use it. He used it for about 15 minutes. Afterwards he said his pain level went down to a 3-4. I decided to try it as well. I have scoliosis and sometimes have pain in my back. I also sit at a desk for about 8-10 hours per day. I have a higher tolerance for pain. I ended up not needing a shirt to use this.  It was strange at first to lay on the mat, but I got used to it. I don't care for the pillow, but that is because I have eczema on my neck and it irritated it. I was on the mat for 15 mins, and felt great when I got off. I didn't have any back pain. My husband did have to help me get off of it. The second time I used the mat....I can't even tell you how long I was on it. I fell asleep. It was so relaxing and calming. I will continue to use this mat, and so will my husband.",5.0,Health_Household
"These really take joint pain, and I have a lot,  away in less time than I expected. Now I am moving much more!<br />,",5.0,Health_Household
"This worked great when I first got it . We used it in our hotel room to sanitize the room so we felt more comfortable traveling during this pandemic. I put liquid Lysol and just push the button and sweep the room. The gun has a violet light that turns on when you mist the room or objects. I also use this on my groceries. It makes sanitizing super easy. HOWEVER after the first day of use, it broke. The bottle that holds solution broke the connection on the gun where it screws in. Unfortunately  it no longer works. This is a poor design. If you have this product- TAKE OFF the bottle when traveling. I had it in my suitcase - laying down safely (Or  so I thought ) somehow it broke. My suitcase was handled with care so it did not break from abuse. I think it’s just a poor design. Disappointed because it was not cheap and o really liked it when it was working .",1.0,Home_Kitchen
They are serving the purpose. If I will need some mor,5.0,Home_Kitchen
"I see some poor reviews for this product, but I have been using it for a few months now without issue. It's well-made and works as advertised.",4.0,Cell_Phones
"I must have ordered the wrong one because I could not use my ear plugs until I made a hole in the case, because there wasn't one on the case.",4.0,Electronics
"These arrived right on time.  I had a girlfriend that mentioned things were going on down there and it sounded like she was starting to develop a yeast infection.  I gave her some of these and after just a few days, her symptoms disappeared.  I don't know if it would work for a full fledge infection, as I think hers was in the beginning stages, but it definitely stopped her from getting worse.",4.0,Health_Household
"Vitamin C serum is a must in my skin care regimen. I’ve tried many different brands over the years and have learned some things along the way. First, Vitamin C serum should come in a dark bottle as it is light sensitive. This serum comes in a clear bottle. Next, Vitamin C serum is typically colorless. Sometimes, other ingredients are added that add some color, but true Vitamin C serum shouldn’t be colored. This one is an odd yellow color. This serum also has a scent, and not a pleasant one, in my opinion. I see that the last ingredient listed is fragrance. I’m someone who prefers my skin care products be unscented, but even so, this scent seems sort of off to me. The serum is also much thicker than what I’m used to with Vitamin C serums.<br />I did try a drop on the back of my hand just to see how it felt on the skin, and I will say that it absorbs very quickly leaving behind no sticky or greasy feel. Still, this serum isn’t for me.",2.0,Beauty_Personal_Care
No need to deal with empty soap shelves at the market.,5.0,Beauty_Personal_Care
"I have been using a natural boar bristle round brush forever, and I thought I loved it!<br />Just using this brush one time, I’m in love with this ghd brush..At first I noticed it was a bit heavier then my boar brush with the wood handle,  but got Use to this real quick, as my hair dryed faster with this ventilating brush, and my hair looks good.<br />I also thought it might be too big, but My hair is almost to my shoulders . The size is just right, almost the same size as my other brush.<br /><br />The one problem I have with this brush is, are these types of nylon bristle going to split and ruin my hair?<br />It’s too soon to know, but if I notice that it does, I will be back with a up-date",5.0,Beauty_Personal_Care
I really like the look and the feel of this shaver set.  The main shaver is a nice weight.  I like the feel of it in my hand.  I'm able to move my hand around with the shaver and still have it feel comfortable to hold.<br />Shaves nice and clean.  No hair pulling at all.  I really like the digital display.  Can just look and see how much time I have left before I need to recharge it.<br />The T-trimmer is especially nice.  I just like the shape and the feel of it when I am doing more edge work.<br />Nose trimmer is just a nose trimmer.  I like it.  Does a nice job cutting the nose hairs without pulling.<br />Just an all around great set to have.,5.0,Beauty_Personal_Care
I broke my shoulder and so could not manipulate a regular band on my watch. I was very excited to get this it’s actually very comfortable but after only a couple of uses I took it off and the “pins” that hold it in to the Apple Watch connectors came off and My watch slammed to  the floor.,2.0,Cell_Phones
"I don't understand why they would make a great blender to make smoothies and then not make a cup with an opening big enough to drink a smoothie.  I love the setup of mixing in the same cup you can use to drink. But it you need a sundial to see how long it takes to drink out of it, then it is really an added convenience? They just need a wide mouth top for the cup and the problem would be solved.",1.0,Home_Kitchen
"I was truly disappointed in this product.  For starters, the aqua is not aqua, but a greenish grey.  The grommets are a nice chrome finish, but a couple were actually pulling away from the fabric.  Opening them up the polyester fabric has a linen weave, and the packing wrinkles were a nightmare to steam out-I wouldn't recommend an iron on these.  They do deflect a great deal of sun, however there are small pinholes in the fabric that cause light to seep through, which to me kind of turned me off from them, especially since they are sold by the panel and not the pair, and for the cost I would expect a better quality.  Not pleased with this panel at all.",1.0,Home_Kitchen
I love this band but it broke in a couple of weeks. Amazon customer service helped. Makers customer service sucks.,5.0,Cell_Phones
"Bluetooth was supposed to give me a prompt to pair ""W7"", but did not.<br />I couldn't pair with my laptop, nor could I pair with my phone.<br />Too bad.  I liked the design of the headset.",4.0,Electronics
"The package that this was in was lost by Amazon. As the Vine member I am required to evaluate it but I never received it.<br />I guess my evaluation would be how much I wanted to try this! I have tried numerous other Eden's gardens essential oils and essential oil blends, and my evaluations have always been four and five star. I was looking forward to this because I have a difficult time with sleep and I was hoping it would help.<br />One thing that Eden's garden always does is send a tiny little sample oil of a different blend, so that's a nice thing that they do.<br />Based on what I was expecting I would rate it five stars, but take into consideration that I haven't actually used it. I was looking forward to it.",5.0,Health_Household
Perfect for picking up dog hair!,5.0,Health_Household
"Nope. Tried these. Sweated like a boar in church. Also scratchy.<br /><br />These feel nothing like my Bamboo blanket. Followed washing instructions, but still feel scratchy and cheap.<br /><br />Color is nice.<br /><br />I wish I could return these because they’re not even worth the taxes I had to pay on them.",1.0,Home_Kitchen
I am completely satisfied with the performance and price of this prodcut. If there is a flaw I haven't found it yet.,5.0,Electronics
"While this has a pleasant smell, it doesn't work for me. I received this product at a discount in exchange for my honest review and do not like the streaks it leaves. I also couldn't get the spray nozzle to screw onto the bottle making it very difficult to use. (I had to hold the bottle with one hand to spray with the other.) After scrubbing quite hard with my lint free cloth, there were still streaks on my mirror. I'm sorry but I don't recommend this product. I'm hoping mine was just a lemon - so to speak.",2.0,Health_Household
"This is so much better than my old blood pressure monitor that had the cuff, tube, and large read out box. I love that it came in a nice box for storing it that I can easily grab when I need to use it. The Bluetooth feature is nice, along with the app that keeps up with your readings. I also have this brand's Bluetooth scales that keeps up with my weight readings, as well. The readings seem to line up around the same as what I get from my doctor's office.<br />I'm not sure why, but it seems a little cumbersome to tighten the cuff on this one. I haven't checked it against my other one, but it almost feels like the way you pull and tighten it is backwards, because I have to reach around to the outside of my arm to try to tighten it. I believe with my other one, I would pull the cuff from underneath and upward to tighten it. It seemed a more natural direction and feel to tighten it than this one does. Also, the writing on the digital screen is quite small. I have a sight impairment, and even with my glasses it's very hard to see. I can see it well on my phone, but if I just want to use the device, I have a hard time reading it.<br />I'm really pleased with this blood pressure monitor. I wish it were a bit easier to put on my arm and to read it without having to have my phone on. Maybe they will keep those things in mind for the next model. Otherwise, I definitely recommend it.",4.0,Health_Household
"I’m disappointed this time. The first time I bought from the company, it was excellent, the peppermint was strong, but this time it seems much less potent. The two additional small bottles that come with it, especially the Signature Zen is amazing, which was better than what I really was looking for.<br /><br />I’m not sure if they changed the Peppermint on purpose or I just got a bad batch.",2.0,Health_Household
NOT what I expected. It is just glitter not eyeshadow. Disappointed.,2.0,Beauty_Personal_Care
Wonderful product! Life changing! I will never be without it!!,5.0,Health_Household
The hat was huge but the hair was fantastic,1.0,Beauty_Personal_Care
"I have been using the roll-on version of Auric Egyptian Goddess for years and absolutely LOVE the scent—it is signature “me.”  When I saw this larger version advertised (at less cost than the roll-on) I truly expected I would get the same product.  NOT SO!!!  This fragrance is so weak I cannot even smell it.  Even my husband,, who is very sensitive to fragrances) said he could not smell it.  I will not purchase this product again.",1.0,Beauty_Personal_Care
"It is lower,  so I used it as a piano chair. Not quite as gold as I expected.",4.0,Home_Kitchen
"best wireless keyboard and I have tried a lot. light, durable, reliable.",5.0,Electronics
Pu company logo stickers on them...looks sharp,5.0,Health_Household
"This was perfect for my most recent 4 day cruise. It contains a facial wash, an exfoliator and a moisturizing cream, everything I needed to keep my regular beauty regimen going while I was away from home. Perfect to pack and use, really nice moisturizer, too. Kept my skin looking optimal! I will be buying another set as I will be doing an extended trip to visit with family in July. Highly recommend!!",5.0,Beauty_Personal_Care
I purchased for my friend’s birthday!<br />She was beautiful!<br />Great purchase!!,5.0,Home_Kitchen
"I bought this system to clear up my oily acne prone skin. When I first used this product, it worked great, but after a while my breakouts were unmanageable. One of the issues is that the pad is VERY abrasive and TOO MUCH oil was removed with each use.",2.0,Beauty_Personal_Care
"what i really like is how big and strong they are and they are moist.  I measured them against the wipes i'm currently using and these are a full inch bigger.<br />They are plenty moist and clean well.<br />on to the mint topic, I love it.  it does tingle but you do feel fresh.  I have to admit i'd never seen a bathroom wipe with a minty scent but I like it.  However, the rest of my household did not like it but since it's my opinion this time, I love it.  I do have to admit, I do use these wipes in other places other than the bathroom.  I always have wipes in my car and my office drawer.  I actually put a pack of these in our changing house by our pool and my husband took a pack for his man cave, where he does woodworking and all kinds of projects.  These things are very sturdy and really can take a beating, not that you need them to take a beating in the bathroom I hope, but for the other uses, they are fantastic.  I really like that they are very moist.  the open and close top is fine too.  The only thing I'd say would be a deciding factor is if you want a minty-fresh feeling in the bathroom.  If you use them for other purposes like I do, the minty thing is fantastic.",5.0,Health_Household
It would be wonderful if it stayed connected.  Disconnects from my iPad constantly.  Green light goes out every few minutes and I have to reconnect it.  Fully charged.,2.0,Cell_Phones
One of the best Mascaras I've tried!,5.0,Beauty_Personal_Care
"I really love the idea of whole food based vitamins like this. The pills look like a compressed block of dehydrated foodstuffs,  and it is a nice change from the pills that are loose powder inside a capsule, just because sometimes you want to take a pill at the end of a meal,  but don't want to be burping up powder,  which can happen sometimes.<br /><br />I can't honestly tell if these b vitamins are dissolving well and affecting my health in any way, but I would expect so.  I've been stressed out the last few days and I often take the b vitamins for stress,  and I haven't had any of the eyelid twitches that sometimes come when I am stressed and depleted in b vitamins.",5.0,Health_Household
"I got this item because I have issues with thick, cracked calluses on the soles of my feet, and I holed this stuff could help out. I apply it three times a week, and while it hasn’t completely alleviated the problem, it has reduced it significantly. My feet are still rough and callused, but the calluses can’t build up enough to become deep and leave painful cracks. My only real complaint is that it stings on my legs when I’ve shaved within the past few days, but I guess that’s to be expected.",4.0,Beauty_Personal_Care
"Added to my home with no difficulty, great price for a simple, singular purpose.",5.0,Electronics
"when I read through the instructions before first use, I was a little worried about how strong this product was supposed to be compared to what I usually use. I planned to only leave on the recommended 30 seconds and had everything set up so i could neutralize quickly in case it started burning.<br /><br />In my case, I let it stay on more like 90 seconds because I couldn't feel it doing anything. I would've gone longer but it was the first time. I didn't experience any tingling or get a nice rosy hue that usually happens when I do other peels.<br /><br />My advice is to take care in using it the first time in case I got a bad batch or something. 17% should be far more aggressive than anything I've used at home and this was probably the mildest one I've used. Wouldn't buy again.",2.0,Beauty_Personal_Care
Perfect to use as part of our craft activity,5.0,Home_Kitchen
Too flat. Just like all the rest.,2.0,Health_Household
Best case I ever had thank you.,5.0,Cell_Phones
"I have had this keyboard for a few months and liked it a lot. Today it started malfunctioning and became unusable. Anytime I would even slightly lay my wrists on the wrist-support, it would type a dash. I could not get it stop, so now I have to get a new keyboard.",2.0,Electronics
We did not have any problems with the desk and now we have this error. We've powered it off and on now we are not sure what happened or how to fix it. It will now not go up or down.,4.0,Home_Kitchen
Add a headphone jack to the remote and I will buy one.,2.0,Electronics
Excellent speaker.  Connected to my tv and it works  so well,5.0,Electronics
"I love this little tablet!  I can't give a full review since I've only had time to get started with it and take a few photos.  I love it!  It's a great size.  After going through start-up, I just had to sign into my google account and everything from my google account is available.  It's fast and clear.  I'm not used to a table so I have a lot more exploring to do.<br /><br />UPDATE:  I went to purchase some movies from amazon and I can't download them on to this device. Apparently, Asus isn't compatible with amazon movie downloads.  It is an android device but not manufactured by android.  Therefore, I am dropping it down from 5 stars to 2 stars.  Very disappointed in this.",2.0,Electronics
"Do not buy this poacher!!  There has to be something better than this out there.  I bought mine at Bed, Bath, & Beyond.  Similar price.<br /><br />Cons:<br />-Handle is not insulated - so you need an oven mit to touch it<br />-Knob on top of pan is not insulated - so you need an oven mit to touch it<br />-Egg cups are plastic so it takes WAY longer to cook eggs than with metal cups<br />-Egg cups have small diameter making the eggs to small to fit on typical english muffins.<br />-Pan is super cheap metal and super thin.  I'd never use it to cook any real food because of its thinness<br />-Water collects in the cup - maybe dripping off top of lid?  Not sure how it's getting in there.<br /><br />Pros:<br />Can't think of any.<br /><br />This is the most poorly thought out egg poacher I've ever used.  I used to use my mom's all the time.  Very similar design - so I thought.  Hers has metal cups the same diameter as an english muffin.  It would take about 3 1/2 to 4 minutes to make two eggs.  I've tried 4 minutes, 6 minutes and 7 minutes with this one so far - all times made eggs too runny.  I had to use just as much butter with these plastic cups to keep the eggs from sticking as my mom's 40+ year old model that is not non-stick.<br /><br />Burned my fingers taking lid off - who puts metals knobs on pans these days???  Can't get little plastic cups out of pan with oven mit on.  They are too hot for bare fingers.  I don't have tongs yet.  So frustrating!!<br /><br />More than a table spoon of water comes out of the cup when you try to tip it onto your english muffin (Yuck!)<br /><br />Takes FOREVER for eggs to cook.  In the end they are too tall and not wide enough to sit on an english muffin and go sliding off the muffin.  (Sometimes it will slip off the muffin and plate if you try to carry your breakfest on a tray somewhere.  It's NOT fun cleaning runny egg off a carpet!!)<br /><br />DO NOT BUY THIS - any of the other models I've looked at on Amazon appear to be better thought out.  I should have looked here first.",1.0,Home_Kitchen
These ornaments are so beautiful and I can't get over how amazing they look on my tree. I have always been in love with this vintage look ornaments and they remind me of the ones that were passed down to me from my grandmother. I love these and the colors are absolutely beautiful.,5.0,Home_Kitchen
They are a perfect fit and I am very happy with them.,5.0,Health_Household
Perfect for my coffee/wine bar.,5.0,Home_Kitchen
The product had great sound quality. the noise cancellation is not really a feature on the headphones but is do to the fact that they are so loud and thats why I say they are not the best for working out because you cannot hear anything else.,5.0,Electronics
"I love these flowers! The color is absolutely perfect and they make me happy every time I look at them. I keep the lid on and have them on my kitchen island as a centerpiece. The only downside is that there was a tiny bit of cracking on the lid, but you only notice if you inspect it really carefully like I did.",5.0,Home_Kitchen
"But, I want to get practice in and this is perfect. I got the tattoo skin pieces to practice with and some pigments. This is easy to hold and I like that it is wireless power supply.",5.0,Beauty_Personal_Care
"So I think I was expecting a coffee alternative. This is instant coffee with mushroom powder. It's terrible, as all instant coffee is. I love the benefits of the various superfood mushrooms, but this mix just does nothing for me. It's not even palatable.",1.0,Health_Household
A perfect match to my bedroom decor.,5.0,Home_Kitchen
They leave such a horrible taste in my mouth gave them away,3.0,Health_Household
"I bought these because my kids are always losing their styli!!  They not only are a wonderful price, they work great too!!",5.0,Cell_Phones
Excellent and happy with our purchase! Thank you for selling top quality!,5.0,Home_Kitchen
"Nice design, looks good, very plain and simple and functional.  Except for the clips on the back!  I noted in reviews that some people said they work fine and other said they were too stiff.  I decided I'm reasonably strong so I would go ahead and buy it.  But, for me, they are utterly impossible.  I have not been able to slide this on a belt or waistband because the clips are so strong and stiff.<br /><br />I kept it because I like the clean and simple lines and the pouch itself, but will only use with a slide through belt - I can't clip in onto anything!",2.0,Cell_Phones
This is an awesome haircutting set! I never realized how much I needed haircutting scissors until I started trimming my kids hair and these scissors are like a hot knife through butter. I was amazed! I highly recommend this product!,5.0,Beauty_Personal_Care
"I found the stand was not totally level. I had to twist it a bit so my computer was not crooked, which was difficult because the stand was so stiff and hard to adjust. Once I got that sorted out it worked.",4.0,Electronics
The case looks absolutely adorable in the photo. But when I received the case I was so disappointed. The case itself was very flimsy before I even put my phone in it. After using it for a few days it wouldn't even stay closed. The material looks nice but within a week it looked dingy and yellowed. I am very careful with my phone and cases and especially this one since the front is white. I tried cleaning the case with a cloth and a gentle soap but to no avail. Needless to say I have changed my phone case only after about a week. I wouldn't order this case again.,1.0,Cell_Phones
Taste like slime. Flavorless slime. I’m sure it’s great for you.,2.0,Health_Household
This is my favorite sunscreen-not greasy and smells amazing,5.0,Beauty_Personal_Care
Amazing little gadget for the price!!!!,5.0,Electronics
"Viola is my fave!  It's a stunning shade that gets lots of attention!  I only wear Stila lip paint.  I work with a mask on and it never smudged or budges, lasts even through lunch!",5.0,Beauty_Personal_Care
Perfect !! I suggest you buy a screen protector,5.0,Cell_Phones
"This is the 2nd LifeProof case I've purchased, and it is hands down the best case I've ever used for my iPhone.<br /> I'm extremely hard on my phones. I drop it all of the time, toss it in my black hole of a purse etc& it's even gotten splashed with water (I'm not brave enough to submerge it in water, but I think my phone would survive)...and the case, and my phone have always looked brand spanking new.<br />I used to use the OtterBox cases, and after a period of time, the case would start to come a part, and break around the corners. My screen has also been broken twice in those cases. So far, 9 months, the LifeProof has surpassed the OtterBox in so many ways!<br />The Lifeproof is a huge upgrade in the case/protection department. It doesn't just &#34;cover&#34; your phone. It really keeps it protected from dirt/dust, dog hair, and the worst of them all-water! While it's doing its job, keeping my phone safe, it also hasn't gotten dingy or dirty looking on the outside. You can look at people's phones/cases& see how much of a beating they take, and with this case, it always looks good.<br />I'm having to replace my case because I had to take the case off of my phone (downside of the case it that it's hard to remove), and it fits so snug, that the screen protector tore when removing it. I've seen this happen to 2 others with the same exact case, just last month. I guess removing the case wasn't in the makers of LifeProof when they came up with the design, but at this price, you'd hope it wouldn't break like that! I didn't think it was that expensive the 1st time I bought it..but I paid for it because I couldn't imagine going back to terrible phone cases.<br />Expensive, but it's a must for me!",4.0,Cell_Phones
"I needed this in a bathroom window in our cabin. I want light in there, but privacy because.... bathroom. This stuff was reasonably simple to install - measure, mark and cut with scissors and place. It's not an attractive look, but it solved my problem and I can live with it. Hopefully, this will survive our West Texas summer heat.",5.0,Home_Kitchen
Perfect fit and works great! I would recommend!,5.0,Electronics
"This works great for upset stomach and headaches which I have both being I suffer from Crohns and migraines. It doesn’t take them away or “heal” it but when I feel something coming on, it does slow it down or stop if I catch it quick enough.",5.0,Health_Household
"I'm a Sangean fan. I have a desktop model in my bedroom and living room, both of which are excellent. This radio, however, misses the mark. There are cheaper radios in this class that deliver MUCH better sound and performance. Do yourself a favor and keep looking.",2.0,Electronics
Just the perfect amount of padding and protection for my little Chrombook.  I know its not an expensive MacBook but it’s mine and I really enjoy using it!,5.0,Electronics
Just got back from Florida and I love the memory foam and beads in this travel pillow so much that I just purchased a 2nd one for my gf! The price is excellent too!  Thanks!!,5.0,Home_Kitchen
"The one thing i really like is the scent.  i don't find it too strong but then again, i like strong scents.  this one does stay on your skin for a while.  i try to keep handmade soaps in my house, especially in my guest bathroom. since that bathroom is not used daily, i keep the door closed and when i have handmade soaps, it does scent my bathroom.  i like the lather and it does make my skin soft.  i normally order Beekman's soaps but anytime i find a handmade soap, i like to buy them.  the only thing i really don't like is the shape of the soap.  i have a hard time keeping it in my hand and it's slippery, so i kept dropping it.  i think when it wears down a bit, i will like it better.  i love the look of handmade soaps.  they are usually so pretty as this one is.  The only drawback is the shape.  i do prefer rounded or like oval shapes.  it just feels better in my hand.  if you don't really like strong scents, this soap might not be for you.  my family and i like the stronger scents in everything so it really fits my household perfectly.  i have a friend that gets a headache from any scents so if you're like her, then this might not work for you.",4.0,Beauty_Personal_Care
"Worked good for cold, but not great for hot",5.0,Health_Household
Wasn’t as heavy as I would’ve liked,2.0,Home_Kitchen
My husband purchased this a few months ago and loves his so we bought another for my vehicle. When the product arrived it was clearly not the same and my Galaxy x7 doesn't fit in the mount. Beware.,1.0,Cell_Phones
"Works great in my bathroom, perfect color match.",5.0,Home_Kitchen
"I buy this brand peppermint for cleaning only and have been very satisfied with the product.  However, this swells terrible like it's sour or something.  I didn't open it for a while because I still had some left in my old bottle or I would have returned it.",1.0,Health_Household
"This is a basic hypochlorous acid (HOCl). There's nothing wrong with that whatsoever since HOCl is a fantastic performer when it comes to sanitizing surfaces and getting rid of odors without having to resort to harsh chemicals. It has a mild chlorine-like scent and is fine for use on food contact surfaces. HOCl is great stuff!<br /><br />However, this HOCl is lacking on a few key areas. It's rather pricey compared with similar options. Granted, it comes in an upscale (well, sort of upscale) bottle, but the solution itself is nothing new or unique. More importantly, it does not state the HOCl concentration on the bottle. Usually it's 0.02%, but I'd like to know if that is the case with this. Another key piece of info that's missing is the expiration date. HOCl has a shelf life (usually about 18 months). I have no idea when this was produced so I don't know how long it is good for. That's a key piece of info for a sanitizing agent.<br /><br />While HOCl itself is a fantastic sanitizer, the lack of key info and the price compared with other HOCl options (that do state the concentration and expiration date) makes this a below average (2 star) product for me.",2.0,Health_Household
"This is the one you should get!  Okay, if you have achy muscles from working in the yard or working too hard at your job and your shoulder hurts, your knee is killing you - whatever it is, put a pair (or four) pads on/around the area, pick your mode/intensity plus time and let the unit help you feel better.  I have had to play with pad placement since I'm not an expert at this, but for me, having an extremely painful right shoulder from years of typing/working on a computer that led to carpal tunnel syndrome...and instead of surgery, I deal with the little bit of pain until a weather change makes it a BIG bit of pain and that's when I break out the TENS unit.  One pad on my back, one pad on my front right about where the pain hits me and I pick a fairly even mode and medium intensity for 15 minutes, then, if the pain is still about the same, I up the intensity and try another 15 minutes.  That usually works for me, but sometimes it takes a little while to find the mode/intensity as well as placement that works well for you.  Don't give up!  This TENS unit will help with the pain without drugs and that's the best thing for each of us - fewer drugs in our system.  Try it - it will help!",5.0,Health_Household
But we don't always have fresh pineapple to help with digestion. Taking this in capsule form is great. I get the benefits of the bromelain daily and it helps with my muscle aches.,5.0,Health_Household
I agree with the other reviews that related that the covers are extremely thin.  They tear easily if not placed on just right.,2.0,Electronics
"Attention-grabbing packaging and containers - the concept of being able to refill toothpaste and potentially reduce waste is noble, but the refill is not even available as yet - hard to review how easy (or messy) that process may be considering how small the bottles are.<br /><br />The paste itself is somewhat mild, runny, and too sweet.  ""Flavor"" combinations sounded promising, but can hardly get anything other than the mint.  The list of ingredients seem more like chemicals - assuming they are plant derived, but one cannot expect an average customer to go look up the source for each ingredient.<br /><br />At this price point, and no visibility into the refill availability (or pricing), this is not a good value.  May be ""greener' and cost effective to use tooth powder (or tablets).",2.0,Health_Household
Excellent A++ seller!  Thank you!!,5.0,Electronics
"I have an old laptop that hasn't been able to maintain a WiFi signal in years. If it could connect, it was typicallly because I had it hooked up to my cell phone and used it as a hotspot. However, from the moment I installed the drivers that came with this USB WiFi adaptor, my computer has accessed the Internet with ease and actually stays connected all day long! I couldn't believe it. I didn't think this would work nearly as good as it does, and it saves me money by extending the life of my laptop.<br /><br />When I use my laptop at my desk, I plug the adaptor in via the USB cord and docking station and have it elevated above my computer so it is sure to get a strong signal. However, I think that is more in my head than an actual necessity, because when I'm on the sofa I just plug the adaptor directly into my USB port and get just as strong a signal and can work for as long as my battery allows.<br /><br />The drivers came on a mini CD-ROM disc, but the instructions that come with it say that you can download the drivers directly from the website if you don't have a disc reader on your computer. It installed lickity split, and it has been smooth sailing ever since. I simply can't recommend this product enough. I have been using this for weeks now and still can't get over how fast my old laptop is now when I'm online. This has been a true godsend.",5.0,Electronics
I bought this product because of the reviews to help and grow my edges. Well it's August and I received it in June. Reviews says it works. I haven't seen any growth yet? I used every night. Not missing one night. Who are all these customers with growing hair.🙄what did they do that I'm not doing.,1.0,Beauty_Personal_Care
"No flavor, definitely makes a difference in the energy I have.",5.0,Health_Household
Absolutely adorable. I am collecting all North American critters.,5.0,Cell_Phones
"As an older person with some health issues, I've actually considered signing up for an emergency contact service so this came at a good time for me.  But the biggest fear I've had with these systems is: Will it work as advertised if, heaven forbid, I fall or have some other emergency?<br /><br />The smallest &#34;personal alarm&#34; device I've seen, Ripple is unique in several ways.  It &#34;piggybacks&#34; via Bluetooth on your smartphone instead of having its own transmitter, and as such it is much smaller than similar emergency alarm systems since it doesn't have to carry extra electronics.<br /><br />Set up is easy - install the smartphone app and then pair the device via Bluetooth.  You need to make sure your phone allows Ripple to know your location, accept notifications, refresh in the background, and use cellular data in order to make sure you're covered.  Also, if you have a non-emergency situation where you feel uncomfortable, you need to make sure your phone is close by as you'll get a callback or a text.<br /><br />The only negative so far is there's no clear easy way to test that everything is set up properly without actually activating an alarm by clicking the button.  I did that, just to see what the response would be and it was a little strange.  After clicking the button once, I started timing to see how long it would take to get a callback.  My phone rang at 2 minutes 44 seconds -- which seems a bit long to me, given the description that says &#34;click once and immediately receive a call from Ripple Support.&#34;  A lot can happen in almost 3 minutes.  Also, after I answered the phone, I was asked if there was a problem, and before I could answer, we were disconnected.  Another minute passed and I then received a text asking the same question and I explained that I was trying to test the system to make sure I had it set up correctly.  It just seemed awkward that they wouldn't have something in the instructions on how to do this instead of waiting until there was a real emergency and then finding out that I mistyped something.<br /><br />I intend to continue with the subscription program after the 1-month trial period is up.  I think it probably works well enough to suit my needs.  It will be most useful if I'm separated from my phone and experience a true emergency (a fall/etc.).  Otherwise, if my phone is handy, I can just dial 911 myself.  Overall, I'd give this 3.5 stars -- rounded up to 4.",4.0,Health_Household
"Every house should have one! No bending, great for dusting baseboards and high shelves",5.0,Health_Household
Love this shampoo. Helps my dandruff and has a pleasant odor.,5.0,Beauty_Personal_Care
I never wear foundation all over my face. I usually just put in in my t-zone and buff it out from there.<br /><br />I must say that this shade is a perfect match for me! I was worried because I do have combination skin and since this was a hydrating formula I thought it would make me even more greasy. I set the makeup with some translucent powder and didn't have any issues.<br /><br />I am really impressed! Considering I usually only use foundation from MAC Cosmetics this really surprised me.,5.0,Beauty_Personal_Care
"Perhaps I got a dud but the screen was a cream color when it was supposed to be white and it was so strong that i ended up with a migraine just looking at it start up. I can't imagine reading on it which is why I bought it. And yes, I know you can adjust the brightness and go to dark mode. Not worth it.",1.0,Electronics
"Lots of it. I need this more than anyone could imagine. I even meditate. But, this helps with my stomach issues from stress and that is what I need at the moment. Otherwise I have gastric distress that is unpredictable and painful.",4.0,Health_Household
I have had sturdy cases before but they always felt so clunky. I like that this has great protection but it doesn't feel like I'm adding a lot of extra weight or size to my phone.,4.0,Cell_Phones
It's small that it doesn't snugly fit inside my ear.  One I got from hotel seem to have better fit than these.,2.0,Health_Household
"Oxygenates sore, tired, & achy muscles. Speeds recovery. Helps with fibromyalgia.",4.0,Health_Household
"I simply don't understand why after at least a half a dozen different serums - none of which do a darned thing - I continue to order them.  I'm pretty sure this will be the final time I order one since, like the others, I used it for a few weeks with no noticeable difference in skin appearance, texture, or dark spots reduction.",1.0,Beauty_Personal_Care
I absolutely love this! Fits my phone perfectly!,5.0,Cell_Phones
Good muscle relief.  roll on my legs and it feels sooooooo good.,5.0,Health_Household
Amazon prints are the best!!!! So reasonably priced as well.,5.0,Home_Kitchen
Perfect accent for my coffee bar.,5.0,Home_Kitchen
"I absolutely LOVE LOVE LOOOOVE this palette and it is one of my go to palettes every time I put in the effort for some make up. I admit I didn't expect much when I bought this due to the price, and I originally bought it because of the colors, but man was I surprised. The colors are as stunning as they looked on the computer and they are very pigmented. So I saved a lot of money and got a super payload in each and every color in this palette so far.<br /><br />The mattes are stunning and blend beautifully even for beginners and allow you to actually learn to try some techniques you can see on some online videos. The shimmers and glitters are just as beautiful and I found can easily be applied using your finger or a brush, depending on how much you want to apply to your eyes.<br /><br />You absolutely can't beat this palette. Stunning colors in both mattes and glitters, they blend beautifully and the price is just unbeatable! What can you ask for more? Correct more palettes so I went and bought more and I have to say their Molten Rock Heat palette, a dupe for one of the Urban Decay palettes I believe is AMAZING if you are looking for a gorgeous brown palette. Another one I LOVE is their Fantasy one which is sorta a dupe for one of the Morphe palettes, I think the James Charles one, which is incredible as well. Next are Fusion Bronze that looks amazing and Aromas which looks like a perfect dupe for the Huda Nude palette. If that one is even remotely as good as the few I already have and love, well than this is a going to be amazing. I have a few more not mentioned and they are all amazing !!!!!",5.0,Beauty_Personal_Care
Pretty basic. I've found ones elsewhere that are a lot better.,2.0,Beauty_Personal_Care
Best headphones. I purchased another one for my mom. She loves it also.,5.0,Electronics
"THE BEST one I have ever owned/used. USE caution, SUPER SHARP.",5.0,Beauty_Personal_Care
"I was so excited to get these cups cause I love skull aesthetics and I am a sucker for cute cool cups too. However, when I got these the pink skull cup was broken but I could tell it was the better of the two cups because of the color and the details you could see on the cup. It looked so amazing. The black skull cup is just as awesome but you couldn't tell any of the details of the skull, as it is just straight black. However, I still like both cups. Well, I sent the first set back for a replacement and the replacement came broken also. And always the pink skull cup. The packaging of these cups does not work. They are wrapped in thin bubble wrap and there is a cardboard separator in the box but it's not working to prevent the cups from breaking. Unless they improve the shipping packaging I wouldn't recommend getting these because they will arrive broken.",1.0,Home_Kitchen
"I wanted to wait to try this till I recieved this before dyeing my roots. Now I can.I have gray roots that have grown out about 1/2 inch so this was a good chance to try this Light to Medium brown L’Oreal Root cover up.<br /><br />This comes in a can that looks like hair spray, and is a Small Can, although you would not use it much, so it should last a long time!<br />On the tip of the sprayer is a thin little tube so you can point it at your roots to spray and cover.<br />But it says to hold the can 4 to 6 in. away !!  For me, it spray my hair but not my roots. I had to get the Can Much Closer.<br />After trying to spray this color to cover my roots, I then had to take my fingers to blend it in .( should have used a dye brush instead)..<br />But it is TOO Dark.<br /> 30 mins after using this, when I touched the sprayed area it still came’s off onto my fingers! It is not stiff like hair spray, but my hair feels dry there.<br />After 1 hour I used a brush to blend it in. It does cover the gray, but still dark, and comes off on my fingers.<br />Although I think all products like this one, or powder, will come off when touched!!<br /><br />This comes out very dark on my hair that is a med Brown, with a goldish blonde weave.<br />I have a powder that is brown, that blends in much better then this does for me.",2.0,Beauty_Personal_Care
Best one for the price that I have tried to date.,5.0,Cell_Phones
"MONTH AND AND CHANGE, BROKE ALREADY",5.0,Health_Household
Horrible sound quality!!! Thought I needed a hearing test. Sent it back.,1.0,Cell_Phones
When I first received this product I thought it was amazing but soon after the cell phone holder broke free from the  cup  base.  its too bad because I was hoping for a good product...,1.0,Cell_Phones
"Thought these were great headphones for the first couple months until I found them melted in my truck. These actually had the best sound of any Bluetooth headphones I’ve owned, but that doesn’t matter if they’re melted. Luckily I didn’t have these plugged into an outlet that was always hot, so I was able to catch it before a massive disaster happened in my truck.",1.0,Electronics
"It gave me razor burn and tiny little nicks. Even a day after shaving, my face felt tender. You can be sure I won't be shaving with it again.",1.0,Beauty_Personal_Care
"I love this mouse. It’s my second one though. I dropped the first one and it broke apart easily. I couldn’t put it back together. But, I still like this mouse because it’s quiet and light!! I hate how some mice can be loud when you’re scrolling! This one doesn’t.",5.0,Electronics
Easy to use. I love it for filming workout videos and such.,5.0,Cell_Phones
"Every time I shave the forest of hairs on my legs with one of these Bic razors, I manage to get a nick on at least one place on my legs. I don't get it. Every single time. I use shaving cream too. I don't seem to have this problem with some of the other disposables, but I do with these.",4.0,Beauty_Personal_Care
Very pretty but the way you open it is backwards.,2.0,Cell_Phones
I couldn't get it to remove the pilling.  Best thing about is the price.....cheap enough to throw away.,2.0,Health_Household
"Once again, Olay has created another product that works for me. As I've gotten older, I noticed a lot of changes which obviously includes my eye area. I really try to avoid damaging my skin but it feels hopeless when nothing works. But since trying this eye roller every morning, I really have noticed a decrease of puffiness around my eye area. After patting in the product, putting on the concealer is so much smoother with less creasing. I highly recommend this product for MOST age groups. Prevention is key!",5.0,Beauty_Personal_Care
My husband loves this stuff!! Perfect for after he shaves his head!!,5.0,Beauty_Personal_Care
Smells fabulous.... I burn it all night long and have ever since it arrived at my home!! I will be ordering more!💕,5.0,Home_Kitchen
Used on my granddads hair no yelling or fuss when combing out her hair,5.0,Beauty_Personal_Care
A gift for my daughter.  She loves it!,5.0,Home_Kitchen
Easty to apply.  Used for sore on leg.,5.0,Health_Household
Kids phone broke in his pocket.,4.0,Cell_Phones
It’s not good for phones with cases.,4.0,Cell_Phones
I love love love this rug. Everything about it is perfect. I ordered it for my daughters room and I could not BE more thrilled. The quality is AMAZING and it is just the perfect addition. She loves the shaggy look and it is even easy to vacuum. I would highly recommend!,5.0,Home_Kitchen
This works best for me when I have a cold.,5.0,Health_Household
The best IPL I've owned. Larger coverage area. Works for my skin tone.<br /><br />As advertised. Better than expected.,5.0,Beauty_Personal_Care
"Love these things!  What can I say about that! I love the little holders on the top to put my make up. Sometimes I put earrings in a little holders. There's a bigger section for Kluge! LOL and I use the drawers for my earrings and necklaces. I have two sets of them. I think it makes a great case for my jewelry. Like to be able to see through it. You get just what you see, no surprises.",5.0,Home_Kitchen
"I don't like the adjustable ear hook , the first ones i bought in 2017 were the best. Hope they bring back that model.",1.0,Electronics
"I absolutely love this case,I would definitely buy again.",5.0,Cell_Phones
My kids are looking forward to the delivery,5.0,Home_Kitchen
Not for me they're not.  Somewhat gentler lapping would be okay.  I prefer the sound of rain with distant thunder for relaxation.,2.0,Health_Household
Love this for my Harley Davidson Street Glide!  It fits the handle bars PERFECT!!! My Husband & I both have it now!  His has been on for a year ans still looks and works like brand new!,5.0,Cell_Phones
We bought this for our sons getaway car after his wedding....it was PERFECT!,5.0,Home_Kitchen
"Good, effective case. Perfect for my needs.",5.0,Electronics
"I use quercetin for certain periods of time.  I wanted a powerful version to help.<br /><br />SIZE<br />These capsules are pretty standard size.  They are not hard to swallow.<br /><br />ANY DIGESTIVE ISSUES?<br />I get no digestive issues from taking this.<br /><br />WHAT I USE THESE FOR<br />I do not take supplements constantly unless I need something over a long period.  I use quercetin during times when allergies kick up once in a while.  I also use it when I feel like something might be attempting to railroad my health with a cold or flu.  I take quercetin with tonic water and zinc.  It helps most every time to ward off problems.<br /><br />DO THEY HELP?<br />These do work.  Do I notice a WOW effect?  Not really.  I do know that they do work and I am glad to have them.<br /><br />THE BOTTOM LINE<br />These are a bit expensive for what they are.  They do work when I use them, however.<br /><br />MY RATING<br />FOUR STARS.  The price is a bit high for what these are, but they work for me when I use them.  Because I don't use them constantly, they will work out for me.  If I had to buy these constantly, at this price, I probably would opt for a cheaper version.",4.0,Health_Household
"This was deemed ""undeliverable"". Whatever that means. It's been happening to more and more of my packages lately. I really wanted this stuff too! It's the best mouthwash ever. Leaves my teeth feeling clean and it doesn't burn my mouth.",1.0,Health_Household
I'm constantly dropping my iPhone and I need a durable phone case but I hate those big rugged phone case!! this give me the sleek style I want as well as the protection needed for my clumsy habits,5.0,Cell_Phones
"Ultra soft is pretty soft indeed, however the overall quality isn’t the best, it is similar to public bathroom’s toilet paper.",2.0,Health_Household
"This is the second product from this company that I own, and I find that Jules and Esther offer pretty decent beauty products. I especially like that they use natural and organic ingredients and that they contain no chemicals. This moisturizer is fairly light and for me is useful in my morning beauty regimen. I save the more heavy duty products for night time. This cream is very smooth and goes on my face very easily and absorbs right in. I had been using only coconut oil, and I have recently discovered that although this is a good practice for night, the coconut oil does not seem to absorb well enough in the morning leaving my foundation a little tricky  to apply as it seemed to not want to stay on but more float on top of the coconut oil. I found that by using this moisturizer instead, the product absorbs right in to my skin leaving a nice surface for the foundation.  I still use the coconut oil at night, but I use this moisturizer in the morning. I love the smell as it is very light and not overwhelming.  I do not have sensitive skin, so I would not be able to comment on how this might work for someone who does. For me, this moisturizer does a pretty decent job considering I have extremely dry skin. I did receive this product at a discount for an honest, unbiased review.",4.0,Beauty_Personal_Care
"I really wanted to like this.  The picture and message are beautiful, but it just will not stay on my phone.  I can't even pop it out to use it without it falling off.  I cleaned my phone very well prior to use.  I ended up getting a refund but I would have rather had the pop socket work. 😞",1.0,Cell_Phones
"I was so sick of the suction cup hooks falling off my shower walls making whatever it was holding end up on the ground which grossed me out despite cleaning the shower floor constantly. I found these and they actually sick however once they are on, you can’t move them without ruining them. I had to use Goo Gone to get the sticker stuff off my shower wall after changing my mind on placement. So far, it’s sticking well and holds my loofa, facial soap that’s in a mesh bag and razor without any issues. The only thing that bothered me is they sent me the wrong color. I ordered gray and got multi colored…. Twice.",4.0,Home_Kitchen
The controls are hard to use with this on.  There are much better.,1.0,Cell_Phones
"This is not moisturizing, it feels heavy and waxy, don’t recommend it at all. Vichy used to have two Aqualia creams that were amazing, one was the cream gel and the other one was a night cream, I wish they would bring them back. This rich cream is horrible, vichy has lost its quality",1.0,Beauty_Personal_Care
I hope they never quite making this item in my life time.,5.0,Beauty_Personal_Care
I love this brand. Never found better,5.0,Beauty_Personal_Care
I would have like to got all the order. Any way that can happen. I love the set that was ordered.  Thanks,2.0,Beauty_Personal_Care
"Its small and charges quickly, seems as advertised.",5.0,Cell_Phones
They work great until they run out of charge when they are on a can I had to break mine to get it off the can  I had a great big miss I do not trust any thing that uses  batteries for power  there are other products out there that you charge by electric with a cord and then take off the cord and a way it goes also if you run  out of  charge in the middle of opening a can it is easy to take it off and finish up with a hand can opener,1.0,Home_Kitchen
"While I am not a scientific expert on shampoos, I am something of an amateur expert.  I can honestly say without exaggeration that I have used a few hundred different shampoos in my lifetime.  In my teens and early twenties, before marriage, I would shampoo at least twice a day:  once before school or work, and again before a date or evening event.  On the advice of my hairdresser, I never used the same shampoo twice in a row.  People who saw my bathroom said it was better stocked than a drugstore!<br /><br />Now I shampoo only once a day, and I found that I love TRESemme shampoo.  I can use it two or three times in a row, and I find that I keep going back to it.  It makes my hair silky, shiny, and smooth every time I use it.  No more shampooing twice a day!  I will definitely buy this product again.<br /><br />Try it.  I would not mislead you.  And the icing on the cake is that it is made in the USA, a definite plus!",5.0,Beauty_Personal_Care
Best wireless cameras on the market in my opinion,5.0,Electronics
"This product cuts close, but is non irritating to the skin thus I don't cut myself --as often-- because it glides over my skin.<br />My skin is more sensitive now so it requires something that will make the blades glide across my face without causing friction or skin irritation from harsh perfumed chemicals.<br /><br />I got disposables incase I leave loose it on a business trip I don't have to buy another handle to fit replacement blades, I kind of use things for a long-long time.<br />So I  didn't want to have to worry about having a bunch of replacement blades and having the handle wear out from use thus these handles aren't sold anymore.<br /><br />For me Disposable is better",5.0,Beauty_Personal_Care
This is perfect for my counter top! Thank you.,5.0,Home_Kitchen
"I've had my Galaxy S6 for almost 3 years, and had the cover for just as long. When I purchased the phone, I asked the sales associate what HE uses on HIS phone, and he showed me. This cover and a glass protector. I bought both. The glass protector has since cracked and I removed it, but THIS COVER has remained beautiful, still sleek, doesn't show dirt or wear at all. AND!!! I drop my phone several times a week, and i have NEVER. HAD. A CRACK. never. my phone looks braaaand spanking new. i'm never, ever going back to any other cover. and it's thin!! super lightweight and sexy and inconspicuous. surprised everyone doesn't have one of these.",5.0,Cell_Phones
"the was was ok, but the kickstand was week, and snapped off fairly easy.",2.0,Cell_Phones
Excellent and beats everything in our stores for hundreds of miles.,5.0,Cell_Phones
They were initially great until I went on my first one hour walk and came home to find that they had disintegrated in my shoes.,2.0,Health_Household
"heavy duty, doesn't look like it'll break anytime soon",5.0,Electronics
"It never was smooth or easy to refill, you always had to call support, but at least they answered in a timely manner, or you could use live chat; they kept telling me they would get the kinks out of their website so customers could refill online.  But now for the last 2 months I haven't been able to hold long enough to get support, except tonight after 14 minutes of hold I am again on hold while support applies my refill (even though I bought it 4 days in advance of the last 30 day refills expiration).  And the live chat is never active anymore.<br /><br />You might avoid this refill hassle by signing up for auto-refill, but you cannot do it with your card, you must use PayPal, and PayPal will only allow you to auto-pay via check (not card).  So I wont use auto-pay.<br /><br />I just now finished with support, after being on the phone for 49 minutes. The first 14 was waiting in line, and then when support answered and I explained the problem, it took another almost 15 minutes for him to get the refill applied.  Then another 17 minutes to get the Int'l calling refill applied, and then I probably burned up 3 minutes complaining about the hassle of going through this every month, but being worse now that the hold times are so much longer.  So a total of 49 minutes, and I get to look forward to going through this all again a month from now.",1.0,Cell_Phones
This is an amazing product! It really helps my neck pain by stretching out my neck. It gives good support while it stretches your neck. It makes a noticeable difference in my headaches and I don’t get as many anymore after using this regularly.,5.0,Health_Household
Excellent case for Western Digital - My Passport external hard drives. This is my fourth case and they are durable and last a long time. I still have one from eight years ago in service daily.,5.0,Electronics
I only use this. It limits injury and discomfort. Good for bikini. No pulling,5.0,Beauty_Personal_Care
They fit perfect i just hope they are working,4.0,Home_Kitchen
worst crap that I ever wasted money on! Don't bother. The brunette color is so far off base from dark brown/black that I will never be able to use it. The application brush is fat and round like a lip gloss brush but coarser. The make-up itself has the consistency of lip gloss! How is that EVER going to look like a natural brow. Ain't gonna happen.,1.0,Beauty_Personal_Care
"I honestly bought these because they looked like just normal hangers like the ones you normally buy at the store I looked around and tried to find ones similar to the ones I already own at home you know normal plastic hangers nothing too fancy but enough to hold my clothes. I was expecting them to at least be well what I saw on the picture, what I got was very poor quality hangers and by that I don't mean like they are not what they look like because they kinda look like that on the picture but the plastic they are made out of seems to be super thin and easy to break, they are also considerably thinner than the ones in my closet (that are simple white plastic hangers exactly like these ones) of course those may be a different brand (I'm not even sure because I could have bought the same ones before I don't know for sure) but these new ones are just bad quality, I guess we'll have to see but the ones I already had are a lot thicker and they have already broken once or twice so I don't expect these ones to hold out either and much less than the other ones since they are ultra thin! I don't know what else to say just probably not worth your money if you are looking for something that will actually hold up your clothes and can carry the weight/ won't bend or break.",2.0,Home_Kitchen
I bought this for my daughter and she loves it.,5.0,Electronics
"EDIT: Well I put this screen protector on same day I got my Pixel 3 XL, and followed up with a review. I had it at 5 stars.  I had written that I would be back to edit if there were any issues. I'm back. The issue is that the holes on the  front facing lense create a halo that is evident when taking a ""selfie"". I thought it was something in my camera settings when it occurred to me that it could be the protector. I hated taking it off to check, but that was it. It isn't a matter of alignment as I couldn't get it any more perfect. I had given my husband one to use, and asked him about what I saw. When testing his camera in selfie mode, sure enough there was a haze there too. Bummer! I thought it a nice protector. My husband said his about came off when he hit it on something. So that's disturbing. So either cut outs needs to be bigger, or material around that section thinner, as the thickness is getting picked up by camera. I'm sorry to have to drop rating from original 5 stars to 2. If I never used the front facing camera, that would be one thing, but since I do, I do not want the end result with a significant haze around the picture. Right now it is worthless to me, unfortunately.  All other info in my review stays the same.<br /><br />No complaints or issues so far. Easy, perfect fit. Nice material, feels like it will protect my Google Pixel 3xl from scratches. I can navigate without hindrance from the protector material. Fair budget friendly price. Came with a link to video instructions. I did not view that prior to installation. As soon as I took my brand new Pixel out of the box I put this protector on before any dust or smudges occurred. Everything lines up perfectly. The box came with 3 protectors, some dust and cleansing wipes, a guard frame as well as guides and a tool to smooth out trapped air. I have only had it a couple of days so i will return to adjust review as needed.",2.0,Cell_Phones
"thick feeling sturdy plastic garbage bags  with drawstrings, what's not to love",5.0,Health_Household
Hides the butter from those pesky ants.,5.0,Home_Kitchen
charges cell phone fast... convenient... delivered fast,5.0,Cell_Phones
This product is excellent. My I phone is now safe again.,5.0,Cell_Phones
"It’s really nice, fits on my sink perfectly.",5.0,Home_Kitchen
"recently my cheeks were red and breaking out (something new for me) and a friend even commented on it, suggesting i might have rosacea...  i did some research both on rosacea and what one could do for it and came across this.  had some concerns about putting oil on my face (thinking it would just add to the problem), but figured i'd give it a try.  been using it for almost a week now, and what a difference!!  contrary to what you'd think, it does NOT make your face oily (it absorbs quite quickly), and the only negative is that it does have a smell that while not totally unpleasant, is not particularly appealing either....  however, it does seem to go away (the smell, that is) fairly quickly, so it is a small price to pay.  my entire face looks much better - not only the areas on my cheeks.  hooray!!!<br /><br />Update:  while I still like this, I will probably look for another seller because this is the second time that I have opened a new bottle only to have the top black rubber around the top be &#34;melty&#34; for lack of a better term... the oil was tinted black and the entire top was covered with &#34;melted&#34; black &#34;goo&#34; from the rubber around the dropper... therefore I have downgraded my rating.  The oil itself I'd give a 4, but with the last 2 I've opened having this same prob,  I have to downgrade to a 2...",2.0,Beauty_Personal_Care
"I really like products by Ricard Rojas, however this hair serum I am just not a huge fan of. It is very concentrated and rather thick and applying it to the hair is a bit of a challenge I find. It just feels weird in my hair and I for one can always tell when it is in my hair. When I use products like this one, I want my hair to feel soft and have a great flow to it, this one however weighs my hair down and it just feels like there is something on it and it is a tad sticky and I for one just am not a fan of that at all.<br /><br />I didn’t see improvement over time and did not see an increase in shine. I just have issues even distributing it through my hair because it is rather thick, probably because it has some waxy ingredients in it. Sadly this one is just a bit of a fail in my eyes. It smells fantastic though but in my hair it just doesn’t do much for it.",2.0,Beauty_Personal_Care
Easy to use & affordable.  However my nails just did not respond to the treatment.,2.0,Beauty_Personal_Care
All I can say is WOW! This pumice stone toilet bowl cleaner is amazing! I have a toilet that had really stubborn stains in it since we bought our house. I tried every product in the store and nothing helped. This pumice stone has my toilet looking new and I could be happier. Fantastic!,5.0,Health_Household
"Meh. - the ""serum"" is very inconsistent. Even after shaking the bottle, sometimes the liquid seems thicker like a serum of sorts but MOST of the time it is just flat out very watery.<br /><br />The rare times it isn't watery it seems to add some pumping but most of the time its just watery.  Definitely NOT buying again.",2.0,Beauty_Personal_Care
"I'm not at all impressed with this product in terms of performance. When comparing it with kinesiology tape, this is far more limited in the support/benefits offered as well as being more finicky to apply. It works best if you have a small frame, but even then the benefits are limited.<br /><br />While this is easier to deal with than tape, for the price it's a poor value and a subpar performer.",2.0,Health_Household
"A good portable stylus. I prefer my chunky pencil stylus, but it is heavy and stays at home. When I take my Kindle Fire on the road I use this tiny pointer. The earphone plug is nice too, I had no way to easily transport my large, metal stylus and I was afraid if I dropped it, I might damage the floor.",5.0,Cell_Phones
This backrest for the bed is incredible.  I love how soft the fabric is and that you can Machine wash the pillowcase!  I needed something for watching tv in our bedroom with our wrought Iron headboard.  This felt like a cloud on my back!  I was so comfy!  I would definitely recommend it!,5.0,Home_Kitchen
"I've used Dr. Bronner's liquid castile soaps for decades for bathing, washing dishes and laundry. It's a safe, effective cleanser.<br /><br />Unfortunately, in the past year or so I've noticed something I never did before: when I use it for dark laundry in a delicate cycle, cold-water wash, the soap sometimes does not wash out completely, leaving white, powdery streaks on the clothing. It doesn't stain them and can be brushed off, but it's a hassle. I do not have this problem when I hand-wash delicate lingerie with this soap.<br /><br />Over the past year I've also stopped using this soap to hand-wash dishes, instead using a combination of baking soda and vinegar, because this liquid soap streaks glasses and leaves a residue on plates and cutlery. This is also a problem I never had before, and it makes me wonder if the formulation for this soap might have changed in the past year or so.<br /><br />For hand-washing and bathing, though, I continue to use this soap.",4.0,Beauty_Personal_Care
Beautiful! Perfect size! Seams like great material.<br />Got it really fast!,5.0,Home_Kitchen
This works MUCH better than I was expecting it to work. There's a certain Charles-Bronson-ish sense of executing each cherry. I found that cherries I bought would go bad because I'd get tired of eating around the pit of each cherry. I bought this locally although it was $0.11 more (plus tax)... I wanted semi-instant gratification.<br /><br />Looking forward to baking a cherry tart.,5.0,Home_Kitchen
I Love these. They are just perfect for finger foods.,5.0,Home_Kitchen
Got this for my grandson's birthday!  He loves it.,5.0,Home_Kitchen
"Full disclosure. . .  I don’t have a “dirty job”.  So my clothes are typically “lightly soiled” at worst.  Having said that. . .  .These pods work great.  One of my BIG issues with any laundry detergent is the fact that I have a front-load washer, and the amount of suds.  I’ve had three different front-load washers in the past 20+ years.  I’ve tried several different brands and types of laundry detergent.  In the “old days” it was difficult to find any laundry detergent that didn’t suds too much.  Now all major brands have “he” detergent (high efficiency) which is supposed to work for front-load washers.  Not true.  Some of them still suds too much.  Too many suds means you have to keep rinsing and rinsing to get all of the soap out. . but. .  even worse. . . if it’s really bad, then the suds will start to come out of the detergent drawer and then you have a real mess.  With  Tide Pods there is not too much sudsing, as long as you use the pods for a “regular / large” load.  I do not recommend using the pods for a small or even medium load if you have a front-load washer.  I’ve done so and regretted it.  Hence, you will still need to have either some liquid or powder on hand.  Nonetheless, the pods work fine in both warm and cold water.",4.0,Health_Household
Wonderful!! This case is very durable.  I love the sleek lines of my iPhone and this case still let's them show. I highly recommend this case.,5.0,Cell_Phones
"Now if there could just be something that could hold it in place instead of it falling in my lap when it gets tilted. Also, I use my tablet a lot when I am in bed and this hides the bottom of the screen if I am laying down and slaps me sometimes in the face if I move around.",4.0,Electronics
I absolutely LOVE these christmas tree Trivets. I want to order more to give as Christmas gifts to friends and to my kids teachers! they are absolutely beautiful and make a perfect decoration!,5.0,Home_Kitchen
Omg I love it it fit Perfect in my bed,5.0,Home_Kitchen
"I have an Android Auto head unit in my car, but it requires a direct connection to my phone to work. When I'm in a hurry, I usually throw my phone in the holster of the car and start driving... I don't have time to dig out the USB cable and carefully plug it in, it's an extra step that I often decide to skip and just stick with Bluetooth audio instead.<br />This cable changes everything! Now, the cable is magnetically hanging next to the phone already, all I need to do is wave it near the bottom of the phone and CLICK! It connects and starts Android Auto!<br />I had previously tried another similar magnetic cable, but it seemed to only work well as a charging device, it wouldn't send the data necessary for a connection like Android Auto over the USB cable. I'm happy to say, this one DOES, and it's every bit as wonderful as I hoped it would be! I can't speak yet for longevity, but so far I'm pleased with it. The unit comes with enough plugs and tips for my wife to have one in her phone as well, and of course enough cables for both of us to charge when not in the car as well. It IS a little bit of a finger magnet to have the little nub sticking out on the bottom of my phone, I wonder if eventually that will shorten the life of my USB port or the tip, but for now I'm very happy with it and would strongly recommend it for anyone in my position!",5.0,Electronics
Perfect assortment of bits. They're well-made and work as advertised.,5.0,Beauty_Personal_Care
Fadlash is my go-to for sure. Always great quality lashes for my extensions,5.0,Beauty_Personal_Care
The only thing I was not loving was the price!,4.0,Cell_Phones
"If you suffer from anxiety, this is a GREAT product!!! tried it by accident during a crisis... my dad was killed in a car accident and I received the news in a very nasty way, my whole body system went into shock and my ex-husband (of all people) came up with these and saved my mental health.... Highly recommended BUT talk to your doctor first...",5.0,Health_Household
"I loved this camera, for the first two weeks.  The, after a day in the moderate cold (above freezing), the LCD cracked -- which some quick web searching reveals is a common problem with this model.  I'll be sending mine back to Canon for repair (at their expense, I hope, though LCD cracks are in the words of the warranty a sign of ""abuse""), and I look forward to its return.  It's a wonderfully tiny, very fast camera that takes good snapshots and movies.  I'd give it five stars were it not for its fragility.",1.0,Electronics
"I ordered this in early September, but I only WISH my skin felt sensitive to it. I feel nothing when I apply this serum.  I've used several brands of serums in the past years, but this is the only one that feels like NOTHING on my face. I should have realized this before I ordered it. THERE IS NO PERCENTAGE TO HOW MUCH RETINOL IS IN THE PRODUCT.  Lesson learned.",2.0,Beauty_Personal_Care
The scent is very artificial and it’s very strong. Not my favorite. And it does dry out my skin big time,2.0,Beauty_Personal_Care
Sounds like you have cans in your ears.,1.0,Electronics
"My best friend loves Stella (and that's how my dog got her name).  I got her (my friend) these glasses with some bottles of Stella for part of her Christmas gift.  Of course, she loved the gift!!!",5.0,Home_Kitchen
"Not a bad little machine.  Only complaint is the buttons on the side.  I realize that is to make it compact but it just makes it kind of difficult to see what you are doing.<br /><br />Had a Keurig forever it died & we bought a new Keurig K-Supreme which the water pitcher keeps cracking and breaking, even if you never touch it, it cracks and breaks.  This led me to the idea that I will never purchase another Keurig product again. So if you are just looking around right now, try an off brand machine.<br /><br />For the price THIS one fits the bill.  You get your Kcup coffee without all the fuss and price.",4.0,Home_Kitchen
"The Blender Bottle idea and concept is a great one, if you love smoothies like me. However, there are certainly a few flaws in its overall design. The bottle shape is clumsy and hard to hold for smaller hands. The metal ball in the center cannot blend and incorporate any ingredient that is not already smooth as silk or it will get stuck in its metal prongs, which is difficult to clean. Positively, the bottle doesn't retain odors or stains and it is top-dishwasher safe and BPA-free. However, I will use it as another water bottle or container to drink my smoothies after they have been artfully blended by my lovely blender because this bottle can't do the same thing.",2.0,Health_Household
"I love this cream!  I am constantly ordering products to try to combat my incredibly dry, tight feeling skin and so many have come close to being great but just weren’t quite there.  Exodrop is the one I’ve been looking for!<br /><br />Every cream makes my skin feel hydrated at first but that fades throughout the day or if I use it before bed, I feel dry again by morning.  This one is the only cream I have found that I don’t feel dry!  Amazingly, it does this while also being pretty lightweight.  It isn’t greasy and my skin feels like skin!<br /><br />I’m using this day and night and while I am not seeing any miraculous changes in my skin, it is completely worth it to just not have my face feel uncomfortable.  It also works fine under foundation so it is the only cream I am using.  I am so happy I found this product!",5.0,Beauty_Personal_Care
"This stuff is gross. It has the most fake sweetener taste to it. I usually drink the Adkins chocolate royale shakes, just so you know where I'm starting from. I tried mixing this with water, milk and once with coffee! I couldn't tolerate any of it. I tried to pawn it off to my kids, they wouldn't drink it either. The smell was pretty promising and it mixed up fine- w/ little clumping. I just couldn't stomach the sickening, lingering fakeness of it.",1.0,Health_Household
Just received today and absolutely LOVE IT!! Super comfortable and so cute!!,5.0,Cell_Phones
It is clear water feel ripped off,1.0,Beauty_Personal_Care
"My mother is literally the person we know who owns any Apple products at all. She's also the person who never remembers to bring a charger when she travels. Of course, none of the chargers for our Samsung,  LG or Fire products will charge her iPhone. I think we've finally cured this nonsense.  She brought her cables, but not the charger this week and I was able to use these. They seem to work just fine. Her phone didn't get hot and charged with no issues.",4.0,Cell_Phones
"I’ve been trying this for a few weeks, which I know is still too soon to see results. However, I think it’ll take far longer to see noticeable results and I’m not holding my breath. It doesn’t irritate my scalp so I’ll keep using, but I’m still a little skeptical that it’ll pay off. Will update review if something changes.",4.0,Beauty_Personal_Care
Nothing to dislike.  Great product for price.,4.0,Health_Household
Easy to buy and same product I always use,5.0,Health_Household
"I don’t get the hype. Overpriced. No noise cancellation. Falls out of ears. Easily lost. The best I can say is that the battery life is pretty good. And THAT is what is known as “damning with faint praise.” No. When I finally lose these forever, I will definitely not be purchasing them again.",2.0,Electronics
I used this paper for years until they reduced the size. I am 6 foot tall and husky built. I need normal to wide toilet paper. I have looked and found two other companies that make man size toilet paper. I will never use this product unless they change their minds and increase the size they formerly reduced.,1.0,Health_Household
This is me second one dirt one lasted several years,5.0,Electronics
To finally SEE & not search.....wonderful time saver.,5.0,Beauty_Personal_Care
"I am going to provide a list of pros and cons... but to summarize, I am really disappointed.  The most disappointing thing... a HUGE BLACK box that you must use.  They ""say"" it can be flush mounted to the wall - but NOT without a giant black brick below it.  There are multiple photos in the ads of the TV ""in use"" but not a single one that shows that ugly black box!!!  Here are my thoughts...<br />PRO...  (and they are weak)<br />- A fairly good picture.<br />- Mediocre sound.<br />- The art option - which is also on the con - so it kinda wipes this one out. You chose a piece and it will stay on for up to 4 hours.  There is a setting to adjust 1, 2, 3 or 4 hours.<br />- The best ""pro""?  The white frame was easily installed (it has magnets- but the little plastic pieces to secure the outer plastic to the frame are SUPER hard to secure.  Good luck.  I have provided a large number of photos to show all that I am outlining.<br />- It's a smart TV - which means you can hook up to your wifi and watch your netflix, prime, hulu, disney+.... but I will say I had to login my ""samsung acct"" in order to ""load"" my Amazon prime.  Really?  Just more ways for Samsung to follow you - you have to agree to them tracking/tracing you.  GRRRR... I should move this to the con list... another pro/con that wipe each other out.<br />CONS....<br />- First and foremost - that UGLY black box.  Approximately 9""x4""x1 1/2"" .  You cannot use the tv without it.  The power cord plugs into it.  If you planned on flush mounting (which is included with the TV - the most complicated and awful install imaginable) you will have an ugly black box under the TV.<br />- We had to purchase an adjustable frame to mount to the wall in order to hide the black box behind it.  AND a white power cord so that the ""showing"" cord is at least white.  I may hire an electrician to put a plug in behind it but at this point you have to wonder how much more I will spend to make this work as the photos all show.  GRRRR<br />- The remote. Good luck getting the back open to put the batteries in!!  It doesn't just ""slide"" open as the only direction on this is printed on the remote - and arrow pointing to the end of the remote.  If you find yourself with one of these TVs - here's a hint... get a dime.  Gently work into the top where the red plastic (the infrared tip) and the white body of the remote... wiggle it - ever so gently - back and forth... We eventually got it open.  Sheesh.<br />- We attached the ugly black box to the back of the TV which means we had to install the pull away mount to have room to do that.  So NO flush mount - which I was really looking forward to.<br />-  The art.... very pretty.  You get to see ONE - You MUST sign up, with a credit card, for a 31 day free trial to see any others.  It also will not allow you add your own photos unless you sign up.  It costs $4.99 a month after the trial.  There are a lot of art options - but is it worth $4.99.  I am on the fence.  Because it doesn't ""look"" as I was lead to believe it would look like - a flush mounted frame.<br /><br />-  Overall, I am hugely disappointed.  The ads are very, very misleading.  You will find in the official description the mention of a ""mini box""... which the black box clearly is not - ""mini"" in anyway.<br />Also, you should know that if you purchase an adjustable wall mounting kit, you will likely need to alter it to fit.  We had to rig with TWO mounting sets to make it work - The arms were not long enough.  We also tried a larger kit but it showed beyond the edges of the frame even though the mounting kit was meant for a 32"" TV.  Eh.<br />For those that are curious - this TV is manufactured in Mexico.<br />I would recommend looking for something else - unless you're cool with the ugly black box, a monthly fee for art and a lot of cord dangle.  We did make the choice to keep it - for now.  The thought of trying to repack it was overwhelming.  And in all honesty, we had NO IDEA how much we were going to have to go through to make this work.  If we could have seen into the future, we would have taken the 3 hours to repack and return it.  Live and learn.  I really hope our experience can help others avoid our mistake!",1.0,Electronics
I wasn’t sure what to expect with this product. I have never used anything like it. However I followed the directions and I am very pleased with the results. A little does go a long way as it tells you in the instructions. It’s a little messy so I would do it in the tub or shower for best results. My skin feels great. However where I found the best results was my feet. Every summer my feet get so dry and crack and it’s terrible. This product was wonder for getting all of the dead dry skin off and so my cream could soak into my feet! I’m a believer now for sure.<br /><br />The face mask that was included is nice too. My pores look so much better after one use!,5.0,Beauty_Personal_Care
"This product does charge the phone fast, but cord is kind of restrictive. Normally when I use it my battery is very low so then I have to sit next to charger and have difficulty using.  I have longer cods that take longer to charge and use them when I’m not in danger of phone shutting down.",5.0,Cell_Phones
Nor happy with seller! Didn’t get the small bottle of lotion.,5.0,Beauty_Personal_Care
Awesome at preventing hangovers!!! And I've never had motion sickness (ever).,5.0,Health_Household
I used a bit too much. I am waiting for my face to dry. I put some on my hands and they are dry but the moisture is still there. They don't look dry. Hopefully my entire face and neck will be the same.,5.0,Beauty_Personal_Care
"I actually take this now and then for joint pain. I don't like to load up on acetaminophen if not absolutely necessary and this liquid lets me do a half dose or less easily.  It tastes awful,  but it does what I need it to.",4.0,Health_Household
Fits my daughter's phone perfect! Good quality case!,5.0,Cell_Phones
What can I say in a nail clipper review? It clips nails. Thick nails. Nasty nails. Gross man nails. I tell him to go get his nail shears.  He knows what I mean.,5.0,Beauty_Personal_Care
Love love love I have combination skin perfect,5.0,Beauty_Personal_Care
The absolute worst razor I have ever had. Brand new but very dull had to keep going over and over to get any type of progress. Longer hair attachment does work at all and pulls hair and causes pain.,5.0,Beauty_Personal_Care
It just looks good. It doesn't perform it's trash,1.0,Cell_Phones
"I have been buying Adkins pecan/caramel clusters at the grocery store for months and they are very good, so when I saw these I thought they would be even better since they were more expensive.  I was wrong.  These have an artificial taste with too much caramel and not enough pecans.  I won't waste my money on these again.",1.0,Health_Household
"I always always sleep with a mask. I have lupus. Sleep is no joke, and it is very hard to get any with chronic pain, a husband who works nights and snores, and a kid who has some challenges of his own.<br /><br />This mask leaks almost no light, doesn't tangle in my hair or push on my eyes, and doesn't squeeze my temples. That is as much as I can ask of any mask, let alone one at this price point.",4.0,Health_Household
One of my favorite purchases! Absolutely love this brush for my thick hair!,5.0,Beauty_Personal_Care
This smells amazing. It leaves my skin smooth and moisturize after every shower!! Thanks!!,5.0,Beauty_Personal_Care
I love essential oils! Lemon is one of my favorite. doTERRA is the best!,5.0,Health_Household
This brush does a great job detangling my hair.,4.0,Beauty_Personal_Care
The best and economical tablets I've found. They work great.,5.0,Health_Household
"I loved these! They smell nice, and made my skin feel fantastic!",5.0,Beauty_Personal_Care
"Disappointing.  Have bought other after market chargers for our fitbits and always been happy.  This was one of the more expensive ones so thought quality would be even better.  While the manufacturing looked solid, it just plain didn't charge. Ugh.  Returning.",1.0,Cell_Phones
"Wow. I am stunned by my results after just one week of use! My skin looks brighter and feels smoother... and I could swear that the fine smile lines around my eyes are less noticeable. The cream is lightweight and absorbs easily. Best of all, it's inexpensive for such a high-quality, effective product. I've never had results like this before... even with expensive anti-aging products! I will be buying this cream for the rest of my life.  :)",5.0,Beauty_Personal_Care
"Perfume was original, smells wonderful, I'm so glad I ordered it.",5.0,Beauty_Personal_Care
These are my favorite oil sheets! They work so well! I’ll never use anything else!,5.0,Beauty_Personal_Care
This smells and feels wonderful on my face !,5.0,Beauty_Personal_Care
"Okay, so this tracker had me intrigued because it can be taken out and used as an earbud. I mean, that's pretty cool, cause you can be at the gym and it'd still be recording all the steps and stuff but also use it to listen to music and stuff. Well, it wasn't as cool as I thought and while the sound is okay, it isn't as good as the normal earbuds I use when I am out at the gym. I also don't feel it really is able to keep up when it's in my ear and I am doing stuff compared to when it's on my wrist and I am doing something. I don't know, I feel like my wrist tracker is hands-down better compared to this tracker. As for receiving phone calls, it works pretty well and it's cool to just pop it out and talk but I can do all that with my normal earbuds too and as I said before, they sound a whole lot better. So, yeah, these are all right but I doubt I will use it anymore just to be honest.",3.0,Electronics
Very cute but not the greatest.,4.0,Cell_Phones
"This is the worst. Don’t waste your money on it. I really like the idea of refillable soaps and rehydrating cleaners… this is just not the right one. It doesn’t lather or really clean your hands. It just feels like water. I made sure to follow the instructions exactly for rehydrating. It does smell nice, but that is about it.",1.0,Beauty_Personal_Care
does not work poor  Quality in fact it was used product and burnout,1.0,Electronics
Keeps the closet floor organized from a chaos of shoes!,5.0,Home_Kitchen
"I tried using this to touch up my roots  it didn't look right.  It might be because I still have a lot of dark hair mixed in with the gray, but it didn't cover my roots.  It might work better on someone who is completely gray.",2.0,Beauty_Personal_Care
I was outraged at the trouble this caused me as no where on the bottle does it say vegan vegetarian or anything to let me know the melatonin isn’t from cow brains.<br />Back it went.,5.0,Health_Household
"I was struggling to find a converter that worked correctly (I think the issue was more with my equipment than with the converters themselves, but nonetheless, I was having difficultly finding something that worked) and finally, this one did.  If it could work for me, I have no doubt in my mind that it will work for you!",5.0,Electronics
"I love this brand, but this was complicated for me to use and clunky sounding.",2.0,Home_Kitchen
"I absolutely love this Romfox Microwavable multi purpose wrap. I heated it on a towel for two minutes in the microwave. Wrapped it around my neck to have warm moist heat with a lavender scent. So delightful I dozed off.  The moist heat is so comforting. I will also be using it on my lower back for pain I have there. This would have been amazing back when I had cramps ( many years ago). So comforting, I am very happy with this wrap and highly recommend.",5.0,Health_Household
Ridiculous product. Purchased for my mother whose friends recommended it.,1.0,Health_Household
Got these for my mom and the colors are just perfect!! The thickness of the cap is great & they are pretty comfortable. Glad I purchased them for her. May have to order me some for my house!,5.0,Beauty_Personal_Care
"These are suppose to help you be healthy. I took one and felt great, then saw the warning so I didn't take more. I need to know why this warning label is about this vitamins please. I bought them then saw the warning. Dear seller or anyone. Please explain how these Alive! May contain lead? Photo included from this page. I will be happy to remove my review if I can get an explantion.",1.0,Health_Household
Perfect trim for the edge of some white napkins I already owned!,5.0,Home_Kitchen
I love this! the smell is wonderful!,5.0,Beauty_Personal_Care
"Great value product, came quickly, I use it a lot!!!!!!!!",5.0,Cell_Phones
these look much nicer in the picture than they do in hand... cheap plastic,2.0,Cell_Phones
"Im missing my windshield in my truck and taped a bunch of these together, now I can drive without a raincoat, great man.",5.0,Cell_Phones
Never let me down.  Please make toenail clippers!,5.0,Beauty_Personal_Care
Excellent. So far very happy with my headse,5.0,Electronics
Perfect band size for my small wrist!,5.0,Cell_Phones
This is my third Samsung TV and perfect.  I couldn't be happier with Samsung as they really stand by their televisions.  I know this because I had a problem with one a few years ago and they sent a repair person to fix it.  Never gave me a hard time at all.,5.0,Electronics
Thanks!  Perfect for my needs and a great price.,5.0,Cell_Phones
This bath mat is very nice quality. I love the rubber backing which prevents it from sliding around. It also doesn’t shed which is wonderful! The light grey color is neutral and would match almost any bathroom. Stepping onto the mat after your bath is the best part! It’s so incredibly soft like stepping onto a cloud of softness!,5.0,Home_Kitchen
"this is the only cleanser I have found that does not cause some kind of irritation.  if you have sensitivity problems, try it.",5.0,Health_Household
Shoulder straps too tight. Doesn’t help with anything.,2.0,Health_Household
I am always replacing plungers.  Some because they wear out and others because they are just too dirty to look at.  This is a very nice looking toilet plunger and brush set.  It hides the plunger and brush so you can't see that they are dirty.  It also has a slight recessed tray to hold any liquid until dry.  Because the handles screw into the plunger/brush you can replace them and still have the nice holder.,5.0,Home_Kitchen
"These things never stuck right on the screen, and even though it did protect the areas it covered it also meant that you had limited use of the touch screen. I couldn't stand it and needed to remove it from the phone all together.",1.0,Cell_Phones
We usually host around the holidays and disposable plates makes the most sense. This set of Eco-Friendly Disposable Paper Plates was great for Christmas dinner. The large size can hold a lot of food and was not like those flimsy plates that bent in half or melts with liquid. It is lightweight but held up against hot food and even reheating food. I feel less guilty using this disposable plate given that it is made from biodegradable material. The only con for me was that it came in plastic packaging that was difficult to remove and it can at times be hard to separate the plates.,4.0,Health_Household
They do not work !!piece of junk I good,1.0,Electronics
THE BEST CUTTING BOARDS EVER!!!,5.0,Home_Kitchen
I really enjoyed the flavor of this protein. I've never tried anything like it. I added a little chocolate protein to make a mocha flavor. I found it to blend easily. I highly recommend it.,5.0,Health_Household
"Overall, I loathe this product. Its always closing apps, it freezes up the screen way too much. The battery dies quickly, I barely have the brightness on, and have only downloaded 4 apps!! The ONLY good thing about it is the volume. The volume works well when I'm playing pandora but as I mentioned it CLOSES MY APPS!! I regret the purchase and wish I would have purchased an iPad instead.",1.0,Electronics
Tea Tree And Baking Soda Is Fine ! Fennel Is Nasty ! Stick with Tea Tree and Mint ! A Good Combob !,2.0,Health_Household
"So I had tried the Erno Laszlo sampler set.  I liked it, but wasn’t totally in love with it.  I think I expected more from luxury products but found them mostly to be comparable to my cheapskate self’s medicine cabinet full of drug store products.  Like anything I liked some products more than others.<br /><br />I think if this product had been in that set, I might have loved it.  This is definitely the best product in the line.<br /><br />I’ve seen some say that it dried their skin out, that wasn’t my experience but I have naturally dry skin.  So I am not sure if that comes down to skin type, or if because my skin is naturally dry, I might not notice a slight drying effect.  My experience was that I was left with  just a really clean feeling.  If anything my skin felt a little softer after using it.  Of the Erno Laszlo products I have tried, this is the one I would recommend the most.",4.0,Beauty_Personal_Care
"It looks great and fits the phone perfectly. that said, I always use a screen protector with my phone, as most do. Unfortunately due to the tight fit of this case, the screen protector always lifts off at the corners.",2.0,Cell_Phones
"The legs on the Mind Reader Monitor Stand, Monitor Riser with Pull Out Drawer in Bamboo were a tad wobbly when I first set it out but it seems to be settling fine. It is probably a little too low for others in my family who are taller but for me, it works me. I have another Mind Reader monitor stand that is mesh with a sliding draw that I like but it is just a tad too high for me. I still like my older monitor stand but I think I may prefer this one for the height and I do like the pull-out drawer on the bamboo one. The bamboo also looks nice on the desk. The price is more than the one I purchased that is mesh with the drawer so I would have to think about it, but I definitely would give it consideration.",4.0,Electronics
"If you're like me, you read reviews before you purchase anything. No one wants to waste their hard-earned money! That's why honest reviews matter, good or bad, so here's my thoughts...<br /><br />Pros: multiple heads so you can choose the degree of roughness you need; dead skin collects in the reservoir below the head so you're not making a mess; I took my time on both feet & the battery was still strong<br />Cons: takes longer than manual filing due to the small heads (size of a quarter)",4.0,Beauty_Personal_Care
"These are a great upgrade to the horrible paper straws some of the places near us have switched to. These do not disintigrate half through your meal and become a soggy mess. They are nice and long and reach all the way to the bottom, although they do not stand up well on their own for shorter drinks. And are much too heavy for kid sized drinks (they tip them over). The cleaner worked well, I was skeptical because it's not a brush but a little round squeegee disk.<br /><br />I did dock a point though for the case, it popped open twice in my bag and I had to dig around for the lid since its not attached. The first time was fine the straw was dry, but the second time I ended up with the remnants of lemonade from the just used and not cleaned yet straw. Not much but still a bit annoying.",4.0,Health_Household
I always use GEL my other Gel just opened the last order and it’s SOLID have to use it but i got to get Gel some one made the order wrong.,5.0,Beauty_Personal_Care
This is an excellent set of quality earphones. I love the wood ones!!<br />These are amazing earphones and the sound quality is excellent. I love the quality and durability of this set they work so well.  It's nice to  be able to still find reasonable priced items that are quality. I have a ruff and tuff bunch of boys and these are handling very well and I am so happy.  I am glad I found these and gave them a try. The sound quality is greally they sound just as good as the more expensive ones. I am glad I was able to find these and give them a try. They are worth keeping and using and I highly recommend this set of earphones. They are excellent.<br />I purchased this product for a reduced price to give an honest and unbiased review.,5.0,Electronics
Perfect for my tablet. Love the color,5.0,Electronics
This is the best I’ve used for face and shoulders.,5.0,Beauty_Personal_Care
Nice weigh scale. Perfect for weighing meats for my diet.,5.0,Home_Kitchen
I really like them easy to use and lots of plugs,5.0,Electronics
"I could not get this on myself. And even when I got assistance and got it on, it didn’t seem to help much.",2.0,Health_Household
I am not a huge fan of bulky phone cases.<br /><br />This one works very well.<br /><br />I have not had any issues with trying to press the edges of my phone with the case.,5.0,Cell_Phones
"Well, it seemed nice on the shelf. It had some cool features like 3 pod holders for 1 pod, 2 pod, and Creamy.  The 14oz button looked cool too.<br /><br />Then I made my first cup. YUCK!<br /><br />The plastic taste was horrid!  Yes, I set it up correctly. And yes, I ran it through the CLEAN mode 6 times!!!<br /><br />Still YUCK!<br /><br />Can't get the plastic taste out so I returned it to Target.<br /><br />Save yourself the aggravation, get a Senseo.",1.0,Home_Kitchen
Won’t stay on! Skip this for a better engineered part.,2.0,Electronics
This product does not work .. I’m glad I returned it .,1.0,Cell_Phones
"Sad as it is, I'm not used to seeing anything built to this high level of craftsmanship. Too bad everything is not this well designed and built. Excellent job Ulanzi. I'll be looking for more of your products ;-)",5.0,Cell_Phones
I used this under my winter gloves for using my roof rake.  I get horrible blisters from the damp pole constantly sliding back and forth across my thumb joint.  Well the snow is not stopping so I have to rake once a week and this has saved me a ton of pain and discomfort.  It is easy to use and stays in place.  Can't ask for anything more.,5.0,Health_Household
"I got this along with the shampoo, and while that was disappointing. This was even more so.<br /><br />This is around $30 and worth it? No. I’m sorry, but for that much money, the product has to meet my requirements:<br /><br />🧴Easy to Use (shape of container and dispensing)<br />👃🏻Smells Good<br /> 💯✅Delivers Good Results<br /><br />And, this? Kind of on the gross side.<br /><br />Like the matching shampoo, the bottle is decently shaped – thin and tall. Easy to grip and hold for most people.<br /><br />That’s the ONLY good thing.<br /><br />Like the shampoo, dispensing the product? Almost a full-blown work out. This is NOT EASY TO USE by any means. Anyone with weak hands, leave the building for this one.<br /><br />While the shampoo had a honey-like consistency, this was almost like a thin type of paste. Not easy to squeeze through the hole. Like the shampoo, I opted for taking the cap off, shaking the product down and GLOPPING it in my hand. Not very cost effective.<br /><br />As with most conditioners, I needed a bit more than recommended.<br /><br />Scent? It has the nostalgic “salon” smell. Depending on your preference that is either good or bad. This had a decent smell in the bottle. On my twice washed hair? Absolutely disgusting 🤢 I couldn’t rinse it out fast enough. It might’ve been the alcohol, but I’ve NEVER had a condition smell that awful on my hair after I’ve shampooed it TWICE.<br /><br />Good results? That’s a no go here too 😔 I’ve had much better results from a $5 bottle of Garnier. It is MUCH easier to use and smells FAR better.<br /><br />For me, this is more hype than function. And, at the price – it’s definitely not winning me over.",2.0,Beauty_Personal_Care
Love my little case! It's perfect!!,5.0,Cell_Phones
I have been looking for a quality cast iron pot for a while now and this Dutch oven is perfect! I now make the perfect Spanish rice and it's consistently good! It's thick and strong and will last me forever! I don't think I'll ever need another.,5.0,Home_Kitchen
I can either add this to water or to my smoothies. It tastes okay either way. I use protein and collagen products all the time. This combines them. I am always good with powdered drinks when they taste good.,5.0,Health_Household
This product don’t help my hair,2.0,Beauty_Personal_Care
"I was smelly after 4 hours in the sun, it melted and i smell like onions.  Has a great scent but not lasting.",2.0,Health_Household
"I purchased the longest available length, maybe that was my downfall?<br />It didn't work on my TV, so I tried another. It worked fine. So I brought it on a trip, hoping to watch videos thru the TV, it tried to charge the TV!!!<br />Go genuine Samsung and save your money",2.0,Electronics
simply does not work and wasted money,1.0,Electronics
"I use the Neutrogena moisturizer often, so I was able to compare this generic version directly over a few days. I can't tell any significant difference between the two. This version is very creamy and smells identical to the original. It doesn't take a lot to get full coverage either. It absorbs very quickly and I have not had any skin irritation or eye irritation - sometimes the fumes from skin products causes my eyes to sting. I would definitely consider buying this instead of the name brand in the future.",5.0,Beauty_Personal_Care
I most liked the sound quality and battery life.,5.0,Electronics
"I always prefer to write good reviews rather than bad ones but I had to put this out there. I purchased this pen in July 2018 after buying my Lenovo 730-15IKB. It worked fine when I got it, no issues at all as far as I remember. Now I'm no artist, but I thought I would have fun doodling with it, turns out pen and paper just feel better for me. After using it for a week or two I learned drawing on a computer wasn't what I thought it would be and stored the pen back in its box in my closet. The thing laid dormant and untouched in there until recently, in January 2020. I started studying again and thought the thing would work fine to take notes with at least. The tip and barrel buttons still work fine, but the bluetooth module on the back won't turn on at all. At first I thought it was that maybe the batteries had died and I spent $10 buying replacements (I stupidly bought the AAAA first because I thought it was the only battery, but realized only after replacing it that I needed the tiny SR527SW for the bluetooth module). Unfortunately replacing the batteries didn't work. The writing still works fine, but I wanted the bluetooth to work too so I could easily tap the back button to toggle between my note taking app and my online webinar app. If I had kept using it when I got it then I'm  sure I would have been able to replace when it decided to stop working. I'm not sure what the problem is, but I'm pretty sure some component got loose because the light won't turn on and I can hear a  I can hear a faint rattle. What upsets me the most is that I spent $10 on batteries I can't return and I don't have any other devices that use them. I feel confident I could probably fix the bluetooth module myself but I have no idea how to get to it without destroying the pen to get into it. Unfortunately it looks like no one else on the internet has taken it apart successfully to give me a guide either so I'm plum out of luck. For now I'm settling for using a partially functional pen, but for the price I expected it to have an operating life longer than the 50 hrs I actually used it for (and that's probably a generous estimate).",2.0,Cell_Phones
Best purchace for my car i have made so far!!! It looks so good,5.0,Cell_Phones
"This is good, flavorless collagen.  I poured a packet into my morning coffee and it completely dissolved and I could not detect that it was even in my coffee.  The stick packets are a convenient way to take it along where ever one is going.",5.0,Health_Household
"This was pretty simple to assemble and came with all the necessary tools and instructions. Once done, and after trying the chair a few times, I have concluded that I don’t care for this type of chair. It creates several ergonomic issues of its own:<br />-Harder on the knees<br />-Raises height enough to make standard desk heights a problem for neck and shoulders<br /><br />Additionally, neither of the pads is particularly soft nor comfortable, and they have begun to permanently deform after incredibly short use. (Meaning, there are already permanent indentations where my legs have pressed against the bottom pad, and on the seat, which means it will only become more uncomfortable. And that is considering the fact that the cushions were unpleasantly hard to begin with, using none of the modern materials like quality foams that create a more pleasant sitting experience.)<br /><br />While my back was happier, my neck felt worse because the monitor and keyboard became too low and too far away. Sitting higher on the chair helped decrease the knee discomfort, but the tendency to keep sliding down made it an ongoing nuisance, and the seat wasn’t particularly comfortable. Same with having to write anything or read anything. The fact it sort of rocks is kind of nice, though.<br /><br />Overall, I’m not so sure I will keep using this, or if I do, I’ll alternate between that and my old, actually more comfortable standard chair. Meh. If I had known this is how it would feel, I wouldn’t have gotten it, to be perfectly honest.",2.0,Home_Kitchen
"The drive was provided for review purposes.<br /><br />I do not recommend this product. I cannot recommend any of the merchants who sell this product. And I cannot even recommend Amazon for purchasing this type of product. The &quot;512gb&quot; advertisement is fraud.<br /><br />WHAT IS REALLY GOING ON???...MY COMPUTER SAYS 512GB, BUT THE DRIVE IS NOT FUNCTIONING CORRECTLY???<br />This is not a 512gb flash drive...in fact, while a few 512GB flash drives do exist, the going rate is starting around $300. If your computer shows the size of this drive as being 512gb, the drive has been &quot;tricked&quot; into displaying this inflated number. A Seller hacks the firmware code of the USB flash drive so that the drive is &quot;tricked&quot; into showing a size of 512gb, despite the fact that the drive's actual capacity is a fraction of this (in some cases less than 1% of the advertised size). The reason this drive is so slow is due to terrible quality flash memory, and the hacked firmware. In other words, use this drive and data loss is all but certain.<br /><br />HOW DO I AVOID GETTING SCAMMED??? HOW DO I DETECT THESE SCAM FLASH DRIVES AND SD CARDS??? DOES AMAZON FULFILLMENT GUARANTEE A LEGITIMATE PRODUCT???<br />With any flash media purchased on Amazon (USB flash drives, SD cards, Solid State Drives, etc.), be VERY weary because there are TONS of fake products, many of which come from Amazon through their Fulfilled-by-Amazon program. Upon receiving the drive, you should manually verify that the drive is indeed what is advertised. You can use a free program like H2TestW, which tests drives by first writing X amount of data to the drive, and then verifying that X amount of data still remains after the drive is filled (with X being the advertised size of the flash drive or SD card.) If the card is a fake, when H2TestW attempts to read that 256gb of data written, but only gets back 4gb, it will alert you that your flash drive or memory card is a scam product. These fraudulent Sellers have no way of tricking this process. Additionally, perform several checks on the health of the media (using OS X's Disk Utility or Windows' DiskCheck), and if this is a solid state drive (or a hard disk drive for that matter), manually review the S.M.A.R.T. data (with a free program like Crystal DiskInfo) because it will show you whether or not the product you purchased is actually new because it logs usage statistics.<br /><br />IF THE DRIVE HAS GOOD REVIEWS, DOES THAT MEAN IT IS A LEGIT PRODUCT???<br />Finally, while Amazon User Reviews can be of great benefit, there appears to be cause for concern here as well. It appears that many Sellers of these fraudulent flash drives and SD cards send boatloads of these fake products out to ranked Amazon Reviewers, and in many cases will get a positive review even if the product they sent is total garbage. It also appears that some Sellers go as far to create Amazon User Accounts and then publish a positive review on their own junk product to give it a higher rating than it deserves. So while Amazon reviews are certainly beneficial, there are limitations and this particular type of product seems very prone to abuse.<br /><br />So, FWIW, if you are going to purchase this type of product on Amazon, regardless of who the Seller is, you should take several of the above steps to verify that the product you spent your hard-earned money on is indeed what was promised to you in the item's listing. YMMV.",1.0,Electronics
perfect OEM replacement for the original that I damaged. works great,5.0,Electronics
Works perfectly as my DIY cappacino assistant :),5.0,Home_Kitchen
"I love the various sizes in this bakeware set. In some of my other glass sets, the smaller the pan gets, it loses how deep they get. This set definitely works better than some of the glass sets I own. I love the handles, as it makes them really easy to pull out of the oven. I am able to use the smallest pan in my toaster oven without issue. Overall, I really like this set. They are very easy to clean and I love the color. Unlike my stoneware sets, I like that I am also able to throw them in the dishwasher. I definitely like this set and recommend them. The color is beautiful and is true to the photo.",5.0,Home_Kitchen
"I purchased a case on eBay, which was dumb in the first place, and I realized that the LifeProof was a fake, so I sent it back immediately and got my money back.<br /><br />I bought a white one last year and hated it, but I thought I would try it again and I love it now!<br /><br />The only thing I do not like is the sound. It kind of muffles the sound from the speakers. And I listen to AUX cable in my car and to unscrew the headphone jack gets kind of annoying, but I knew I would have to do that when I bought it.",5.0,Cell_Phones
"Grape cutter!!! Where have you been all of my parenthood life?  I am super paranoid about grapes.  Therefore I still cut them for my six-year-old and I cannot envision a time when I would let her eat them whole.  But it is such a pain to cut grapes. Labor intensive, especially if your kids are like mine and can eat their body weight in fruit.  This does the job easily and cleans up well.  No brainer.",5.0,Home_Kitchen
"This may work for some, but in my case I had heart flutters at night almost like a sugar overdose after a week of this I stopped it.  Good luck taking this an hour before bed and then trying to sleep with a pounding heartbeat.  I am not new to products like this, but typically tend to buy the more costly natural gainers.  With all the reviews I thought I would give this a shot, but in the end it's not for me.<br /><br />I will say I have used Universal Nutrition Real Gains for years and had no adverse affects like I experienced with this product .",1.0,Health_Household
Perfect size<br />Work great<br />Inexpensive<br /><br />I recommend,5.0,Cell_Phones
"These hands down are the best sheets, soft, luxurious and last wash after wash",5.0,Home_Kitchen
Me funciono bastante bien no tengo queja del producto.,5.0,Electronics
"When I opened my package mailer, I found a box that looked frayed around the edges. Another family member  made the comment that the box looked it had been dragged threw the dirt. The soap bar looked like it had be used. Really? I would return but it is not worth the hassle.  What burns me is that I have loved the Shea brand, from time to time will try something different to see if I like that  product.",1.0,Beauty_Personal_Care
Q: why add stearates?? A: faster capsule fill and cheap. Boo Dr. Berg. (FYI - Found out he's a Scientologist) :~/,1.0,Health_Household
"This heating pad warms up quickly, has a decently long cord. It also has a pouch so you can put your hands in it, which is neat.<br /><br />My only complaint is that I'm not a fan of the fabric. It has a sort of flannel-like feel that I don't really like.",4.0,Health_Household
"Did not work for my gel powder nails. Maybe it was due to being powder instead of regular gel? I had to put my nails in several times to get everything off, which took about an hour per hand, and it still didn’t get everything off completely.",2.0,Beauty_Personal_Care
I love this product!! Everything is perfect except the price.,5.0,Health_Household
"I had a bad week.  I tried to take a bath, the hot water stopped working.  I tried to get some coffee, the coffee machine kept giving me water.  I sat in my recliner to knit and SNAP- the spring broke leaving me unable to retract the foot rest properly.  I was so upset- what could I do?  Then I found this set of springs..<br /><br />WHAT ARE THESE LIKE?<br />These springs are as pictured.  They are slightly narrower than the original spring, and the spring area is about an inch longer, but the overall length was the same.<br /><br />HOW DID THIS WORK OUT?<br />I put the recliner in the up position, put the spring in the same way that the other one was and it works as good as new!  I have had it on for a week now and it is working fine.  I plan to replace the second one as well so both springs are new.<br /><br />THE BOTTOM LINE<br />Even though these measured slightly different dimensionally than the original, the over all length was the same and they work great.<br /><br />MY RATING<br />FIVE STARS.  I have my recliner back, my bath water is running hot again, and my coffee maker decided to give me coffee at last!  Life is good!  :)",5.0,Home_Kitchen
"You know, I had finally seen the light.  My spring was finally going to be all that I had dreamed of for quite some time.  My family was all employed, I would finally be able to work from home in a much more orderly and peaceful manner, and FINALLY I would be able to work really hard on the endless remodel that we have been kind of force into.  I just can not do it with everyone home.<br /><br />Then it happened.  The dreaded LOCKDOWN.<br /><br />WHAT IS THIS LIKE?<br />This supplement is an adaptogen.  It comes in gel caps with dark powder in them. The smell is reminiscent of a bulk herb and spice shop.<br /><br />HOW MANY DID I TAKE?<br />I did not take this daily at first because I thought I didn't need it.  As things got progressively worse and FAST- I took one of these a day in the morning.<br /><br />WHAT WERE THE EFFECTS?<br />I found that when taking this once a day, I have had a much more calm, and orderly pattern of thought, I could handle the stress a bit more than without it, and it did help me to stop freaking out while I kept forgetting everything.<br /><br />WERE THERE ANY BAD EFFECTS?<br />I had no bad side effects as a result of taking these pills.  No digestive upset, no headaches, etc.<br /><br />THE BOTTOM LINE<br />These pills were very helpful thorough the very difficult lockdown period that most of us are familiar with.  Stress the level I was not at all expected was dropped on me, and this helped me make it through in much better shape than I was before I took it.<br /><br />MY RATING<br />FIVE STARS.  I would take this again.  It does seem to help me at this point.  I am very thankful for that.  With everyone home WAY longer than they were supposed to be, I was really having a bad time of it.  This helped sort things out a bit.",5.0,Health_Household
"The walker is much lighter than I thought when I bought it.  I don't feel secure when using it.  I would have returned it, but it was too large.  It is easy to mash fingers when folding it.",1.0,Health_Household
I'm done trying the other brands.  I am on a septic system.  Those double ply sheets are just too ridiculously small.,5.0,Health_Household
i love this scale. exceeded my expectations. so easy to use.,5.0,Health_Household
This gel polish is absolutely beautiful! I love everything from the pretty colors to the reflectiveness of it! I also get lots of compliments when I wear it!,5.0,Beauty_Personal_Care
"excellent deodorant, especially for my kids and I when we do sports.",5.0,Beauty_Personal_Care
"I used it at night and noticed the following morning my lips were smoother than usual.  It is an odd texture, and at first I thought I'd be stuck using a brush.  Took a couple of tries, but I use my finger and it works for me.",4.0,Beauty_Personal_Care
"Freat powder.  I must have light, and this is perfect.",5.0,Beauty_Personal_Care
"Installing the iTrip is trivial. All you need to do is load a playlist with channel information via Import into iTunes, sync your iPod, and plug the iTrip into the headphone jack, and off you go. No need to read the manual (I thought...)<br /><br /> Problem is, first time I tried it (using the default FM frequency), the sound quality was lousy, full of static. I was ready to send it back when I re-read the manual and discovered the following sentence &quot;Set the volume on your iPod to 50 - 80%&quot;.<br /><br /> So it was back to the car, volume set to about 80%, and guess what? Nice sound quality! Not excellent, but certainly not any worse than any of the major channels in the Boston area.<br /><br /> So what's not so great about the iTrip? Changing channels is a bit awkward as it requires selecting a new &quot;song&quot; from the iTrip playlist.<br /><br /> And what about RDS information? You know, the song title/singer/station info that many channels transmit and can be displayed by many car radios. I assume the way the iTrip works it is impossible for it to get song information from the iPod, but wouldn't it be nice....",4.0,Electronics
Easy to use I like them and they are very cute!! ;),5.0,Beauty_Personal_Care
Perfect for keeping my cake carrier clean. Thank you.,5.0,Home_Kitchen
I suffer from neck and shoulder pain almost daily.  When I come home I like to use it and relieve all that tension my from neck and shoulders.,5.0,Health_Household
"Went to return this item, but changed my mind. Thought it may have been over kill for a business trip. I was wrong. On a full charge, both phone and pack, I had power all day and didn't put it back on my charger till morning, but I bet I probably could have stretched it out till noon before my phone would have died.<br />Beyond glad I kept it.<br />I did drop my phone a few times and the battery popped off but there was no real damage and it just popped back on without issue and kept working.<br /><br />One con. Dont get it to close to your laptop. Not sure how, must me the magnet inside the pack, but it puts my computer into hibernate mode. Took me a few times to figure that the pack was doing it to my computer when I rested near my mouse pad.<br /><br />Still love it.",5.0,Cell_Phones
Great deal perfect for meat cutting or crafts,5.0,Home_Kitchen
Soft Lips is the Best.  I have been using them for years.,5.0,Beauty_Personal_Care
Print is nice but thin like a sheet,1.0,Home_Kitchen
"Good product!<br />HOWEVER...<br />May 06, 2022 – 1000 tablets cost $11.81.<br />October 16, 2022 – 100 tablets cost $15.<br />From $.0118 a tablet to $.15 a tablet.+<br />If you have the tablets, you can turn them into a liquid.<br />You’ll never have to buy  from this company again!<br />With a search, you’ll find the instructions.<br /><br />Added:<br />Before a dose (4) cost $.0472.<br />Now a dose (1) costs $.15.<br />Now the price is $16.16 for 100<br />Unfortunately, no other company makes this product.<br /><br />Hyland's - how about 500 tablets for $20?",5.0,Health_Household
"I love this!<br />An all-in-one that will let me read cards on my Mac, my P, my tablet, and my phone!<br />It is well built, sturdy, easy to use, and beautifully designed (one of the USB connectors is hidden inside a larger USB connector!)",5.0,Electronics
Best thing I have bought in a long time!,5.0,Cell_Phones
I use this for my cellphone and vapor. It is perfect for both.,5.0,Cell_Phones
This is a gorgeous set but it smelled absolutely horrible when I received it. It reminded me of the plastic worms in a tackle box. I ended up having to wash it two times to get the smell out.<br /><br />The color hasn’t faded or ran. Is very soft and lightweight. Overall would order again if it didn’t smell as bad.,4.0,Home_Kitchen
Love my new phone case.<br />Delivered fast & perfect.  :)),5.0,Cell_Phones
"Great brand, no problems with delivery or packaging. However, I purchased this for use on skin after reading numerous blogs stating it is wonderful for that. This oil does not absorb quickly at all. Sesame and olive oil both absorb quicker.  Maybe it's great for cooking?",2.0,Beauty_Personal_Care
Used these for our Wyze cams. The length is perfect. Great quality.,5.0,Electronics
Cheep and fragile - mine broke !,1.0,Electronics
Way darker than described and shown. Very strong chemical smell,2.0,Beauty_Personal_Care
Leaves my hair feeling really dry.  :(  I wanted to like it...it's so hard to find organic hair care!,2.0,Beauty_Personal_Care
Was bought and sent to my sister. She says its as expected.,5.0,Electronics
"A co-worker recommended KT Tape when I complained of inflammation related pain in the my thigh.  I went to YouTube and learned how to apply the tape correctly as he suggested and it worked the very first time I tried it!  KT Tape, specifically, is my go-to tape for treating minor pain associated with inflammation.",5.0,Health_Household
"Sometimes I get a funky knot behind my shoulder blade that won't go away for anything, and I've got a number of small massage tools that can help work out that not and make things more comfortable so that I can get back to using my mouse and doing other things for work that would otherwise aggravate it. I really hope that this heated percussion massager would have just the right strength and size to get into that knot and break it up, but unfortunately it is too weak and did nothing. I let my husband and mother try it out and both of them had the same response, that the whole unit vibrated a lot without the actual tip being strong enough to do much good. I didn't notice much heat emanating from the tip.",2.0,Health_Household
I bought these when i bought my new charge 5 because they look like the ones i used for 2 years with my charge 4 which worked great! These dont. I already had to go a different route because if they get even a little dirty they quit working!!!! Save your money & try something else.,2.0,Cell_Phones
"I absolutely LOVE these sheets!!! I'm a sucker for soft fuzzy sheets & these are Perfect!They're so soft,so warm,so fuzzy & so comfortable to lay in! I would highly recommend buying them!!!",5.0,Home_Kitchen
The size was a bit bigger than I expected (I should have paid attention to the specs). It was perfect for frying fish (whole snappers)! No need to cut them down to fit it small fryers. I think I will make pizza in it next!!!!,5.0,Home_Kitchen
I have never been more disappointed in anything I’ve ordered from amazon....it said BIG rolls..they are the smallest rolls of tp I have ever seen!,1.0,Health_Household
Works well but I didn't like the scent...,4.0,Health_Household
"Boy the description on this is so wrong.  This is a lightweight, poorly constructed ladder. On the box it came in it lists it as ""blanket ladder. It barely functions as that. This is so cheaply constructed, I almost broke it getting it out of the box.  It has no finish on the wood to speak of.  One leg is shorter than the other, so it leans. It's hard to get the perspective in the picture, but the TV is straight. A lot of side to side sway. About the only good thing here is that it gives me a great pattern to make one of these with much better wood and some steel pipe that I have.  Otherwise this is kindling.",1.0,Home_Kitchen
"I am a waitress, that works all day on concrete floors, I am overweight so I have plantar fasciitis (sp?) I also have stupid varicose veins, I can wear these all day and not complain about my feet hurting, I put them into a pair of keen nursing shoes.",5.0,Health_Household
"This is just what I wanted; no installation required, the closet door closes with no problem, and it organizes my brooms and mops. I don't like the way the brooms bang against the door when I open and close it, though, and I'm looking online for some type of wide adhesive strip (maybe felt or foam?) that I can place on the door to soften the impact.",4.0,Home_Kitchen
These are ok. Not as flexible as the glad bags though,2.0,Health_Household
I had my phone drove over with one of these on it. The case shattered but the phone was unharmed.,5.0,Cell_Phones
The bands don’t stretch so these pull my ears down like an elf.,2.0,Health_Household
The only reason I gave this 4 stars is that it had absolutely no smell despite having nice ingredients. You can feel it peel off the dead skin off your face and body.,4.0,Beauty_Personal_Care
"I have ordered several screen protectors off of amazon because I tend to drop my phone a lot. However, I’ve never bought one like this!! It was so easy to put on!! Also, I’m OCD and the screen lines up perfectly!",5.0,Cell_Phones
"A football runner made of jute! Totally the perfect look! For the football enthusiasts, this table runner does beautifully for gift giving or mood setting for a get together. Love the fringe look of the ends!",4.0,Home_Kitchen
Things I don’t substitute on my toilet and my Tide!,5.0,Health_Household
"I’m really disappointed in this callus remover. I liked how it was a different shape than the other callus removers on the market. It did come with two different stones and a cover. However, it simply isn’t powerful enough to do anything. At first I thought the issue was that maybe it wasn’t charged because I used it right out of the box. So, I let it charge until the next morning and tried again. The next morning the powers level hadn’t changed and I couldn’t make any sort of smoothing progress on my very rough heels. Unfortunately I can’t recommend this one",1.0,Beauty_Personal_Care
I've been needing an extra kitchen timer and this is perfect. Easy to use.. Attractive and fits in with all my other red appliances in my kitchen. Well made product.,5.0,Home_Kitchen
When my elbow doesn't fit in there.,5.0,Beauty_Personal_Care
I've used Lavanilla exclusively as my perfume for years. I love the subtle scents which don't irritate my skin or offend others around me. The scents are milk but wonderful. My husband always compliments that I smell great. Love the roller ball!,5.0,Beauty_Personal_Care
The product didn’t protect my phone and when my screen cracked it wasn’t the protector it was actually my phone,1.0,Cell_Phones
"Hasn't done anything,  I thought it i used it over time. Something would happen, but nothing happened same pain, and soreness. So for those who say it's wonderful. Just not have much pain",1.0,Health_Household
Needed am inexpensive wireless mouse and that's exactly what i got,5.0,Electronics
I had added this white creche to my cart to buy at $31 and in a matter of seconds at complete purchase button it changed price to $59. I cant afford a double increase in price even if the item looks nice and would work well with my white snowman nativity better than my wooden manger. So would like to be notified when the price is back to normal again so I can buy this.,1.0,Home_Kitchen
Not the key board I was looking for and seen better for less cost.,1.0,Electronics
I actually use this to fill in/shape my eyebrows. Great price and product!,5.0,Beauty_Personal_Care
I just moved to a new home and in need of new silverware. This travel set is amazing! It has everything I need and more! The design is so beautiful and I love that I can just put them into dishwasher!,5.0,Home_Kitchen
"We all know how quickly oils go rancid, and vitamins lose their effectiveness over time. When it comes to more natural skin care, we all want it, but it's important to use it with in a reasonable time. That's part of why it's so expensive. It doesn't have the long shelf life that drugstore products have, because it's not loaded with preservatives that may or may not be harmful. Or you might simply choose not to want certain chemicals on your face.<br />I'm sure these are wonderful products when they are fresh out of the laboratory. Unfortunately they have been expired by over a year, as you can see. Each one expired July of 2019.<br />Keep in mind that often the manufacturer does not know how long something is going to sit in an Amazon warehouse.<br />All I can tell you is that as a reviewer, I received this product and as part of the review agreement, I am not allowed to give any product that I received through the program to another person, for example as a gift. I must test the product myself.<br />How else can I give an opinion about an item?<br />So it is with regret that I tell you I cannot give an opinion about this product. They are all safety sealed, and if they had been expired by only a month or two, I would feel comfortable using them. I'm still giving it two stars because I'm basing that on the ingredients. In addition, the packaging is very nice, very upscale.<br />If you are thinking of making this purchase for yourself, I'm certain that Geneva naturals and Amazon will be happy to make good if you receive an expired product.<br />Online research suggests that this is a very good and reputable manufacturer of high-end skin care products. Free of parabens and sulfites, which is fantastic.<br />You just might want to wait until they replenish their inventory, keeping in mind that this review was written in December of 2020.<br /><br />I hope this helps you to make a decision about if, when, and where you should consider purchasing this product. Remember that these kinds of glitches happen, and any company that makes an effort to make skin care healthier, such as this company, deserves a second look.",2.0,Beauty_Personal_Care
Needed these for a project and they were perfect.,5.0,Beauty_Personal_Care
"This stuff is AWESOME!!! This is the best hair gel I have ever used! This has been great to tame my frizz but keeps the curls looking good. I like that it has a super sublte scent, it's refreshing smelling. It's super easy to apply and you don't need much at all (I used too much and it made my hair super greasy looking). I definitely recommend this!",5.0,Beauty_Personal_Care
Eases pressure points.  No more shoulder or hip pain.,5.0,Home_Kitchen
I bought this product at the same time as I bought the other one which is similar but with lidocaine. The one with the lidocaine works much better. This one did absolutely nothing for my pain.,1.0,Health_Household
"Paired it with my phone and played my music on the Amazon music app on my phone - some of the songs in my music were uploaded from purchased CDs uploaded to my external hard drive and some are songs purchased directly from Amazon music, so they all are a bit different as far as sound quality goes, but I can say that a few songs I always play on a speaker to get a feel for the quality is Phil Collins' In the Air Tonight and man, it sounds good on this speaker!  I intend to use it on my porch when I'm sitting out when spring/summer comes around.  Not so fun to sit out in 30 degree weather with the threat of snow looming!  But I know that when I do get the chance to sit outside, this speaker is gonna rock the night air!",5.0,Electronics
they slide out of my ears a lot. constantly adjusting them. maybe I just have odd ears.<br /><br />audio quality is amazing,2.0,Electronics
"I've never liked phone cases, I hate how bulky it makes my phone feels. However, this one is really thin and I sometimes forget I even have a case on it.",5.0,Cell_Phones
Perfect and simple for any kind of liquid!!!!,5.0,Home_Kitchen
Excellent product! Very comfortable. My son sleeps a lot better now.,5.0,Home_Kitchen
Was exactly what I was looking for perfect protection for my phone.,5.0,Cell_Phones
"I originally purchased this because it was the lightest weight cover I could find.  I returned it because when I received it, I thought it was just too light-weight to provide protection for my phone.  When I reviewed it, I said it was flimsy.  It probably would have been near to impossible to satisfy my desire for low weight and full protective characteristics.  The company contacted me to learn more about my dissatisfaction.  I explained.  They understood.  Even though I told them I had replaced the one I returned, they offered to send a complimentary slightly heavier case.  The case just arrived, including glass cover, and looks very nice.  Haven't tried it on my phone yet.  Very impressed with the customer service and marketing personnel at Totallee.  Would do business with them again.",2.0,Cell_Phones
Had to return smelled like burning rubber,1.0,Home_Kitchen
Perfect Fit. This is my go to now.,5.0,Cell_Phones
They didn’t fit so I returned them.,2.0,Home_Kitchen
"These are too expensive to use as day to day tissues, but when you have a bad cold and are blowing your nose every minute, they are absolutely worth the premium price.<br /><br />Regular tissues will irritate the skin on and around my nose after just one day of frequently nose blowing. The skin turns red and becomes sensitive. Everyone experiences this.<br /><br />The lotion in the Puffs Plus and the softer texture of the paper significantly reduces how irritated my skin gets.<br /><br />So when I'm coming down with a bad cold, the first thing I do is buy Puffs Plus.",5.0,Health_Household
"Like other reviews, these cases get discoloration and look like crap after only a few months.",1.0,Cell_Phones
Perfect fit!! Great protection!!,5.0,Cell_Phones
Absolutely loved this mirror until it abruptly stopped working. There are no replacement bulbs for this mirror as it is an LED strip. Out of warranty. I had to toss it in the trash. I wish I would’ve read the reviews…,1.0,Beauty_Personal_Care
These fall apart they are definitely not professional grade boards.  Basically one use boards.,1.0,Beauty_Personal_Care
"Well, this unit weights a lot, but I think it is all glue.  First, you can see the cheap particle board overlayed with a plastic veneer.  But, that’s not the worst!  This will take a whole day to put together.  Seriously, I’m overwhelmed.  And, I have put a lot of things together in my lifetime.<br /><br />Trust you found this review honest and helpful:-)",2.0,Home_Kitchen
"I wanted another set of shelves that I could put in a cabinet that's above the stove. I needed the shelves to be a little taller than the things inside the cabinet thus giving me more storage space and letting me see what I actually had in said cabinet. This set did the trick! I made it into two separate shelving units for each side of my cabinet, and it worked out just perfect! And the bonus was that I had no trouble assembling them. I'm not usually one who likes to mess around with assembly, but these were super easy!",5.0,Home_Kitchen
